Name,Vidwan ID,Department,College,Total Citations,H Index,Journal Articles
Prof                                                                                Ranjan Kumar Singh,61109,Department of Physics,Banaras Hindu University,17585,57,960
Prof                                                                                Arvind Kumar,55485,School of Biotechnology,Banaras Hindu University,15840,59,882
Prof                                                                                Rajendra Kumar Singh,43523,Department of Physics,Banaras Hindu University,13058,49,614
Prof                                                                                Anchal Srivastava,61120,Department of Physics,Banaras Hindu University,21042,63,627
Prof                                                                                Arun Kumar Singh,131673,MMV Section of Geography,Banaras Hindu University,17653,58,630
Prof                                                                                Arun Deo Singh,55609,Department of Geology,Banaras Hindu University,13944,56,445
Prof                                                                                Sandeep Kumar,109836,Department of Psychology,Banaras Hindu University,10992,55,556
Dr                                                                                Rakesh K Singh,55481,Department of Biochemistry,Banaras Hindu University,8902,44,524
Dr                                                                                O N Srivastava,60870,Department of Physics,Banaras Hindu University,11106,50,490
Prof                                                                                Shyam Sundar,19749,Institute of Medical Sciences,Banaras Hindu University,26459,79,453
Prof                                                                                Venktesh Singh,61124,Department of Physics,Banaras Hindu University,28926,87,473
Dr                                                                                Ajay Kumar,182949,Department of Physics,Banaras Hindu University,N/A,N/A,472
Prof                                                                                Bhartendu K Singh,61116,Department of Physics,Banaras Hindu University,21692,70,403
Prof                                                                                Om Prakash Mishra,55659,Department of Pediatrics,Banaras Hindu University,1343,19,353
Dr                                                                                Amitava Rakshit,51334,Department of Soil Science & Agricultural Chemistry,Banaras Hindu University,879,15,308
Prof                                                                                Anup Kumar Ghosh,61113,Department of Physics,Banaras Hindu University,7354,42,242
Dr                                                                                manish kumar,113177,Department of Veterinary Physiology & Biochemistry,Banaras Hindu University,6503,36,249
Prof                                                                                Rajendra Prasad Singh,55766,Department of Agronomy,Banaras Hindu University,5726,31,269
Prof                                                                                Harikesh Bahadur Singh,55716,Department of Mycology & Plant Pathology,Banaras Hindu University,6206,43,191
Dr                                                                                Prashant K Srivastava,109726,Department of Environment and Sustainable Development,Banaras Hindu University,5210,38,202
Prof                                                                                V K Dixit,19746,Department of Gastroenterology,Banaras Hindu University,5577,39,247
Prof                                                                                O P Singh,55806,Department of Kaya Chikitsa,Banaras Hindu University,18696,39,218
Prof                                                                                Jitendra Pandey,55496,Department of Botany,Banaras Hindu University,6816,40,210
Prof                                                                                Manoj Pandey,274954,Department of Surgical Oncology,Banaras Hindu University,4315,36,204
Prof                                                                                Maya Shankar Singh,55509,Department of Chemistry,Banaras Hindu University,5794,36,257
Prof                                                                                Nawal Kishore Dubey,55489,Department of Botany,Banaras Hindu University,11066,53,192
Dr                                                                                Pankaj Srivastava,55548,Department of Chemistry,Banaras Hindu University,3694,32,226
Dr                                                                                Ram Swaroop Meena,48444,Department of Agronomy,Banaras Hindu University,3683,33,155
Prof                                                                                Sanjeev Kumar Singh,109570,Department of Physiology,Banaras Hindu University,2767,24,181
Prof                                                                                Surendra Singh,55656,Department of Soil Science & Agricultural Chemistry,Banaras Hindu University,3058,29,215
Prof                                                                                Shashi Pandey,218416,Department of Botany,Banaras Hindu University,2576,32,169
Prof                                                                                Pratyoosh Shukla,58587,School of Biotechnology,Banaras Hindu University,6561,48,92
Prof                                                                                Gopal Nath,19754,Department of Microbiology,Banaras Hindu University,6254,38,201
Prof                                                                                Madhoolika Agrawal,42974,Department of Botany,Banaras Hindu University,8877,45,196
Dr                                                                                Manoj Kumar Singh,112614,Department of Agronomy,Banaras Hindu University,4393,28,177
Prof                                                                                Ramesh Chand,27835,Department of Plant Physiology,Banaras Hindu University,1753,23,197
Prof                                                                                Ram Sagar,55499,Department of Botany,Banaras Hindu University,4380,36,191
Prof                                                                                Yamini Bhusan Tripathi,194356,Department of Medicinal Chemistry,Banaras Hindu University,3227,31,186
Prof                                                                                Biswajit Ray,55519,Department of Chemistry,Banaras Hindu University,3288,29,152
Prof                                                                                Rajeshwar Prasad Sinha,48707,Department of Botany,Banaras Hindu University,7970,43,115
Prof                                                                                Abhay Kumar Singh,61111,Department of Physics,Banaras Hindu University,5550,43,177
Prof                                                                                Arun Kumar Mishra,55494,Department of Botany,Banaras Hindu University,2213,23,172
Dr                                                                                Rohit Sharma,185389,Department of Rasa Shastra,Banaras Hindu University,1171,19,100
Prof                                                                                Shashi Kant Mishra,55792,Department of Mathematics,Banaras Hindu University,1640,21,163
Prof                                                                                RN Kharwar,351231,,Banaras Hindu University,376,11,118
Prof                                                                                Akhilesh Singh Ragubanshi,55622,Department of Environment and Sustainable Development,Banaras Hindu University,4451,37,139
Prof                                                                                Vaibhava Srivastava,55623,Department of Geology,Banaras Hindu University,2790,31,150
Prof                                                                                V K Mishra,55699,Department of Genetics & Plant Breeding,Banaras Hindu University,2161,25,147
Prof                                                                                Birinchi Kumar Sarma,55719,Department of Mycology & Plant Pathology,Banaras Hindu University,3090,32,132
Prof                                                                                Vinod Kumar Srivastava,55785,Department of Agronomy,Banaras Hindu University,1053,15,168
Prof                                                                                Krishna Nand Singh,55513,Department of Chemistry,Banaras Hindu University,9325,50,155
Dr                                                                                Subash Chandra Gupta,109854,Department of Biochemistry,Banaras Hindu University,15702,53,78
Dr                                                                                Sudhakar Srivastava,49062,Department of Environment and Sustainable Development,Banaras Hindu University,5789,39,107
Prof                                                                                Neeraj Kumar Agrawal,18055,Department of Endocrinology,Banaras Hindu University,1410,22,129
Prof                                                                                Rakesh Singh,55818,Department of Agricultural Economics,Banaras Hindu University,1845,24,147
Prof                                                                                Satyendra Kumar Tiwary,178415,Department of General Surgery,Banaras Hindu University,496,10,121
Prof                                                                                Daya Shankar Pandey,49093,Department of Chemistry,Banaras Hindu University,3594,31,150
Prof                                                                                Suresh Kumar Dubey,55498,Department of Botany,Banaras Hindu University,1849,23,116
Dr                                                                                Sarfaraz Alam,55593,Department of Geography,Banaras Hindu University,2669,25,137
Prof                                                                                Sukh Mahendra Singh,20838,School of Biotechnology,Banaras Hindu University,2192,27,139
Prof                                                                                Rajesh Kumar Srivastava,22428,Department of Geology,Banaras Hindu University,930,19,133
Prof                                                                                Arvind Mohan Kayastha,43026,School of Biotechnology,Banaras Hindu University,2683,29,128
Prof                                                                                Rajniti Prasad,55664,Department of Pediatrics,Banaras Hindu University,955,17,112
Prof                                                                                Vivek Kumar Singh,55561,Department of Computer Science,Banaras Hindu University,1875,20,78
Dr                                                                                Rajesh Kumar Singh,55801,Department of Agronomy,Banaras Hindu University,6649,44,110
Dr                                                                                Rajeev Mishra,109748,MMV Section of Bioinformatics,Banaras Hindu University,3698,38,112
Prof                                                                                Vineeta Gupta,55662,Department of Pediatrics,Banaras Hindu University,996,16,107
Prof                                                                                Rajesh Singh,55696,Department of Genetics & Plant Breeding,Banaras Hindu University,1547,21,128
Prof                                                                                Kavita Shah,55628,Department of Environment and Sustainable Development,Banaras Hindu University,5868,42,134
Prof                                                                                K N Singh,109633,Department of Rachana Sharir,Banaras Hindu University,3274,31,136
Prof                                                                                Prakash K Singh,55617,Department of Geology,Banaras Hindu University,2102,27,127
Prof                                                                                Surya K Singh,24019,Department of Endocrinology,Banaras Hindu University,1041,17,96
Dr                                                                                Neha  Garg,358108,Department of Medicinal Chemistry,Banaras Hindu University,1799,26,71
Prof                                                                                Sudhir K Jain,49357,Banaras Hindu University,Banaras Hindu University,2289,25,93
Prof                                                                                Rajesh Kumar Mall,48723,Department of Environment and Sustainable Development,Banaras Hindu University,2121,22,116
Prof                                                                                Arvind Kumar Mishra,55790,Department of Mathematics,Banaras Hindu University,2247,25,128
Prof                                                                                Debabrata Dash,19729,Department of Biochemistry,Banaras Hindu University,4603,34,115
Prof                                                                                N V Chalapathi Rao,42751,Department of Geology,Banaras Hindu University,2183,26,106
Prof                                                                                R S Upadhyaya,55488,Department of Botany,Banaras Hindu University,2584,26,91
Prof                                                                                Vijaya Nath Mishra,109914,Department of Neurology,Banaras Hindu University,444,8,109
Prof                                                                                Bhabani Prasad Mandal,43445,Department of Physics,Banaras Hindu University,1803,23,117
Dr                                                                                Vidhi Nagar,141085,Dance,Banaras Hindu University,N/A,N/A,64
Prof                                                                                Vinod Prasad Singh,55518,Department of Chemistry,Banaras Hindu University,2408,31,122
Prof                                                                                Deepika Joshi,109537,Department of Neurology,Banaras Hindu University,425,9,99
Dr                                                                                Jay Prakash Verma,55639,Department of Environment and Sustainable Development,Banaras Hindu University,3237,27,76
Prof                                                                                Bhaskar Bhattacharya,109474,MMV Section of Physics,Banaras Hindu University,1893,26,100
Prof                                                                                Gyaneshwer Chaubey,109595,Department of Zoology,Banaras Hindu University,2867,24,99
Prof                                                                                Vellaichamy Ganesan,55529,Department of Chemistry,Banaras Hindu University,2568,27,112
Dr                                                                                Om Prakash Singh,351136,Department of Biochemistry,Banaras Hindu University,16733,32,73
Prof                                                                                Rajeev Bhatla,55775,Department of Geophysics,Banaras Hindu University,708,14,105
Prof                                                                                TP Chaturvedi,330941,Department of Dental Sciences,Banaras Hindu University,448,8,109
Prof                                                                                Madhukar Rai,19750,Institute of Medical Sciences,Banaras Hindu University,4259,35,98
Dr                                                                                Deepak Kumar,67581,Department of Microbiology,Banaras Hindu University,747,11,66
Prof                                                                                D. R. Sahu,61018,Department of Mathematics,Banaras Hindu University,1067,17,101
Dr                                                                                Purushothaman Chirakkuzhyil Abilash,55640,Department of Environment and Sustainable Development,Banaras Hindu University,4537,36,71
Prof                                                                                Rakesh Pandey,109786,Department of Psychology,Banaras Hindu University,85,5,104
Dr                                                                                Karuna Shankar Misra,180663,Department of Education,Banaras Hindu University,N/A,N/A,85
Kavita Shah,501936,Institute of Environment and Sustainable Development,Banaras Hindu University,N/A,N/A,35
Prof                                                                                Manoj Kumar Srivastava,55783,Department of Geophysics,Banaras Hindu University,2647,28,96
Prof                                                                                Rajesh Singh,48499,Department of Statistics,Banaras Hindu University,521,12,104
