Name,Vidwan ID,Department,College,Total Citations,H Index,Journal Articles
Dr                                                                                Rajesh Rajagopal,194558,Operations Management and Decision Sciences,"Indian Institute of Management, Tiruchirappalli",1680,20,46
Dr                                                                                Pawan Kumar Singh,56467,Department of Organizational Behavior and Human Resource Management,"Indian Institute of Management, Tiruchirappalli",8,1,18
Dr                                                                                Dharani  Munusamy,517895,Department of Finance and Accounting,"Indian Institute of Management, Tiruchirappalli",283,9,32
Dr                                                                                Saravanan P,80105,Department of Finance and Accounting,"Indian Institute of Management, Tiruchirappalli",135,5,28
Dr                                                                                Papri Nath,56501,Department of Organizational Behavior and Human Resource Management,"Indian Institute of Management, Tiruchirappalli",79,4,15
Dr                                                                                Sajeet  Pradhan,518725,Department of Organizational Behavior and Human Resource Management,"Indian Institute of Management, Tiruchirappalli",680,17,31
Dr                                                                                Srikrishna Madhumohan  Govindaluri,518731,Operations Management and Decision Sciences,"Indian Institute of Management, Tiruchirappalli",755,14,22
Prof                                                                                Sirish Kumar Gouda,59898,Operations Management and Decision Sciences,"Indian Institute of Management, Tiruchirappalli",313,9,13
Dr                                                                                Naresh G,496814,Department of Finance and Accounting,"Indian Institute of Management, Tiruchirappalli",87,4,22
Prof                                                                                Abhishek K. Totawar,56482,Department of Organizational Behavior and Human Resource Management,"Indian Institute of Management, Tiruchirappalli",30,3,17
Dr                                                                                Saumen Majumdar,56512,Department of Economics and Public Policy,"Indian Institute of Management, Tiruchirappalli",145,4,11
Dr                                                                                Jang Bahadur Singh,80111,Information Systems and Analytics,"Indian Institute of Management, Tiruchirappalli",2056,9,11
Dr                                                                                Vijaya V.,59893,Department of Organizational Behavior and Human Resource Management,"Indian Institute of Management, Tiruchirappalli",17,N/A,14
Dr                                                                                Javed Ahmad Bhat,518139,Department of Economics and Public Policy,"Indian Institute of Management, Tiruchirappalli",102,3,17
Prof                                                                                Upam Pushpak Makhecha,59907,Department of Organizational Behavior and Human Resource Management,"Indian Institute of Management, Tiruchirappalli",68,3,6
Prof                                                                                Hari Sreekumar,56493,Department of Marketing,"Indian Institute of Management, Tiruchirappalli",49,4,5
Dr                                                                                Satish S. Maheswarappa,80109,Department of Marketing,"Indian Institute of Management, Tiruchirappalli",228,6,12
Dr                                                                                Godwin Tennyson,59908,Operations Management and Decision Sciences,"Indian Institute of Management, Tiruchirappalli",62,4,11
Dr                                                                                Pravin P Tambe,518457,Operations Management and Decision Sciences,"Indian Institute of Management, Tiruchirappalli",121,4,5
Prof                                                                                Smita P. Chattopadhyay,56517,Department of Organizational Behavior and Human Resource Management,"Indian Institute of Management, Tiruchirappalli",1,1,3
Dr                                                                                Anirban Som,56485,Department of Marketing,"Indian Institute of Management, Tiruchirappalli",26,2,5
Dr                                                                                Gajanand M S,56489,Operations Management and Decision Sciences,"Indian Institute of Management, Tiruchirappalli",117,6,11
Prof                                                                                Manikandan K. S.,56494,Department of Strategy,"Indian Institute of Management, Tiruchirappalli",230,4,7
Dr                                                                                Apoorv Khare,80107,Department of Marketing,"Indian Institute of Management, Tiruchirappalli",73,4,5
Dr                                                                                Meenakshi  N,518357,Department of Marketing,"Indian Institute of Management, Tiruchirappalli",38,3,12
Dr                                                                                 Varun  Mahajan,520186,Department of Economics and Public Policy,"Indian Institute of Management, Tiruchirappalli",126,7,11
Dr                                                                                Bipin Kumar Dixit,56488,Department of Finance and Accounting,"Indian Institute of Management, Tiruchirappalli",10,2,3
Prof                                                                                Karthik Dhandapani,59901,Department of Strategy,"Indian Institute of Management, Tiruchirappalli",89,6,9
Dr                                                                                Ashish  Viswanath Prakash,519604,Information Systems and Analytics,"Indian Institute of Management, Tiruchirappalli",158,7,9
Prof                                                                                Mukundhan  K  V,56495,Department of Strategy,"Indian Institute of Management, Tiruchirappalli",20,3,5
Dr                                                                                Elavazhagan Kannan,61190,Learning Resource Centre,"Indian Institute of Management, Tiruchirappalli",N/A,N/A,5
Dr                                                                                Rishikesan  P,519465,Information Systems and Analytics,"Indian Institute of Management, Tiruchirappalli",140,5,6
Dr                                                                                Gopinath K,519596,Information Systems and Analytics,"Indian Institute of Management, Tiruchirappalli",66,4,4
Prof                                                                                Vinu C. T.,59897,Operations Management and Decision Sciences,"Indian Institute of Management, Tiruchirappalli",19,1,3
Prof                                                                                Suresh Paul Antony,59909,Department of Marketing,"Indian Institute of Management, Tiruchirappalli",20,3,2
Dr                                                                                Ramendra Pratap Singh,519520,Department of Marketing,"Indian Institute of Management, Tiruchirappalli",138,5,6
Dr                                                                                James  Dominic,519538,Department of Finance and Accounting,"Indian Institute of Management, Tiruchirappalli",5,1,6
Dr                                                                                Ajitha  S,519603,Department of Marketing,"Indian Institute of Management, Tiruchirappalli",149,4,5
Dr                                                                                Nithyananda K  V,56499,"Department of Law, Finance and Accounting","Indian Institute of Management, Tiruchirappalli",1,1,2
Dr                                                                                Kshatriya Saranya,518132,Department of Finance and Accounting,"Indian Institute of Management, Tiruchirappalli",24,3,4
Dr                                                                                Perannagari  Krishna Teja,519531,Department of Marketing,"Indian Institute of Management, Tiruchirappalli",79,2,1
Dr                                                                                Suhas  M Avabruth,520196,Department of Finance and Accounting,"Indian Institute of Management, Tiruchirappalli",19,2,3
Dr                                                                                Gopal V,56492,Department of Finance and Accounting,"Indian Institute of Management, Tiruchirappalli",N/A,N/A,2
Dr                                                                                Vasavi  Bhatt,519392,Department of Economics and Public Policy,"Indian Institute of Management, Tiruchirappalli",8,2,2
Dr                                                                                Shalini  V,519415,Department of Finance and Accounting,"Indian Institute of Management, Tiruchirappalli",26,1,1
Dr                                                                                Priyesh  V P,519528,Department of Finance and Accounting,"Indian Institute of Management, Tiruchirappalli",15,2,2
Dr                                                                                Arulanantha Prabu  P M,519599,Operations Management and Decision Sciences,"Indian Institute of Management, Tiruchirappalli",4,1,2
Dr                                                                                Shalini  Parth,519398,Department of Organizational Behavior and Human Resource Management,"Indian Institute of Management, Tiruchirappalli",12,1,N/A
Prof                                                                                Sivakumar S,80119,Operations Management and Decision Sciences,"Indian Institute of Management, Tiruchirappalli",N/A,N/A,N/A
