Name,Vidwan ID,Department,College,Total Citations,H Index,Journal Articles
Prof                                                                                Venkateshan SP,94031,Department of Mechanical Engineering,"Indian Institute of Information Technology, Design and Manufacturing, Kancheepuram",2193,25,118
Dr                                                                                Vijayakumar Krishnasamy,93971,Department of Electronics and Communication Engineering,"Indian Institute of Information Technology, Design and Manufacturing, Kancheepuram",1031,16,80
Dr                                                                                Arul Kumar Mariyappan,463863,Department of Mechanical Engineering,"Indian Institute of Information Technology, Design and Manufacturing, Kancheepuram",238,4,58
Dr                                                                                Kumar Prasannajit Pradhan,93985,Department of Electronics and Communication Engineering,"Indian Institute of Information Technology, Design and Manufacturing, Kancheepuram",854,15,57
Prof                                                                                Sreekumar Muthuswamy,94017,Department of Mechanical Engineering,"Indian Institute of Information Technology, Design and Manufacturing, Kancheepuram",430,9,49
Dr                                                                                Asutosh Kar,93987,Department of Electronics and Communication Engineering,"Indian Institute of Information Technology, Design and Manufacturing, Kancheepuram",504,12,39
Dr                                                                                Chitti Babu B,93967,,"Indian Institute of Information Technology, Design and Manufacturing, Kancheepuram",705,14,24
Dr                                                                                Senthilkumaran Kumaraguru,94019,,"Indian Institute of Information Technology, Design and Manufacturing, Kancheepuram",541,11,25
Dr                                                                                Kishor Kumar Gajrani,229294,Department of Mechanical Engineering,"Indian Institute of Information Technology, Design and Manufacturing, Kancheepuram",721,15,28
Dr                                                                                Priyanka Kokil,93989,Department of Electronics and Communication Engineering,"Indian Institute of Information Technology, Design and Manufacturing, Kancheepuram",518,14,45
Dr                                                                                Noor Mahammad Sk,93959,,"Indian Institute of Information Technology, Design and Manufacturing, Kancheepuram",325,8,24
Dr                                                                                Jayavel S,94013,Department of Mechanical Engineering,"Indian Institute of Information Technology, Design and Manufacturing, Kancheepuram",246,9,43
Dr                                                                                Masilamani Vedhanayagam,93953,Department of Computer Science and Engineering,"Indian Institute of Information Technology, Design and Manufacturing, Kancheepuram",199,7,22
Dr                                                                                Pandiyarasan Veluswamy,93981,Department of Electronics and Communication Engineering,"Indian Institute of Information Technology, Design and Manufacturing, Kancheepuram",950,17,45
Dr                                                                                Raja Balakrishnan,94011,Department of Mechanical Engineering,"Indian Institute of Information Technology, Design and Manufacturing, Kancheepuram",1358,10,43
Dr                                                                                Sivaselvan Balasubramanian,93951,Department of Computer Science and Engineering,"Indian Institute of Information Technology, Design and Manufacturing, Kancheepuram",114,6,15
Dr                                                                                Shunmugham R Pandian,93973,Department of Electronics and Communication Engineering,"Indian Institute of Information Technology, Design and Manufacturing, Kancheepuram",721,11,10
Dr                                                                                Binsu J Kailath,93983,Department of Electronics and Communication Engineering,"Indian Institute of Information Technology, Design and Manufacturing, Kancheepuram",162,7,13
Dr                                                                                N Rino Nelson,229067,Department of Mechanical Engineering,"Indian Institute of Information Technology, Design and Manufacturing, Kancheepuram",19,3,14
Dr                                                                                Selvajyothi Kamakshy,93979,Department of Electronics and Communication Engineering,"Indian Institute of Information Technology, Design and Manufacturing, Kancheepuram",30,4,12
Dr                                                                                M D Selvaraj,93991,Department of Electronics and Communication Engineering,"Indian Institute of Information Technology, Design and Manufacturing, Kancheepuram",233,8,19
Dr                                                                                Jayabal K,94009,Department of Mechanical Engineering,"Indian Institute of Information Technology, Design and Manufacturing, Kancheepuram",43,3,32
Dr                                                                                Premkumar K.,93977,Department of Electronics and Communication Engineering,"Indian Institute of Information Technology, Design and Manufacturing, Kancheepuram",160,6,13
Dr                                                                                Uttam Pal,273012,Sciences and Humanities,"Indian Institute of Information Technology, Design and Manufacturing, Kancheepuram",51,4,9
Dr                                                                                Sanjeet Kumar Nayak,228890,Computer Science and Engineering,"Indian Institute of Information Technology, Design and Manufacturing, Kancheepuram",212,9,23
Dr                                                                                Shubhankar Chakraborty,94005,Department of Mechanical Engineering,"Indian Institute of Information Technology, Design and Manufacturing, Kancheepuram",320,12,31
Dr                                                                                Avinash Kumar,99091,Department of Mechanical Engineering,"Indian Institute of Information Technology, Design and Manufacturing, Kancheepuram",84,5,11
Dr                                                                                Senthilkumaran Kumaraguru,228772,Department of Mechanical Engineering,"Indian Institute of Information Technology, Design and Manufacturing, Kancheepuram",3,1,23
Dr                                                                                Jagadeesh Kakarla,93961,Department of Computer Science and Engineering,"Indian Institute of Information Technology, Design and Manufacturing, Kancheepuram",247,8,15
Dr                                                                                Sadagopan Narasimhan,93955,Department of Computer Science and Engineering,"Indian Institute of Information Technology, Design and Manufacturing, Kancheepuram",42,4,16
Dr                                                                                Prerna Saxena,93969,Department of Electronics and Communication Engineering,"Indian Institute of Information Technology, Design and Manufacturing, Kancheepuram",183,4,8
Dr                                                                                Munesh Singh,93963,Department of Computer Science and Engineering,"Indian Institute of Information Technology, Design and Manufacturing, Kancheepuram",294,12,15
Dr                                                                                Damodharan Perumal,93975,Department of Electronics and Communication Engineering,"Indian Institute of Information Technology, Design and Manufacturing, Kancheepuram",491,8,10
Dr                                                                                Kashfull  Orra,228783,Department of Mechanical Engineering,"Indian Institute of Information Technology, Design and Manufacturing, Kancheepuram",185,7,14
Dr                                                                                Sreenath Reddy Thummaluru,274068,Department of Electronics and Communication Engineering,"Indian Institute of Information Technology, Design and Manufacturing, Kancheepuram",347,10,17
Dr                                                                                Venkata Timmaraju Mallina,93999,,"Indian Institute of Information Technology, Design and Manufacturing, Kancheepuram",90,5,16
Dr                                                                                Pandithevan Ponnusamy,94015,Department of Mechanical Engineering,"Indian Institute of Information Technology, Design and Manufacturing, Kancheepuram",72,4,12
Dr                                                                                Ram Prasad Padhy,229138,Department of Computer Science and Engineering,"Indian Institute of Information Technology, Design and Manufacturing, Kancheepuram",130,5,9
Dr                                                                                Rahul Raman,229367,Department of Computer Science and Engineering,"Indian Institute of Information Technology, Design and Manufacturing, Kancheepuram",110,6,4
Dr                                                                                Kalpana Settu,288202,Department of Electronics and Communication Engineering,"Indian Institute of Information Technology, Design and Manufacturing, Kancheepuram",30,4,12
Dr                                                                                Shahul Hamid Khan B,94021,Department of Mechanical Engineering,"Indian Institute of Information Technology, Design and Manufacturing, Kancheepuram",200,7,12
Dr                                                                                Srijith K.,137483,Department of Electronics and Communication Engineering,"Indian Institute of Information Technology, Design and Manufacturing, Kancheepuram",131,4,4
Dr                                                                                Karthick Subramani,137979,Department of Mechanical Engineering,"Indian Institute of Information Technology, Design and Manufacturing, Kancheepuram",146,6,12
Dr                                                                                PANDIRI VENKATESH,229626,Department of Computer Science and Engineering,"Indian Institute of Information Technology, Design and Manufacturing, Kancheepuram",62,4,9
Gowri Annasamy,316322,Sciences and Humanities,"Indian Institute of Information Technology, Design and Manufacturing, Kancheepuram",164,3,9
Dr                                                                                Siva Prasad AVS,94003,Department of Mechanical Engineering,"Indian Institute of Information Technology, Design and Manufacturing, Kancheepuram",46,3,9
Dr                                                                                Raghavan Santhanam,327778,Department of Computer Science and Engineering,"Indian Institute of Information Technology, Design and Manufacturing, Kancheepuram",74,3,5
Dr                                                                                NAGARAJ M,468651,Department of Mechanical Engineering,"Indian Institute of Information Technology, Design and Manufacturing, Kancheepuram",67,4,9
Dr                                                                                Sudhir Varadarajan,94029,School of Interdisciplinary Design and Innovation,"Indian Institute of Information Technology, Design and Manufacturing, Kancheepuram",6,2,3
Dr                                                                                Preeth R,195121,,"Indian Institute of Information Technology, Design and Manufacturing, Kancheepuram",8,1,5
Mr                                                                                Vivek Kumar Chouhan,231885,Department of Mechanical Engineering,"Indian Institute of Information Technology, Design and Manufacturing, Kancheepuram",168,5,5
Dr                                                                                Vikash Kumar,479165,Department of Mechanical Engineering,"Indian Institute of Information Technology, Design and Manufacturing, Kancheepuram",N/A,N/A,3
Dr                                                                                Umarani Jayaraman,93957,Department of Computer Science and Engineering,"Indian Institute of Information Technology, Design and Manufacturing, Kancheepuram",N/A,N/A,N/A
Dr                                                                                T.S Narayanan,93965,Department of Computer Science and Engineering,"Indian Institute of Information Technology, Design and Manufacturing, Kancheepuram",N/A,N/A,N/A
Dr                                                                                Karthic Narayanan R,94007,Department of Mechanical Engineering,"Indian Institute of Information Technology, Design and Manufacturing, Kancheepuram",N/A,N/A,N/A
Prof                                                                                Narayanan S,94025,Department of Mechanical Engineering,"Indian Institute of Information Technology, Design and Manufacturing, Kancheepuram",N/A,N/A,N/A
Dr                                                                                Raguraman Munusamy,94027,Department of Mechanical Engineering,"Indian Institute of Information Technology, Design and Manufacturing, Kancheepuram",N/A,N/A,N/A
Hariharan Seshadri,273001,Electronics and Communication,"Indian Institute of Information Technology, Design and Manufacturing, Kancheepuram",N/A,N/A,N/A
Jaishree Mayank,321547,CSE,"Indian Institute of Information Technology, Design and Manufacturing, Kancheepuram",N/A,N/A,N/A
