Name,Vidwan ID,Department,College,Total Citations,H Index,Journal Articles
Dr                                                                                Venugopal S. Venugopal,258650,Department of Electrical and Electronics Engineering,"National Institute of Technology, Nagaland",2837,29,107
Dr                                                                                Dushmanta Kumar Das,108615,Department of Electrical and Electronics Engineering,"National Institute of Technology, Nagaland",653,13,75
Dr                                                                                R. Kumar,108628,Department of Electronics and Instrumentation Engineering,"National Institute of Technology, Nagaland",1086,14,89
Dr                                                                                Jyoti Prasad Borah,108634,Department of Science and Humanities,"National Institute of Technology, Nagaland",1063,17,95
Dr                                                                                P Chinnamuthu,108622,Department of Electronics and Communication Engineering,"National Institute of Technology, Nagaland",416,12,44
Dr                                                                                Naorem Khelchand Singh,108624,Department of Electronics and Communication Engineering,"National Institute of Technology, Nagaland",475,13,50
Dr                                                                                Jay Chandra Dhar,108625,Department of Electronics and Communication Engineering,"National Institute of Technology, Nagaland",728,17,52
Dr                                                                                Amrit  Puzari,108635,Department of Science and Humanities,"National Institute of Technology, Nagaland",368,10,51
Dr                                                                                Jhimli  Bhattacharyya,108636,Department of Science and Humanities,"National Institute of Technology, Nagaland",385,11,47
Dr                                                                                Debadatta  Pati,108623,Department of Electronics and Communication Engineering,"National Institute of Technology, Nagaland",289,10,16
Dr                                                                                Manoj Kumar Patel,108639,Department of Science and Humanities,"National Institute of Technology, Nagaland",9,2,28
Dr                                                                                Debarun Dhar Purkayastha,108640,Department of Science and Humanities,"National Institute of Technology, Nagaland",395,13,33
Dr                                                                                Dipu  Sarkar,108616,Department of Electrical and Electronics Engineering,"National Institute of Technology, Nagaland",178,8,30
Dr                                                                                Alaguraja K,310263,,"National Institute of Technology, Nagaland",N/A,N/A,34
Dr                                                                                Themrichon  Tuithung,108607,Department of Computer Science and Engineering,"National Institute of Technology, Nagaland",190,8,19
Dr                                                                                Arambam  Neelima,108609,Department of Computer Science and Engineering,"National Institute of Technology, Nagaland",107,6,14
Dr                                                                                Shouvik  Dey,108608,Department of Computer Science and Engineering,"National Institute of Technology, Nagaland",91,3,12
Dr                                                                                Thingujam Jackson Singh,108632,Department of Mechanical Engineering,"National Institute of Technology, Nagaland",235,5,14
Dr                                                                                Amit Kumar Singh,108633,Department of Mechanical Engineering,"National Institute of Technology, Nagaland",135,7,11
Dr                                                                                Prem Prakash  Mishra,108638,Department of Science and Humanities,"National Institute of Technology, Nagaland",50,4,15
Dr                                                                                V. Guru Prathap  Reddy,452653,Department of Civil Engineering,"National Institute of Technology, Nagaland",44,4,11
Dr                                                                                Madhusudan  Singh,108627,Department of Electronics and Communication Engineering,"National Institute of Technology, Nagaland",61,5,4
Dr                                                                                M Prakash,108618,,"National Institute of Technology, Nagaland",16,3,2
Dr                                                                                Daijiry Narzary,450966,Department of Electronics and Instrumentation Engineering,"National Institute of Technology, Nagaland",82,3,4
Dr                                                                                Shambhu Kumar Mahato,454475,Department of Mechanical Engineering,"National Institute of Technology, Nagaland",N/A,N/A,7
Dr                                                                                J  Arul Valan,108610,Department of Computer Science and Engineering,"National Institute of Technology, Nagaland",24,3,3
Dr                                                                                Dilwar Hussain Mazumder,108612,Department of Computer Science and Engineering,"National Institute of Technology, Nagaland",21,1,5
Dr                                                                                Biswajit Barman,450540,Department of Electronics and Instrumentation Engineering,"National Institute of Technology, Nagaland",46,5,8
Dr                                                                                D Ganga,108617,Department of Electrical and Electronics Engineering,"National Institute of Technology, Nagaland",36,2,4
Dr                                                                                B Shakila,108619,Department of Electrical and Electronics Engineering,"National Institute of Technology, Nagaland",14,3,1
Dr                                                                                Palungbam Roji Chanu,108626,Department of Electronics and Communication Engineering,"National Institute of Technology, Nagaland",33,3,3
Dr                                                                                A  Wati Walling,108637,Department of Science and Humanities,"National Institute of Technology, Nagaland",N/A,N/A,5
Dr                                                                                Pankaj Kumar,269332,Department of Civil Engineering,"National Institute of Technology, Nagaland",83,4,4
Dr                                                                                Nagaraju  Baydeti,108611,Department of Computer Science and Engineering,"National Institute of Technology, Nagaland",N/A,N/A,3
Dr                                                                                Lithungo  Murry,108613,Department of Computer Science and Engineering,"National Institute of Technology, Nagaland",3,1,2
Mr                                                                                Swaraj  Banerjee,108620,Department of Electrical and Electronics Engineering,"National Institute of Technology, Nagaland",5,1,4
Dr                                                                                Dhanesh Sing  Das,454468,Department of Civil Engineering,"National Institute of Technology, Nagaland",38,3,5
Dr                                                                                Nzanthung Ngullie,108603,Department of Civil Engineering,"National Institute of Technology, Nagaland",14,2,3
Dr                                                                                Sibesh  Lodh,108614,Department of Computer Science and Engineering,"National Institute of Technology, Nagaland",1,N/A,1
Dr                                                                                Bikash Sarma,310382,Datacenter Department,"National Institute of Technology, Nagaland",12,2,3
Mr                                                                                Rosang  Pongen,108631,Department of Mechanical Engineering,"National Institute of Technology, Nagaland",10,1,2
Dr                                                                                Yagom  Gapak,108605,Department of Civil Engineering,"National Institute of Technology, Nagaland",N/A,N/A,N/A
Dr                                                                                N  Maheshkumar Singh,108606,Department of Civil Engineering,"National Institute of Technology, Nagaland",N/A,N/A,N/A
Prof                                                                                Venugopal Srinivasan,329892,Department of Mechanical Engineering,"National Institute of Technology, Nagaland",N/A,N/A,N/A
