Name,Vidwan ID,Department,College,Total Citations,H Index,Journal Articles
Prof                                                                                Rahul Mukerjee,56046,Operations Management,Indian Institute of Management Calcutta,1854,23,202
Dr                                                                                Debashis Saha,56008,Management Information Systems,Indian Institute of Management Calcutta,1685,17,62
Prof                                                                                Subrata Mitra,56051,Operations Management,Indian Institute of Management Calcutta,2252,26,86
Prof                                                                                Ravindran Rajesh Babu,55995,Public Policy and Management,Indian Institute of Management Calcutta,51,3,34
Prof                                                                                Ashis K Chatterjee,56034,Operations Management,Indian Institute of Management Calcutta,383,12,68
Dr                                                                                Ramendra Singh,102369,Marketing,Indian Institute of Management Calcutta,725,14,41
Dr                                                                                Priya Seetharaman,56015,Management Information Systems,Indian Institute of Management Calcutta,674,9,17
Dr                                                                                Rahul Roy,56016,Management Information Systems,Indian Institute of Management Calcutta,462,11,16
Dr                                                                                Manisha Chakrabarty,55984,Economics,Indian Institute of Management Calcutta,131,7,40
Prof                                                                                Balram Avittathur,56036,Operations Management,Indian Institute of Management Calcutta,695,11,29
Dr                                                                                Nimruji Prasad Jammulamadaka,55969,Organizational Behavior,Indian Institute of Management Calcutta,105,7,18
Prof                                                                                Biju Paul Abraham,55988,Public Policy and Management,Indian Institute of Management Calcutta,238,2,21
Dr                                                                                Samit Paul,102363,Finance and Control,Indian Institute of Management Calcutta,168,8,26
Dr                                                                                Sumanta Basu,102378,Operations Management,Indian Institute of Management Calcutta,116,6,18
Dr                                                                                Parthapratim Pal,55989,Economics,Indian Institute of Management Calcutta,73,4,8
Dr                                                                                Megha Sharma,102379,Operations Management,Indian Institute of Management Calcutta,104,6,15
Dr                                                                                Runa Sarkar,55990,Economics,Indian Institute of Management Calcutta,131,5,12
Dr                                                                                Biswatosh Saha,55974,Strategic Management,Indian Institute of Management Calcutta,165,6,13
Prof                                                                                Rajesh Bhattacharya,55997,Public Policy and Management,Indian Institute of Management Calcutta,235,5,8
Dr                                                                                Ritu Mehta,102375,Marketing,Indian Institute of Management Calcutta,244,8,14
Dr                                                                                Rajiv Kumar,55970,Organizational Behavior,Indian Institute of Management Calcutta,67,5,14
Dr                                                                                Devi Vijay,102382,Organizational Behavior,Indian Institute of Management Calcutta,101,7,13
Dr                                                                                Koushiki Choudhury,56032,Marketing,Indian Institute of Management Calcutta,259,9,15
Prof                                                                                Peeyush Mehta,56044,Operations Management,Indian Institute of Management Calcutta,196,8,15
Dr                                                                                Saikat Maitra,102384,Public Policy and Management,Indian Institute of Management Calcutta,109,8,13
Dr                                                                                Saravana Jaikumar L,102371,Marketing,Indian Institute of Management Calcutta,236,8,15
Dr                                                                                Tanika Chakraborty,102360,Economics,Indian Institute of Management Calcutta,186,6,12
Dr                                                                                Sudhakara Reddy Syamala,102364,Finance and Control,Indian Institute of Management Calcutta,79,6,14
Dr                                                                                Soumyakanti Chakraborty,102368,Management Information Systems,Indian Institute of Management Calcutta,60,4,9
Dr                                                                                Leena Chatterjee,55968,Organizational Behavior,Indian Institute of Management Calcutta,163,6,10
Dr                                                                                Pragyan Rath,55976,Business Ethics and Communication,Indian Institute of Management Calcutta,109,5,6
Dr                                                                                Conan Mukherjee,102359,Economics,Indian Institute of Management Calcutta,34,3,12
Dr                                                                                Apoorva Bharadwaj,55972,Business Ethics and Communication,Indian Institute of Management Calcutta,8,2,9
Dr                                                                                Dharma Raju Bathini,102366,Human Resource Management,Indian Institute of Management Calcutta,105,6,8
Prof                                                                                Sourav Bhattacharya,102380,Economics,Indian Institute of Management Calcutta,181,6,11
Dr                                                                                Debabrata Chatterjee,102381,Organizational Behavior,Indian Institute of Management Calcutta,103,6,11
Dr                                                                                Randhir Kumar,102367,Human Resource Management,Indian Institute of Management Calcutta,59,3,7
Prof                                                                                Ramya Tarakad Venkateswaran,102388,Strategic Management,Indian Institute of Management Calcutta,40,3,8
Dr                                                                                Arijit Sen,55981,Economics,Indian Institute of Management Calcutta,102,4,5
Prof                                                                                V K Unni,56002,Public Policy and Management,Indian Institute of Management Calcutta,6,1,4
Dr                                                                                Amit Dhiman,56003,Human Resource Management,Indian Institute of Management Calcutta,46,4,6
Dr                                                                                Anirvan Pant,102390,Strategic Management,Indian Institute of Management Calcutta,309,5,3
Dr                                                                                Abhishek Goel,55965,Organizational Behavior,Indian Institute of Management Calcutta,6,1,3
Dr                                                                                Mritiunjoy Mohanty,55985,Economics,Indian Institute of Management Calcutta,11,2,3
Dr                                                                                Chetan Joshi,55967,Organizational Behavior,Indian Institute of Management Calcutta,115,4,4
Dr                                                                                Vidyanand Jha,55971,Organizational Behavior,Indian Institute of Management Calcutta,6,2,3
Dr                                                                                Kaushik Roy,102387,Strategic Management,Indian Institute of Management Calcutta,49,3,5
Dr                                                                                Sudhir S. Jaiswall,102362,Finance and Control,Indian Institute of Management Calcutta,31,2,5
Dr                                                                                Aditi Bhutoria,102383,Public Policy and Management,Indian Institute of Management Calcutta,61,4,5
Dr                                                                                Arnab Bhattacharya,102361,Finance and Control,Indian Institute of Management Calcutta,10,2,3
Dr                                                                                Vivek Rajvanshi,102365,Finance and Control,Indian Institute of Management Calcutta,N/A,N/A,2
Dr                                                                                Manju Jaiswall,55999,Finance and Control,Indian Institute of Management Calcutta,15,N/A,1
Prof                                                                                Prafulla Y Agnihotri,56037,,Indian Institute of Management Calcutta,N/A,N/A,N/A
Dr                                                                                Vipul Mathur,102358,Economics,Indian Institute of Management Calcutta,N/A,N/A,N/A
Dr                                                                                Suren Sista,102370,Marketing,Indian Institute of Management Calcutta,N/A,N/A,N/A
