Name,Vidwan ID,Department,College,Total Citations,H Index,Journal Articles
Prof                                                                                Gagan Bihari Nityananda Chainy,64497,Department of Zoology,Utkal University,4661,35,150
Prof                                                                                Sukanta Kumar Nanda,447991,Department of Law,Utkal University,2,1,56
Dr                                                                                Mrutyunjaya Panda,374101,Department of Computer Science and Applications,Utkal University,741,15,25
Dr                                                                                Rudranarayan Mohapatra,153105,Department of Odia,Utkal University,38,N/A,39
Mr                                                                                Laxman Majhi,338763,Department of Sanskrit,Utkal University,N/A,N/A,44
Dr                                                                                Satyanarayan Pal,387080,Department of Chemistry,Utkal University,388,8,30
Dr                                                                                Prafulla Kumar Swain,161218,Department of Statistics,Utkal University,185,7,24
Prof                                                                                Jagneshwar Dandapat,256960,Department of Biotechnology,Utkal University,422,8,19
Dr                                                                                Niranjan Sabar,339109,Department of Sanskrit,Utkal University,N/A,N/A,16
Dr                                                                                Dharmendra Das,346517,Department of Sanskrit,Utkal University,N/A,N/A,18
Dr                                                                                Srinivas Acharya,365152,Department of Environmental Science,Utkal University,166,7,13
Dr                                                                                Bhabatarini Panda,199329,Department of Botany,Utkal University,570,8,12
Dr                                                                                Santiswarup Sahoo,374098,Department of Geology,Utkal University,178,6,8
Dr                                                                                Biswajit Mallick,495605,Department of English,Utkal University,20,2,4
Mr                                                                                Nalinikanta Routray,282008,Department of Computer Science and Applications,Utkal University,9,2,1
Dr                                                                                Papesh Kumar Lenka,508638,Department of Sociology,Utkal University,N/A,N/A,2
Prof                                                                                Sudhir Chandra Patra,175271,Department of Management,Utkal University,N/A,N/A,1
Mr                                                                                Raghunath Das,414666,Department of Sociology,Utkal University,N/A,N/A,N/A
Dr.                                                                                Pushpa Khare,23140,Department of Physics,Utkal University,N/A,N/A,N/A
Dr                                                                                Deepak Kumar Basa,23499,Department of Physics,Utkal University,N/A,N/A,N/A
Dr.                                                                                Naresh Chandra Mishra,23516,Department of Physics,Utkal University,N/A,N/A,N/A
Dr.                                                                                Ranjan Kumar Bal,29508,Department of Commerce,Utkal University,N/A,N/A,N/A
Dr.                                                                                Pradipta Kishore Das,31951,Department of Anthropology,Utkal University,N/A,N/A,N/A
Dr.                                                                                Kishor K Basa,31952,Department of Anthropology,Utkal University,N/A,N/A,N/A
Dr.                                                                                Jagannath Dash,39369,Department of Anthropology,Utkal University,N/A,N/A,N/A
Dr                                                                                Moharana Samson,44302,Department of Commerce,Utkal University,N/A,N/A,N/A
Prof                                                                                Narottam Gaan,44345,Department of Political Science,Utkal University,N/A,N/A,N/A
Mr                                                                                Gautam Kumar,232114,University Department of Teacher Education,Utkal University,N/A,N/A,N/A
Prof                                                                                Surekha Sundari Swain,286039,Department of Education,Utkal University,N/A,N/A,N/A
Prof                                                                                Sanjaya Kumar Sarangi,346592,Department of Computer Science and Applications,Utkal University,N/A,N/A,N/A
Dr                                                                                Paramananda Naik,352496,Department of Anthropology,Utkal University,N/A,N/A,N/A
Ms                                                                                Aradhana Kar,355953,Department of Computer Science and Applications,Utkal University,N/A,N/A,N/A
Prof                                                                                Asima Ranjan Parhi,374092,Department of English,Utkal University,N/A,N/A,N/A
Dr                                                                                Saroj Kumar Sahi,374096,Department of Botany,Utkal University,N/A,N/A,N/A
Prof                                                                                Shreerup Goswami,374097,Department of Geology,Utkal University,N/A,N/A,N/A
Mr                                                                                Deviprasad Dash,495741,Department of Public Administration,Utkal University,N/A,N/A,N/A
Prof                                                                                Sabita Acharya,496027,Department of Anthropology,Utkal University,N/A,N/A,N/A
Dr                                                                                Jyotsnarani Pradhan,502625,Department of Biotechnology,Utkal University,N/A,N/A,N/A
Mrs                                                                                Ashapurna Priyadarshini Nayak,505609,Library,Utkal University,N/A,N/A,N/A
Mr                                                                                Sumant Sethy,505610,Library,Utkal University,N/A,N/A,N/A
Dr                                                                                Mitali Chinara,505638,Department of Analytical and Applied Economics,Utkal University,N/A,N/A,N/A
Dr                                                                                Himanshu Sekhar Rout,505643,Department of Analytical and Applied Economics,Utkal University,N/A,N/A,N/A
Dr                                                                                Siba Sankar Mohanty,505690,Department of Analytical and Applied Economics,Utkal University,N/A,N/A,N/A
Dr                                                                                Alok Ranjan Behera,505693,Department of Analytical and Applied Economics,Utkal University,N/A,N/A,N/A
Dr                                                                                Atal Behari Das,505695,Department of Analytical and Applied Economics,Utkal University,N/A,N/A,N/A
Dr                                                                                Swayam Prava Mishra,505699,Department of Analytical and Applied Economics,Utkal University,N/A,N/A,N/A
Dr                                                                                Kedarsen Sahoo,505702,Department of Analytical and Applied Economics,Utkal University,N/A,N/A,N/A
Mr                                                                                Sankar Marandi,505708,Department of Analytical and Applied Economics,Utkal University,N/A,N/A,N/A
Mr                                                                                Barendra Kumar Bhoi,505714,Department of Analytical and Applied Economics,Utkal University,N/A,N/A,N/A
Dr                                                                                Upali Aparajita,505728,Department of Anthropology,Utkal University,N/A,N/A,N/A
Dr                                                                                P K Patra,506071,Department of Anthropology,Utkal University,N/A,N/A,N/A
Dr                                                                                Kanhu Charan Satapathy,506072,Department of Anthropology,Utkal University,N/A,N/A,N/A
Dr                                                                                Priyanka Khurana,506076,Department of Anthropology,Utkal University,N/A,N/A,N/A
Mr                                                                                Subrat Kumar Naik,506077,Department of Anthropology,Utkal University,N/A,N/A,N/A
Dr                                                                                J Dandapat,506079,Department of Biotechnology,Utkal University,N/A,N/A,N/A
Dr                                                                                Sanatan Majhi,506083,Department of Biotechnology,Utkal University,N/A,N/A,N/A
Dr                                                                                Chinmay Pradhan,506086,Department of Botany,Utkal University,N/A,N/A,N/A
Dr                                                                                Bandana Kullu,506092,Department of Botany,Utkal University,N/A,N/A,N/A
Dr                                                                                Muna Kalyani,506099,Department of Business Administration,Utkal University,N/A,N/A,N/A
Dr                                                                                Satyaswaroop Debasish,506101,Department of Business Administration,Utkal University,N/A,N/A,N/A
Dr                                                                                Dasarathi Sahu,506104,Department of Business Administration,Utkal University,N/A,N/A,N/A
Dr                                                                                Rashmita Sahu,506106,Department of Business Administration,Utkal University,N/A,N/A,N/A
Dr                                                                                Nigamananda Das,507376,Department of Chemistry,Utkal University,N/A,N/A,N/A
Dr                                                                                Jasoda Behera,507379,Department of Chemistry,Utkal University,N/A,N/A,N/A
Dr                                                                                Sushant Kumar Badamali,507381,Department of Chemistry,Utkal University,N/A,N/A,N/A
Dr                                                                                Joydev Dinda,507386,Department of Chemistry,Utkal University,N/A,N/A,N/A
Dr                                                                                Bijayalaxmi Jena,507399,Department of Chemistry,Utkal University,N/A,N/A,N/A
Dr                                                                                Ajay Kumar Behera,507402,Department of Chemistry,Utkal University,N/A,N/A,N/A
Dr                                                                                Rabindra Kumar Swain,507410,Department of Commerce,Utkal University,N/A,N/A,N/A
Dr                                                                                Haraprasad Naik,507415,Department of Computer Science and Applications,Utkal University,N/A,N/A,N/A
Dr                                                                                Biswojit Nayak,507418,Department of Computer Science and Applications,Utkal University,N/A,N/A,N/A
Dr                                                                                Nibedita Adhikari,507422,Department of Computer Science and Applications,Utkal University,N/A,N/A,N/A
Dr                                                                                Pulastya Jani,507438,Department of English,Utkal University,N/A,N/A,N/A
Dr                                                                                S Deepika,507439,Department of English,Utkal University,N/A,N/A,N/A
Prof                                                                                Kabir Mohan Sethy,507515,Department of Geography,Utkal University,N/A,N/A,N/A
Dr                                                                                Krishna Chandra Rath,507517,Department of Geography,Utkal University,N/A,N/A,N/A
Dr                                                                                Ashis Chandra Pathy,507523,Department of Geography,Utkal University,N/A,N/A,N/A
Dr                                                                                Damodar Panda,507527,Department of Geography,Utkal University,N/A,N/A,N/A
Dr                                                                                Rumana Khatun,507533,Department of Geography,Utkal University,N/A,N/A,N/A
Dr                                                                                Durga Shankar Pattanaik,507546,Department of Geology,Utkal University,N/A,N/A,N/A
Dr                                                                                Nandita Mahanta,507558,Department of Geology,Utkal University,N/A,N/A,N/A
Dr                                                                                Devananda Beura,507560,Department of Geology,Utkal University,N/A,N/A,N/A
Ms                                                                                Ananya Divyadarshini,507570,Department of Geology,Utkal University,N/A,N/A,N/A
Mr                                                                                Suren Nayak,507572,Department of Geology,Utkal University,N/A,N/A,N/A
Dr                                                                                Jayanti Dora,507575,Department of History,Utkal University,N/A,N/A,N/A
Dr                                                                                Ajit Kumar Sahoo,507576,Department of History,Utkal University,N/A,N/A,N/A
Dr                                                                                M K Sadual,507582,Department of Law,Utkal University,N/A,N/A,N/A
Dr                                                                                Gyanendra Kumar Sahu,507588,Department of Law,Utkal University,N/A,N/A,N/A
Dr                                                                                Anasuya Nath,507600,Department of English,Utkal University,N/A,N/A,N/A
Dr                                                                                Anpa Marndi,507605,Department of Odia,Utkal University,N/A,N/A,N/A
Dr                                                                                Saroj Kanta Kar,508490,Department of Philosophy,Utkal University,N/A,N/A,N/A
Dr                                                                                Nandini Mishra,508492,Department of Philosophy,Utkal University,N/A,N/A,N/A
Dr                                                                                Sudhakar Jally,508496,Department of Philosophy,Utkal University,N/A,N/A,N/A
Dr                                                                                Manoranjan Mallick,508497,Department of Philosophy,Utkal University,N/A,N/A,N/A
Dr                                                                                Pragyanparamita Mohapatra,508500,Department of Philosophy,Utkal University,N/A,N/A,N/A
Dr                                                                                Kabita Das,508501,Department of Philosophy,Utkal University,N/A,N/A,N/A
Dr                                                                                Bijaya Kumar Sundaray,508508,Department of Personnel Management and Industrial Relations,Utkal University,N/A,N/A,N/A
Dr                                                                                Madhuchhanda Mohanty,508509,Department of Personnel Management and Industrial Relations,Utkal University,N/A,N/A,N/A
Dr                                                                                Sumitra Murmu,508511,Department of Personnel Management and Industrial Relations,Utkal University,N/A,N/A,N/A
Dr                                                                                Kartik Chandra Das,508514,Department of Personnel Management and Industrial Relations,Utkal University,N/A,N/A,N/A
