Name,Vidwan ID,Department,College,Total Citations,H Index,Journal Articles
Prof                                                                                Chander Prakash,239589,,"Chitkara University, Punjab",7159,48,398
Dr                                                                                Rahul Pandey,245694,Chitkara University Research and Innovation Network,"Chitkara University, Punjab",2578,28,195
Dr                                                                                Thakur Gurjeet Singh,383169,Chitkara College of Pharmacy,"Chitkara University, Punjab",2554,27,150
Dr                                                                                Amit Mittal,383861,Chitkara Business School,"Chitkara University, Punjab",629,14,145
Prof                                                                                Surya Narayan Panda,165111,Research,"Chitkara University, Punjab",615,13,101
Prof                                                                                Amarjot Grewal,381433,Chitkara College of Pharmacy,"Chitkara University, Punjab",924,18,17
Dr                                                                                Sandhir Sharma,171543,Chitkara Business School,"Chitkara University, Punjab",286,9,75
Dr                                                                                Raj Gaurang Tiwari,119677,Department of Computer Science and Engineering,"Chitkara University, Punjab",444,13,39
Dr                                                                                Ayush Dogra,383777,Chitkara University Research and Innovation Network,"Chitkara University, Punjab",1487,21,88
Dr                                                                                Ankit Bansal,167310,Academic Affairs,"Chitkara University, Punjab",338,11,16
Mr                                                                                Jaiteg Singh Khaira,381499,Department of Computer Applications,"Chitkara University, Punjab",715,14,50
Prof                                                                                Inderbir Singh,151817,Chitkara College of Pharmacy,"Chitkara University, Punjab",1542,23,77
Dr                                                                                Jaya Madan,383841,Department of Electronics and Communication Engineering,"Chitkara University, Punjab",2451,28,82
Dr                                                                                Vinay Kukreja,383762,Department of Computer Science and Engineering,"Chitkara University, Punjab",889,16,28
Dr                                                                                Amandeep Singh,171614,Chitkara Business School,"Chitkara University, Punjab",101,6,74
Dr                                                                                Monika Gupta,337465,Chitkara Business School,"Chitkara University, Punjab",17,3,5
Dr                                                                                Manjinder Singh,381378,Chitkara College of Pharmacy,"Chitkara University, Punjab",1581,16,30
Prof                                                                                Chander Prabha,479856,Chitkara University Institute of Engineering and Technology,"Chitkara University, Punjab",111,5,26
Dr                                                                                Jitendra Kumar Katiyar,305952,,"Chitkara University, Punjab",737,14,55
Dr                                                                                Bhisham Sharma,383848,Chitkara University Research and Innovation Network,"Chitkara University, Punjab",1550,23,43
Dr                                                                                Gaganpreet Kaur,381699,Department of Computer Science and Engineering,"Chitkara University, Punjab",174,7,20
Dr                                                                                Anju Goyal,381385,Chitkara College of Pharmacy,"Chitkara University, Punjab",292,8,23
Dr                                                                                Amit Kumar,381440,Chitkara College of Pharmacy,"Chitkara University, Punjab",395,12,64
Dr                                                                                Somdutt Mujwar,185525,Chitkara College of Pharmacy,"Chitkara University, Punjab",977,21,61
Dr                                                                                Naveen Kumar,228471,Chitkara University Research and Innovation Network,"Chitkara University, Punjab",211,9,18
Ms                                                                                Rupinder Kaur,381391,Chitkara College of Pharmacy,"Chitkara University, Punjab",385,12,41
Dr                                                                                Rajwinder Kaur,381397,Chitkara College of Pharmacy,"Chitkara University, Punjab",785,13,27
Dr                                                                                Rajni Bala,381415,Chitkara College of Pharmacy,"Chitkara University, Punjab",3,2,3
Dr                                                                                Saravjeet Singh,381804,Department of Computer Science and Engineering,"Chitkara University, Punjab",74,5,10
Dr                                                                                Deepam Goyal,381516,Department of Mechanical Engineering,"Chitkara University, Punjab",1284,18,36
Dr                                                                                Poonam Jindal,381829,Department of Electronics and Communication Engineering,"Chitkara University, Punjab",404,10,23
Dr                                                                                Amanpreet Kaur,383855,Chitkara University Research and Innovation Network,"Chitkara University, Punjab",212,9,8
Dr                                                                                Manish Kumar,332226,Chitkara College of Pharmacy,"Chitkara University, Punjab",311,10,46
Dr                                                                                Teenu Sharma,381426,Chitkara College of Pharmacy,"Chitkara University, Punjab",382,12,24
Prof                                                                                Arun Upmanyu,381497,Department of Applied Sciences,"Chitkara University, Punjab",85,5,39
Prof                                                                                Rakesh Goyal,383770,Department of Mechanical Engineering,"Chitkara University, Punjab",245,9,31
Dr                                                                                Arun Aggarwal,383868,Chitkara Business School,"Chitkara University, Punjab",580,11,44
Dr                                                                                Harmeet Kaur Kang,182136,,"Chitkara University, Punjab",59,4,39
Dr                                                                                Balraj Saini,381380,Chitkara College of Pharmacy,"Chitkara University, Punjab",251,9,17
Dr                                                                                Atul Garg,383225,Department of Computer Science and Engineering,"Chitkara University, Punjab",122,7,13
Dr                                                                                Ruchi Mittal,381580,Department of Computer Applications,"Chitkara University, Punjab",129,6,15
Dr                                                                                Harsimran Jit Kaur,381737,Department of Electronics and Communication Engineering,"Chitkara University, Punjab",58,4,20
Dr                                                                                Pooja Mittal,381434,Chitkara College of Pharmacy,"Chitkara University, Punjab",720,15,21
Dr                                                                                Kamali Singla,381501,Department of Computer Science and Engineering,"Chitkara University, Punjab",205,9,21
Dr                                                                                Rajeev Kumar,381910,Department of Electronics and Communication Engineering,"Chitkara University, Punjab",226,8,26
Dr                                                                                Urvashi Tandon,384081,Chitkara Business School,"Chitkara University, Punjab",548,13,32
Dr                                                                                Madhukar Garg,381387,Chitkara College of Pharmacy,"Chitkara University, Punjab",325,7,10
Dr                                                                                Neeraj Mittal,381388,Chitkara College of Pharmacy,"Chitkara University, Punjab",268,6,9
Dr                                                                                Akhilesh Kumar,382105,Department of Civil Engineering,"Chitkara University, Punjab",175,6,24
Dr                                                                                Shivani Malhotra,381717,Chitkara University Institute of Engineering and Technology,"Chitkara University, Punjab",87,5,8
Dr                                                                                Vatsala Anand,383766,Chitkara University Research and Innovation Network,"Chitkara University, Punjab",206,9,10
Dr                                                                                Neeraj Anand,97053,Chitkara Business School,"Chitkara University, Punjab",349,8,19
Dr                                                                                Pradeepta Sarangi,381684,Department of Computer Science and Engineering,"Chitkara University, Punjab",168,7,8
Dr                                                                                Chander Parkash,381377,Chitkara College of Pharmacy,"Chitkara University, Punjab",952,15,26
Dr                                                                                Varsha Singh,383870,Chitkara University Research and Innovation Network,"Chitkara University, Punjab",57,4,8
Dr                                                                                Rashmi Arora,381471,Chitkara College of Pharmacy,"Chitkara University, Punjab",463,11,28
Dr                                                                                Lipika Gupta,381789,Department of Electronics and Communication Engineering,"Chitkara University, Punjab",26,3,5
Dr                                                                                Rajesh Kumar,129053,Department of Mechanical Engineering,"Chitkara University, Punjab",416,10,20
Dr                                                                                Samrat Chauhan,187337,Chitkara College of Pharmacy,"Chitkara University, Punjab",93,7,12
Prof                                                                                Satyam Agrawal,383822,Chitkara University Research and Innovation Network,"Chitkara University, Punjab",708,14,30
Dr                                                                                Jignesh Soni,381393,Chitkara College of Pharmacy,"Chitkara University, Punjab",173,6,14
Prof                                                                                Reetu Malhotra,381833,Department of Applied Sciences,"Chitkara University, Punjab",174,8,9
Dr                                                                                Veeramanickam M R M,148374,Department of Computer Science and Engineering,"Chitkara University, Punjab",217,8,14
Dr                                                                                Babita Singla,171870,Chitkara Business School,"Chitkara University, Punjab",50,4,19
Dr                                                                                Abhineet Saini,382820,Department of Mechatronics Engineering,"Chitkara University, Punjab",212,9,14
Dr                                                                                Vandna Sharma,381635,Department of Applied Sciences,"Chitkara University, Punjab",347,11,13
Dr                                                                                Manish Sharma,381703,Chitkara University Research and Innovation Network,"Chitkara University, Punjab",33,3,27
Dr                                                                                Kumar Shalender,300907,Chitkara Business School,"Chitkara University, Punjab",241,9,15
Dr                                                                                Onkar Bedi,381408,Chitkara College of Pharmacy,"Chitkara University, Punjab",487,13,11
Dr                                                                                Ritchu Babbar,381429,Chitkara College of Pharmacy,"Chitkara University, Punjab",64,5,9
Dr                                                                                Gaurav Sharma,382904,Department of Interdisciplinary Courses in Engineering,"Chitkara University, Punjab",285,8,15
Dr                                                                                Talvinder Singh,381549,Department of Mechanical Engineering,"Chitkara University, Punjab",122,7,10
Mr                                                                                Sunil Kumar,381751,Department of Mechanical Engineering,"Chitkara University, Punjab",23,2,12
Dr                                                                                Sushma Devi,383197,Chitkara College of Pharmacy,"Chitkara University, Punjab",243,6,19
Dr                                                                                Jasdev Bhatti,383864,Department of Applied Sciences,"Chitkara University, Punjab",137,6,21
Prof                                                                                Mohit Kakkar,132978,Department of Computer Science and Engineering,"Chitkara University, Punjab",73,6,15
Prof                                                                                Sunil Kumar Chawla,196639,Department of Computer Science and Engineering,"Chitkara University, Punjab",75,3,15
Dr                                                                                Ashish Sachdeva,381822,Department of Electronics and Communication Engineering,"Chitkara University, Punjab",183,9,14
Dr                                                                                Vijay Kumar Sharma,381579,Department of Mechanical Engineering,"Chitkara University, Punjab",128,7,13
Dr                                                                                Bharathiraja Nagu,381666,Department of Computer Science and Engineering,"Chitkara University, Punjab",121,6,11
Ms                                                                                Chetna Kaushal,381696,Department of Computer Science and Engineering,"Chitkara University, Punjab",154,5,7
Dr                                                                                Leema Nelson,383857,Chitkara University Research and Innovation Network,"Chitkara University, Punjab",416,7,15
Dr                                                                                Kiran Mehta,171910,Chitkara Business School,"Chitkara University, Punjab",47,4,17
Dr                                                                                Kamal Deep Garg,381675,Department of Computer Science and Engineering,"Chitkara University, Punjab",41,3,8
Dr                                                                                Harjeet Singh,383810,Chitkara University Research and Innovation Network,"Chitkara University, Punjab",154,7,10
Dr                                                                                Reena Malik,381451,Chitkara Business School,"Chitkara University, Punjab",30,3,3
Dr                                                                                Nidhi Rani,381457,Chitkara College of Pharmacy,"Chitkara University, Punjab",286,7,13
Dr                                                                                Meenu Garg,381793,Department of Electronics and Communication Engineering,"Chitkara University, Punjab",52,4,12
Dr                                                                                Sanjoy Kumar Debnath,383817,Department of Electrical Engineering,"Chitkara University, Punjab",199,8,10
Dr                                                                                Shuchi Dawra,381479,Chitkara Business School,"Chitkara University, Punjab",13,1,3
Mr                                                                                Amit Kumar,381740,Department of Electronics and Communication Engineering,"Chitkara University, Punjab",70,5,7
Dr                                                                                Shareen Singh,381390,Chitkara College of Pharmacy,"Chitkara University, Punjab",312,8,5
Dr                                                                                Rajni Bala,381712,Chitkara Business School,"Chitkara University, Punjab",N/A,N/A,12
Ms                                                                                Rishu Chhabra,381724,Department of Computer Science and Engineering,"Chitkara University, Punjab",181,4,5
Dr                                                                                Keerti Bhusan Pradhan,381951,Chitkara Business School,"Chitkara University, Punjab",16,3,9
Dr                                                                                Pragati Silakari,381412,Chitkara College of Pharmacy,"Chitkara University, Punjab",12,1,1
Dr                                                                                Susama Bagchi,381705,Department of Computer Science and Engineering,"Chitkara University, Punjab",85,5,8
Dr                                                                                Durgesh Srivastava,381690,Department of Computer Science and Engineering,"Chitkara University, Punjab",283,3,5
Dr                                                                                Loveleen Kaur,381441,Chitkara College of Pharmacy,"Chitkara University, Punjab",48,4,4
Dr                                                                                Heena Wadhwa,381665,Department of Computer Science and Engineering,"Chitkara University, Punjab",54,4,8
