Name,Vidwan ID,Department,College,Total Citations,H Index,Journal Articles
Dr                                                                                Jyoteesh Malhotra,401974,Department of Electronics and Communication Engineering,"National Institute of Technology, Delhi",3674,34,297
Prof                                                                                (Dr) Ajay K Sharma,222605,Department of Computer Science and Engineering,"National Institute of Technology, Delhi",1238,18,208
Dr                                                                                Harish Kumar,98776,Department of Mechanical Engineering,"National Institute of Technology, Delhi",993,17,99
Dr                                                                                Anuj Kumar Sharma,53820,Department of Applied Sciences,"National Institute of Technology, Delhi",4296,30,156
Dr                                                                                Dhandapani Vaithiyanathan,98952,Department of Electronics and Communication Engineering,"National Institute of Technology, Delhi",563,13,78
Dr                                                                                Manoj Kumar,329038,Department of Electronics and Communication Engineering,"National Institute of Technology, Delhi",432,11,112
Dr                                                                                Manisha Bharti,97040,Department of Electronics and Communication Engineering,"National Institute of Technology, Delhi",51,4,62
Dr                                                                                Shelly Sachdeva,98156,Department of Computer Science and Engineering,"National Institute of Technology, Delhi",579,12,38
Dr                                                                                Ajay Kumar,101054,Department of Civil Engineering,"National Institute of Technology, Delhi",741,16,71
Dr                                                                                Vinay Shankar Pandey,62660,Department of Applied Sciences,"National Institute of Technology, Delhi",1308,21,73
Dr                                                                                Geeta  Sikka,89961,Department of Computer Science and Engineering,"National Institute of Technology, Delhi",512,12,43
Dr                                                                                Rikmantra Basu,62649,Department of Electronics and Communication Engineering,"National Institute of Technology, Delhi",528,13,51
Dr                                                                                Amit Mahajan,62651,Department of Applied Sciences,"National Institute of Technology, Delhi",800,16,86
Dr                                                                                Prashant Kumar,62655,Department of Applied Sciences,"National Institute of Technology, Delhi",590,13,61
Dr                                                                                Gyanendra Sheoran,62653,Department of Applied Sciences,"National Institute of Technology, Delhi",451,12,41
Dr                                                                                Anurag Singh,53808,Department of Computer Science and Engineering,"National Institute of Technology, Delhi",532,14,29
Dr                                                                                Tirupathiraju Kanumuri,62659,Department of Electrical Engineering,"National Institute of Technology, Delhi",360,10,38
Dr                                                                                Amit Kumar Singh,97039,Department of Electrical Engineering,"National Institute of Technology, Delhi",1018,19,41
Dr                                                                                Sachin Singh,97043,Department of Electrical Engineering,"National Institute of Technology, Delhi",449,11,41
Dr                                                                                Sandeep Kumar,97041,Department of Electronics and Communication Engineering,"National Institute of Technology, Delhi",234,7,35
Dr                                                                                Leeladhar Nagdeve,113180,Department of Mechanical Engineering,"National Institute of Technology, Delhi",225,10,33
Dr                                                                                Chandra Sekhar Obbu,291445,Department of Electrical Engineering,"National Institute of Technology, Delhi",199,8,44
Dr                                                                                Baljit Kaur,97042,Department of Electronics and Communication Engineering,"National Institute of Technology, Delhi",141,6,13
Dr                                                                                Anmol Ratna Saxena,53812,Department of Electrical Engineering,"National Institute of Technology, Delhi",334,10,17
Dr                                                                                Karan Verma,97038,Department of Computer Science and Engineering,"National Institute of Technology, Delhi",403,9,21
Dr                                                                                Sachin Agrawal,113491,Department of Electronics and Communication Engineering,"National Institute of Technology, Delhi",189,7,24
Dr                                                                                Pankaj Mukhija,53810,Department of Electrical Engineering,"National Institute of Technology, Delhi",209,8,13
Dr                                                                                Dharmendra Kumar Jhariya,113486,Department of Electronics and Communication Engineering,"National Institute of Technology, Delhi",43,4,9
Dr                                                                                Ashok K. Dewangan,113179,Department of Mechanical Engineering,"National Institute of Technology, Delhi",156,9,13
Dr                                                                                Sushila Maheshkar,97037,Department of Computer Science and Engineering,"National Institute of Technology, Delhi",229,8,9
Dr                                                                                Manoj Kumawat,112641,Department of Electrical Engineering,"National Institute of Technology, Delhi",185,6,10
Dr                                                                                Kapil Kumar,97035,Department of Applied Sciences,"National Institute of Technology, Delhi",806,12,29
Dr                                                                                Preeti Verma,400709,Department of Electronics and Communication Engineering,"National Institute of Technology, Delhi",33,3,9
Dr                                                                                Abhishek Mishra,62654,Department of Mechanical Engineering,"National Institute of Technology, Delhi",65,4,5
Dr                                                                                Manish Verma,315344,Department of Electronics and Communication Engineering,"National Institute of Technology, Delhi",106,7,16
Dr                                                                                MAHESH K. SINGH,113499,Department of Electronics and Communication Engineering,"National Institute of Technology, Delhi",35,4,8
Dr                                                                                Nitin Singh Singha,113482,Department of Electronics and Communication Engineering,"National Institute of Technology, Delhi",34,4,10
Dr                                                                                Gautam Kumar,392564,Department of Computer Science and Engineering,"National Institute of Technology, Delhi",27,3,7
Dr                                                                                Amit Pratap Singh,62648,Department of Applied Sciences,"National Institute of Technology, Delhi",34,4,8
Dr                                                                                Gunjan .,392563,Department of Computer Science and Engineering,"National Institute of Technology, Delhi",1,N/A,1
Dr                                                                                Ujjwal Kumar Kalla,213895,Department of Electrical Engineering,"National Institute of Technology, Delhi",1,N/A,N/A
Dr                                                                                Amandeep Kaur,392561,Department of Computer Science and Engineering,"National Institute of Technology, Delhi",1,N/A,N/A
Mr                                                                                Rahul  Verma,391468,Central Library,"National Institute of Technology, Delhi",N/A,N/A,N/A
Dr                                                                                Sahil .,392775,Department of Computer Science and Engineering,"National Institute of Technology, Delhi",N/A,N/A,N/A
Dr                                                                                Rahul Kumar Meena,511144,Department of Civil Engineering,"National Institute of Technology, Delhi",N/A,N/A,N/A
