Name,Vidwan ID,Department,College,Total Citations,H Index,Journal Articles
Dr                                                                                Vimal Mishra,53618,Civil Engineering,"Indian Institute of Technology, Gandhinagar",6292,47,134
Prof                                                                                Dhiraj  Bhatia,127110,Biological Engineering,"Indian Institute of Technology, Gandhinagar",1193,13,50
Dr                                                                                Arpan Bhattacharyya,128752,Physics,"Indian Institute of Technology, Gandhinagar",1355,21,77
Dr                                                                                Aditi Kothiyal,294708,Creative Learning and Design,"Indian Institute of Technology, Gandhinagar",160,6,15
Dr                                                                                Amit Prashant,49359,Civil Engineering,"Indian Institute of Technology, Gandhinagar",514,11,39
Dr                                                                                G. V.  Rao,294702,Civil Engineering,"Indian Institute of Technology, Gandhinagar",1139,15,44
Dr                                                                                Gopinadhan Kalon,131745,,"Indian Institute of Technology, Gandhinagar",4889,30,58
Dr                                                                                Jhuma Saha,231184,Electrical Engineering,"Indian Institute of Technology, Gandhinagar",252,9,33
Dr                                                                                Yogesh Kumar Meena,376390,Computer Science and Engineering,"Indian Institute of Technology, Gandhinagar",557,16,18
Dr                                                                                Arnapurna Rath,51604,Humanities and Social Sciences,"Indian Institute of Technology, Gandhinagar",2,1,16
Dr                                                                                Vijay Thiruvenkatam,53714,Biological Engineering,"Indian Institute of Technology, Gandhinagar",393,9,52
Dr                                                                                Vineet  Vashista,60761,Mechanical Engineering,"Indian Institute of Technology, Gandhinagar",332,9,21
Dr                                                                                Soumyadip Sett,231209,Mechanical Engineering,"Indian Institute of Technology, Gandhinagar",1988,25,46
Dr                                                                                Mayank Singh,132084,Computer Science and Engineering,"Indian Institute of Technology, Gandhinagar",173,7,14
Prof                                                                                Himanshu Shekhar,125354,Electrical Engineering,"Indian Institute of Technology, Gandhinagar",435,13,36
Dr                                                                                Uddipta Ghosh,137927,Mechanical Engineering,"Indian Institute of Technology, Gandhinagar",578,15,48
Dr                                                                                Tarun Kumar Agarwal,231567,Electrical Engineering,"Indian Institute of Technology, Gandhinagar",298,11,25
Dr                                                                                Biswajit  Mondal,232156,Chemistry,"Indian Institute of Technology, Gandhinagar",1385,20,41
Dr                                                                                Anagh Bhaumik,533660,Materials Science and Engineering,"Indian Institute of Technology, Gandhinagar",1347,24,41
Dr                                                                                Nipun  Batra,137921,Computer Science and Engineering,"Indian Institute of Technology, Gandhinagar",967,14,4
Dr                                                                                Rusa Mandal,294678,Physics,"Indian Institute of Technology, Gandhinagar",402,14,29
Dr                                                                                Anirban Mondal,240231,Chemistry,"Indian Institute of Technology, Gandhinagar",885,15,38
Dr                                                                                Nitin Padhiyar,53595,Chemical Engineering,"Indian Institute of Technology, Gandhinagar",303,11,20
Dr                                                                                Prafull  Pandey,468113,Materials Science and Engineering,"Indian Institute of Technology, Gandhinagar",758,14,36
Dr                                                                                Udit Bhatia,132149,Civil Engineering,"Indian Institute of Technology, Gandhinagar",398,10,24
Dr                                                                                Biswajit Saha,294680,Chemical Engineering,"Indian Institute of Technology, Gandhinagar",334,9,26
Dr                                                                                Pallavi  Bharadwaj,329361,Electrical Engineering,"Indian Institute of Technology, Gandhinagar",179,8,8
Prof                                                                                Krishna Kanti  Dey,60764,Physics,"Indian Institute of Technology, Gandhinagar",1318,16,24
Dr                                                                                Madhu Vadali,134636,Mechanical Engineering,"Indian Institute of Technology, Gandhinagar",401,6,16
Dr                                                                                Abhay Raj Singh Gautam,53685,Materials Science and Engineering,"Indian Institute of Technology, Gandhinagar",739,12,28
Dr                                                                                Kaustubh Rane,60745,Chemical Engineering,"Indian Institute of Technology, Gandhinagar",327,9,31
Dr                                                                                Subramanian Sankaranarayanan,294667,Biological Engineering,"Indian Institute of Technology, Gandhinagar",580,13,16
Dr                                                                                Sameer G. Kulkarni,128778,Computer Science and Engineering,"Indian Institute of Technology, Gandhinagar",275,7,3
Dr                                                                                Pradipta Ghosh,132290,Materials Science and Engineering,"Indian Institute of Technology, Gandhinagar",297,10,26
Dr                                                                                Pankaj Khanna,241852,Earth Sciences,"Indian Institute of Technology, Gandhinagar",132,7,14
Dr                                                                                Jayaprakash  K R,136681,Mechanical Engineering,"Indian Institute of Technology, Gandhinagar",420,10,23
Dr                                                                                B. Prasanna Venkatesh,128772,Physics,"Indian Institute of Technology, Gandhinagar",524,14,25
Prof                                                                                Rajat  Moona,3203,,"Indian Institute of Technology, Gandhinagar",119,6,2
Dr                                                                                Mithun Radhakrishna,60743,Chemical Engineering,"Indian Institute of Technology, Gandhinagar",541,10,26
Dr                                                                                Raghavan Ranganathan,129835,Materials Science and Engineering,"Indian Institute of Technology, Gandhinagar",290,9,22
Dr                                                                                Sameer  Patel,216349,Civil Engineering,"Indian Institute of Technology, Gandhinagar",793,17,22
Dr                                                                                Sameer Sahasrabudhe,294700,Creative Learning and Design,"Indian Institute of Technology, Gandhinagar",96,6,2
Dr                                                                                Sushobhan  Sen,329393,Civil Engineering,"Indian Institute of Technology, Gandhinagar",214,9,17
Dr                                                                                Nishaant Choksi,132082,Humanities and Social Sciences,"Indian Institute of Technology, Gandhinagar",69,5,11
Dr                                                                                Naveen  Sisodia,442496,Physics,"Indian Institute of Technology, Gandhinagar",217,8,19
Dr                                                                                Krista R. Khiangte,329352,Physics,"Indian Institute of Technology, Gandhinagar",112,6,16
Dr                                                                                Sriharitha Rowthu,133523,Materials Science and Engineering,"Indian Institute of Technology, Gandhinagar",347,6,15
Dr                                                                                Arka Chattopadhyay,137913,Humanities and Social Sciences,"Indian Institute of Technology, Gandhinagar",12,2,12
Dr                                                                                Karthik Subramaniam Pushpavanam,232159,Chemical Engineering,"Indian Institute of Technology, Gandhinagar",244,9,18
Dr                                                                                Manoj Gupta,60754,Computer Science and Engineering,"Indian Institute of Technology, Gandhinagar",317,8,4
Dr                                                                                Ashutosh Srivastava,220501,Biological Engineering,"Indian Institute of Technology, Gandhinagar",387,10,16
Dr                                                                                Abhishek Bichhawat,231127,Computer Science and Engineering,"Indian Institute of Technology, Gandhinagar",117,5,1
Dr                                                                                Pradeep  Srivastava,231578,Earth Sciences,"Indian Institute of Technology, Gandhinagar",148,8,9
Dr                                                                                Mukesh Dhanka,294672,Biological Engineering,"Indian Institute of Technology, Gandhinagar",145,6,14
Dr                                                                                Projesh Nath Choudhury,294686,Mathematics,"Indian Institute of Technology, Gandhinagar",21,3,18
Dr                                                                                Madhumita Sengupta,53675,Humanities and Social Sciences,"Indian Institute of Technology, Gandhinagar",N/A,N/A,13
Dr                                                                                Akshaa Vatwani,136662,Mathematics,"Indian Institute of Technology, Gandhinagar",39,4,16
Dr                                                                                Alok Kumar Kanungo,53584,Humanities and Social Sciences,"Indian Institute of Technology, Gandhinagar",40,3,8
Dr                                                                                Chetan D. Pahlajani,53679,Mathematics,"Indian Institute of Technology, Gandhinagar",97,6,10
Dr                                                                                Balagopal Komarath,231041,Computer Science and Engineering,"Indian Institute of Technology, Gandhinagar",18,2,3
Dr                                                                                Hari Sai Ganesh,231162,Chemical Engineering,"Indian Institute of Technology, Gandhinagar",140,7,12
Dr                                                                                Rohit Kumar  Mishra,231201,Mathematics,"Indian Institute of Technology, Gandhinagar",51,4,15
Dr                                                                                Rajkrishna Dutta,294696,Earth Sciences,"Indian Institute of Technology, Gandhinagar",162,7,15
Dr                                                                                Ambika Aiyadurai,60765,Humanities and Social Sciences,"Indian Institute of Technology, Gandhinagar",102,4,10
Dr                                                                                Bipul  Saurabh,131113,Mathematics,"Indian Institute of Technology, Gandhinagar",10,2,13
Prof                                                                                Chandan K. Mishra,198257,Physics,"Indian Institute of Technology, Gandhinagar",138,6,13
Dr                                                                                Ravi Sastri  Ayyagari,60759,Mechanical Engineering,"Indian Institute of Technology, Gandhinagar",141,5,11
Dr                                                                                Krishna Siva Teja  Chopperla,495374,Civil Engineering,"Indian Institute of Technology, Gandhinagar",48,5,8
Dr                                                                                Manisha Padala,507743,Computer Science and Engineering,"Indian Institute of Technology, Gandhinagar",47,4,N/A
Dr                                                                                Karla P. Mercado-Shekhar,129739,Biological Engineering,"Indian Institute of Technology, Gandhinagar",190,8,9
Prof                                                                                Manasi A. Kanetkar,294707,Creative Learning and Design,"Indian Institute of Technology, Gandhinagar",10,2,4
Dr                                                                                Harmeet  Singh,329378,Mechanical Engineering,"Indian Institute of Technology, Gandhinagar",50,5,10
Dr                                                                                Madhav Kiritkumar Pathak,468134,Electrical Engineering,"Indian Institute of Technology, Gandhinagar",68,4,6
Dr                                                                                Sanjaykumar Amrutiya,53676,Mathematics,"Indian Institute of Technology, Gandhinagar",10,2,10
Dr                                                                                Arnab Saha,136694,Mathematics,"Indian Institute of Technology, Gandhinagar",23,4,10
Dr                                                                                Shouvick Mondal,376328,Computer Science and Engineering,"Indian Institute of Technology, Gandhinagar",22,3,5
Dr                                                                                Harini Subramanian,442480,Mechanical Engineering,"Indian Institute of Technology, Gandhinagar",46,4,8
Dr                                                                                Utsav Mannu,238137,Earth Sciences,"Indian Institute of Technology, Gandhinagar",73,5,7
Dr                                                                                Abinaya  Sampath,294699,Chemical Engineering,"Indian Institute of Technology, Gandhinagar",69,4,7
Dr                                                                                Sheetal Tank,90591,Central Library,"Indian Institute of Technology, Gandhinagar",N/A,N/A,4
Prof                                                                                Leslee Lazar,231558,Humanities and Social Sciences,"Indian Institute of Technology, Gandhinagar",96,3,4
Dr                                                                                Deepak  Singhania,231131,Humanities and Social Sciences,"Indian Institute of Technology, Gandhinagar",20,3,4
Prof                                                                                 Michel Danino,231557,Humanities and Social Sciences,"Indian Institute of Technology, Gandhinagar",11,2,2
Dr                                                                                Tanya Kaushal Srivastava,231565,Mathematics,"Indian Institute of Technology, Gandhinagar",3,1,4
Dr                                                                                V. N. Prabhakar,294659,Humanities and Social Sciences,"Indian Institute of Technology, Gandhinagar",5,1,4
Dr                                                                                Sharada  C. V.,136671,Humanities and Social Sciences,"Indian Institute of Technology, Gandhinagar",8,2,3
Prof                                                                                C. N. Pandey,137931,Civil Engineering,"Indian Institute of Technology, Gandhinagar",19,1,2
Dr                                                                                Aashish Xaxa,294690,Humanities and Social Sciences,"Indian Institute of Technology, Gandhinagar",N/A,N/A,1
Dr                                                                                T S Kumbar,56031,Central Library,"Indian Institute of Technology, Gandhinagar",N/A,N/A,1
Dr                                                                                Angus McBlane,137928,Humanities and Social Sciences,"Indian Institute of Technology, Gandhinagar",N/A,N/A,1
Mr                                                                                Manish Jain,232198,Creative Learning and Design,"Indian Institute of Technology, Gandhinagar",N/A,N/A,N/A
Mr                                                                                Vivek P.  Kapadia,540124,Civil Engineering,"Indian Institute of Technology, Gandhinagar",N/A,N/A,N/A
