Name,Vidwan ID,Department,College,Total Citations,H Index,Journal Articles
Dr                                                                                .AR. Saravanakumar,119672,Directorate of Distance Education,Alagappa University,51,4,535
Prof                                                                                Ravi Ganesan,39842,Department of Physics,Alagappa University,7652,46,367
Prof                                                                                Sanjeevi Raja C,195777,Department of Physics,Alagappa University,8306,49,288
Prof                                                                                Karutha Pandian S,41059,Department of Biotechnology,Alagappa University,8469,48,267
Dr                                                                                Yuvakkumar Rathinam,65888,Department of Physics,Alagappa University,5601,41,257
Dr.                                                                                Vaseeharan B,41951,Department of Animal Health and Management,Alagappa University,7841,49,220
"Dr                                                                                M SUTHA,PROFESSOR, DEPT OF TAMIL ,ALAGAPPA UNIVERSITY, KARAIKUDI-3.",223415,Department of Tamil,Alagappa University,N/A,N/A,181
Prof                                                                                Jeyakanthan Jeyaraman,64417,Department of Bioinformatics,Alagappa University,2273,24,201
Dr                                                                                Vasimalairaja M,67993,Directorate of Distance Education,Alagappa University,5,1,55
Dr                                                                                Chandrasekar K,67811,Alagappa Institute of Management,Alagappa University,7,2,103
Prof                                                                                Sanjeev Kumar  Singh,60925,Department of Bioinformatics,Alagappa University,3025,30,132
Prof                                                                                Sivakumar P,68035,Directorate of Distance Education,Alagappa University,6,2,54
Prof                                                                                Rajendran S,39840,Department of Physics,Alagappa University,4642,40,130
Dr                                                                                Thanuskodi S,49353,Department of Library and Information Science,Alagappa University,439,12,108
Dr                                                                                Karthikeyan M,68133,Department of Bioinformatics,Alagappa University,950,16,129
Prof                                                                                Palanisamy V,41054,Department of Computer Application,Alagappa University,604,12,83
Prof                                                                                Balamurugan K,65866,Department of Biotechnology,Alagappa University,2374,30,118
Dr                                                                                Sivakumar M,65884,Department of Physics,Alagappa University,1795,20,116
Dr                                                                                Sivakumar R,68091,Directorate of Distance Education,Alagappa University,2598,28,108
Dr                                                                                Raja R,68137,Ramanujan Centre for Higher Mathematics,Alagappa University,2312,29,101
Prof                                                                                Muthusamy A,68025,,Alagappa University,3,1,112
Prof                                                                                Sankaranarayanan Krishnasamy,39841,Department of Physics,Alagappa University,1612,22,106
Prof                                                                                Anbazhagan N,68041,Department of Mathematics,Alagappa University,403,11,99
Dr                                                                                Subadevi R,65886,Department of Physics,Alagappa University,1626,18,106
Dr                                                                                Kishore Kumar S,88635,Central Library,Alagappa University,67,5,81
Dr                                                                                Veera Ravi A,39803,Department of Biotechnology,Alagappa University,2748,31,106
Dr.                                                                                Pandima Devi K,41061,Department of Biotechnology,Alagappa University,4918,37,87
Prof                                                                                Ramesh Manikandan,65867,Department of Biotechnology,Alagappa University,1592,23,82
Prof                                                                                Sekar C,67907,Department of Bioelectronics and Biosensors,Alagappa University,2930,31,100
Dr                                                                                Langeswaran Kulanthaivel,67915,Department of Bioinformatics,Alagappa University,572,12,92
Prof                                                                                Karuppuchamy S,67995,Department of Energy Science,Alagappa University,2489,30,93
Dr                                                                                SP. Mathiraj,67965,Department of Corporate Secretaryship,Alagappa University,17,2,72
Dr                                                                                Arun A,68051,Department of Microbiology,Alagappa University,1414,23,73
Dr                                                                                Sudhahar S,65889,Department of Physics,Alagappa University,1290,17,93
Dr                                                                                Kumar P,67891,Department of Animal Health and Management,Alagappa University,2414,29,81
Prof                                                                                Narayanamoorthy Annasamy,34765,Department of Economics and Rural Development,Alagappa University,795,18,39
Dr                                                                                Gunasekaran K,68099,Department of Special Education and Rehabilitation Science,Alagappa University,844,14,88
Dr                                                                                Sundrarajan Mahalingam,65872,Department of Industrial Chemistry,Alagappa University,3636,35,87
Dr                                                                                K.R. Murugan,68093,Department of Social Work,Alagappa University,2,1,62
Prof                                                                                Kannapiran E,68117,Directorate of Distance Education,Alagappa University,954,13,85
Prof                                                                                Sundaram Ravikumar,110412,Department of Biomedical Sciences,Alagappa University,2073,28,82
Dr                                                                                Ramalingam G,68065,Department of Nanoscience and Technology,Alagappa University,865,16,68
Dr                                                                                Stalin Thambusamy,65873,Department of Industrial Chemistry,Alagappa University,1637,25,82
Prof                                                                                Murali Rajan K,67863,Alagappa Institute of Educational Sciences,Alagappa University,N/A,N/A,53
Dr                                                                                Prabhu N.M,67895,Department of Animal Health and Management,Alagappa University,1838,28,78
Dr                                                                                Gurumallesh Prabu Halliah,221851,Department of Industrial Chemistry,Alagappa University,1704,24,69
Dr                                                                                Thambidurai Sivalingam,39827,Department of Industrial Chemistry,Alagappa University,1443,23,70
Dr                                                                                Dharuman V,67905,Department of Bioelectronics and Biosensors,Alagappa University,1301,23,62
Prof                                                                                Gurunathan K,68063,Department of Nanoscience and Technology,Alagappa University,1726,18,57
Prof                                                                                NAGARAJAN S,67865,,Alagappa University,2,1,27
Dr                                                                                Ramesh Prabhu M,65887,Department of Physics,Alagappa University,717,15,49
Dr                                                                                Johnson N,68033,Department of Lifelong Learning,Alagappa University,641,14,29
Dr                                                                                Muthuramalingam Jothi Basu,68123,Directorate of Distance Education,Alagappa University,259,5,51
Dr                                                                                Srinivasan P,67897,,Alagappa University,1081,19,57
Dr                                                                                Suganthy N,68069,Department of Nanoscience and Technology,Alagappa University,1536,20,38
Prof                                                                                Sujathamalini J,68101,Department of Special Education and Rehabilitation Science,Alagappa University,39,2,48
Dr                                                                                Wilson J,67909,Department of Bioelectronics and Biosensors,Alagappa University,1584,21,50
Dr                                                                                Mahesh K,41057,Department of Computer Application,Alagappa University,147,7,14
Dr                                                                                Sengottuvelan N,68019,Directorate of Distance Education,Alagappa University,1053,19,54
Dr                                                                                Boomi P,67911,Department of Bioinformatics,Alagappa University,1350,23,41
Prof                                                                                Shakkthivel P,68067,Department of Nanoscience and Technology,Alagappa University,1367,19,50
Dr                                                                                Sudhamathi S,67821,Alagappa Institute of Management,Alagappa University,24,2,45
Dr                                                                                Viswanathan Subramanian,65875,Department of Industrial Chemistry,Alagappa University,2080,23,40
Dr                                                                                Vimala J,68047,Department of Mathematics,Alagappa University,238,9,34
Dr                                                                                Malathi S,67991,Directorate of Distance Education,Alagappa University,N/A,N/A,19
Dr                                                                                Velusamy MA,68095,Directorate of Distance Education,Alagappa University,1,1,35
Dr                                                                                Gowrishankar Shanmugaraj,65869,Department of Biotechnology,Alagappa University,1008,21,37
Dr                                                                                Eswaran P,67943,Department of Computer Application,Alagappa University,524,14,31
Dr                                                                                Anandhan Narayanasamy,65885,Department of Physics,Alagappa University,472,13,31
Dr                                                                                Kumar R,92037,,Alagappa University,677,9,29
Dr                                                                                Gopu Gopalakrishnan,65874,Department of Industrial Chemistry,Alagappa University,513,13,34
Dr                                                                                Ilankumaran G,67813,Alagappa Institute of Management,Alagappa University,6,1,35
Dr                                                                                Umadevi Shivakumar,65879,Department of Industrial Chemistry,Alagappa University,647,15,32
Dr                                                                                V SUGUMAR,68077,Department of Oceanography and Coastal Area Studies,Alagappa University,284,9,34
Dr                                                                                Biruntha M,67889,Department of Animal Health and Management,Alagappa University,1150,17,25
Dr                                                                                Amutha S,68135,Ramanujan Centre for Higher Mathematics,Alagappa University,78,6,31
Dr                                                                                Yoga P,67877,Alagappa University College of Physical Education,Alagappa University,1,1,30
Dr                                                                                Alaguraja K,285574,Alagappa University College of Physical Education,Alagappa University,N/A,N/A,31
Dr                                                                                Jayachithra J,67827,Alagappa University College of Education,Alagappa University,5,N/A,28
Dr                                                                                Arumugam A,67925,,Alagappa University,1526,18,29
Dr                                                                                Paranthaman G,68013,Department of History,Alagappa University,N/A,N/A,12
Dr                                                                                Parimalarani G,67901,Department of Bank Management,Alagappa University,5,1,24
Dr                                                                                Rameshthangam P,67921,Directorate of Distance Education,Alagappa University,734,14,27
Dr                                                                                Senthilrajan A,67953,Department of Computational Logistics,Alagappa University,25,3,14
Dr                                                                                Selvakumar G,68059,Directorate of Distance Education,Alagappa University,287,9,20
Mr                                                                                Sivakumar Karthikeyan,174670,Department of Geology,Alagappa University,120,7,23
Dr                                                                                Baskaran C,88621,Central Library,Alagappa University,96,6,18
Prof                                                                                Sivakumar V,39847,Department of Logistics Management,Alagappa University,3,1,23
Dr                                                                                Sadayan paramasivam,86057,Department of Oceanography and Coastal Area Studies,Alagappa University,432,12,22
Mr                                                                                K.Sathish Kumar,240366,Department of Education,Alagappa University,8,2,18
Prof                                                                                Govindasamy C,68071,Department of Oceanography and Coastal Area Studies,Alagappa University,328,9,20
Prof                                                                                Kalyanasundaram S,195776,Department of Physics,Alagappa University,156,6,18
Dr                                                                                KONGESWARAN THANGARAJ,232818,Department of Geology,Alagappa University,8,2,12
Dr                                                                                Padmapriya Arumugam,39812,Department of Computer Science,Alagappa University,20,3,10
Dr                                                                                Rajeswari G,67839,Alagappa University College of Education,Alagappa University,34,N/A,16
Dr                                                                                Sundara Vadivoo B,68045,Department of Mathematics,Alagappa University,57,4,14
Dr                                                                                Vanitha M,67947,Department of Computer Application,Alagappa University,18,3,12
Dr                                                                                Mullai M,68049,Directorate of Distance Education,Alagappa University,62,5,14
Dr                                                                                Prabhu P,67951,Directorate of Distance Education,Alagappa University,83,4,7
Dr                                                                                Raja  S,88637,Central Library,Alagappa University,31,4,13
