Name,Vidwan ID,Department,College,Total Citations,H Index,Journal Articles
Dr                                                                                Sudip Misra,60468,Department of Computer Science and Engineering,Indian Institute of Technology Kharagpur,10639,50,359
Dr                                                                                Suman Chakraborty,43178,Department of Mechanical Engineering,Indian Institute of Technology Kharagpur,10593,49,496
Prof                                                                                Manoj Kumar Tiwari,60317,Department of Industrial and Systems Engineering,Indian Institute of Technology Kharagpur,15373,58,336
Dr                                                                                Soumya Kanti Ghosh,60569,Department of Computer Science and Engineering,Indian Institute of Technology Kharagpur,4662,32,123
Dr                                                                                Sirshendu De,43158,Department of Chemical Engineering,Indian Institute of Technology Kharagpur,9632,52,337
Dr                                                                                Chandra Sekhar Tiwary,158318,Department of Metallurgical and Materials Engineering,Indian Institute of Technology Kharagpur,8859,46,311
Dr                                                                                Amit Patra,1433,Department of Electrical Engineering,Indian Institute of Technology Kharagpur,5926,40,167
Dr                                                                                Indranil Manna,43062,Department of Metallurgical and Materials Engineering,Indian Institute of Technology Kharagpur,9743,51,257
Dr                                                                                Makarand Madhao Ghangrekar,60826,Department of Civil Engineering,Indian Institute of Technology Kharagpur,7719,47,205
Prof                                                                                Niloy Ganguly,158109,Department of Computer Science and Engineering,Indian Institute of Technology Kharagpur,4100,31,85
Prof                                                                                Debdeep Mukhopadhyay,158108,Department of Computer Science and Engineering,Indian Institute of Technology Kharagpur,3356,31,88
Dr                                                                                Narayan C Pradhan,1442,Department of Chemical Engineering,Indian Institute of Technology Kharagpur,17337,67,225
Dr                                                                                Anjali Pal,16623,Department of Civil Engineering,Indian Institute of Technology Kharagpur,10911,48,221
Prof                                                                                Dilip Kumar Pratihar,158276,Department of Mechanical Engineering,Indian Institute of Technology Kharagpur,3684,33,168
Prof                                                                                Subhasish Basu Majumder,158406,Materials Science Centre,Indian Institute of Technology Kharagpur,5809,42,206
Dr                                                                                Tarun Kanti Bhattacharya,16631,Department of Electronics and Electrical Communication Engineering,Indian Institute of Technology Kharagpur,1555,20,128
Dr                                                                                Santanu Dhara,61140,School of Medical Science and Technology,Indian Institute of Technology Kharagpur,5292,40,201
Prof                                                                                Pallab Dasgupta,158111,Department of Computer Science and Engineering,Indian Institute of Technology Kharagpur,833,14,95
Dr                                                                                Bharath Haridas Aithal,158433,,Indian Institute of Technology Kharagpur,1187,17,132
Dr                                                                                Arun Kumar Majumdar,1534,Department of Mining Engineering,Indian Institute of Technology Kharagpur,2879,26,141
Prof                                                                                Rahul Mitra,158305,Department of Metallurgical and Materials Engineering,Indian Institute of Technology Kharagpur,4024,33,180
Dr                                                                                Prasanta K Das,1670,Department of Mechanical Engineering,Indian Institute of Technology Kharagpur,5244,41,182
Prof                                                                                Pabitra Mitra,158110,Department of Computer Science and Engineering,Indian Institute of Technology Kharagpur,1796,23,66
Dr                                                                                Indranil Sengupta,1614,Department of Computer Science and Engineering,Indian Institute of Technology Kharagpur,1844,22,80
Prof                                                                                Partha Pratim Chakrabarti,2079,Department of Computer Science And Engineering,Indian Institute of Technology Kharagpur,1482,19,100
Prof                                                                                Santanu Chattopadhyay,158165,Department of Electronics and Electrical Communication Engineering,Indian Institute of Technology Kharagpur,1823,21,71
Prof                                                                                Bhrigu Nath Singh,157973,Department of Aerospace Engineering,Indian Institute of Technology Kharagpur,4856,39,173
Dr                                                                                Anupam Basu,2200,Department of Computer Science and Engineering,Indian Institute of Technology Kharagpur,1028,16,71
Prof                                                                                Arun Chakraborty,158387,"Centre For Oceans, Rivers, Atmosphere and Land Science",Indian Institute of Technology Kharagpur,845,18,77
Dr                                                                                Pallab Banerji,61138,Materials Science Centre,Indian Institute of Technology Kharagpur,1823,27,130
Prof                                                                                Debapriya Das,158134,Department of Electrical Engineering,Indian Institute of Technology Kharagpur,5104,39,124
Dr                                                                                Debabrata Pradhan,61137,,Indian Institute of Technology Kharagpur,7266,48,172
Prof                                                                                Chinnaraji Annamalai,416261,,Indian Institute of Technology Kharagpur,80,N/A,181
Dr                                                                                Ashok Kumar Pradhan,60786,Department of Electrical Engineering,Indian Institute of Technology Kharagpur,5133,38,123
Dr                                                                                Krothapalli Sreenivasa Rao,60506,Department of Computer Science and Engineering,Indian Institute of Technology Kharagpur,2432,25,68
Dr                                                                                Pranab K Dutta,1861,Department of Electrical Engineering,Indian Institute of Technology Kharagpur,1540,19,115
Dr                                                                                Goutam Das,158401,G.S Sanyal School of Telecommunication,Indian Institute of Technology Kharagpur,1305,18,90
Dr                                                                                Karabi Das,1667,Department of Metallurgical and Materials Engineering,Indian Institute of Technology Kharagpur,3957,33,152
Dr                                                                                Brajesh Kumar Dubey,158091,Department of Civil Engineering,Indian Institute of Technology Kharagpur,4310,35,117
Prof                                                                                Ashok Kumar Gupta,158082,Department of Civil Engineering,Indian Institute of Technology Kharagpur,8034,46,128
Prof                                                                                Saswat Chakrabarti,158400,G.S Sanyal School of Telecommunication,Indian Institute of Technology Kharagpur,970,14,44
Prof                                                                                Jhareswar Maiti,158235,Department of Industrial and Systems Engineering,Indian Institute of Technology Kharagpur,3158,31,106
Dr                                                                                Shamik Sural,61159,Department of Computer Science and Engineering,Indian Institute of Technology Kharagpur,2133,23,74
Dr                                                                                Rajat Subhra Chakraborty,158112,Department of Computer Science and Engineering,Indian Institute of Technology Kharagpur,3429,27,49
Prof                                                                                Shiv Brat Singh,158302,Department of Metallurgical and Materials Engineering,Indian Institute of Technology Kharagpur,3055,29,132
Dr                                                                                Mukunda Dev Behera,158388,"Centre For Oceans, Rivers, Atmosphere and Land Science",Indian Institute of Technology Kharagpur,1928,24,119
Prof                                                                                Jayanta Das,158308,,Indian Institute of Technology Kharagpur,5460,41,126
Prof                                                                                Manas Chandra Ray,158293,Department of Mechanical Engineering,Indian Institute of Technology Kharagpur,3664,36,136
Prof                                                                                Venimadhav  Adyam,390688,Centre for Cryogenic Engineering,Indian Institute of Technology Kharagpur,2295,27,117
Dr                                                                                Chacko Jacob,16735,Materials Science Centre,Indian Institute of Technology Kharagpur,2258,26,108
Prof                                                                                Arun  Kumar Samantaray,158277,Department of Mechanical Engineering,Indian Institute of Technology Kharagpur,2460,27,95
Dr                                                                                Pawan Goyal,158122,Department of Computer Science and Engineering,Indian Institute of Technology Kharagpur,1252,18,24
Prof                                                                                Debalay Chakrabarti,158303,Department of Metallurgical and Materials Engineering,Indian Institute of Technology Kharagpur,2101,30,115
Prof                                                                                Mukhopadhyay Debdeep,60571,Department of Computer Science and Engineering,Indian Institute of Technology Kharagpur,2317,27,38
Prof                                                                                Bhim Charan Meikap,158040,Department of Chemical Engineering,Indian Institute of Technology Kharagpur,5112,32,127
Dr                                                                                Amiya Kumar Jana,158055,Department of Chemical Engineering,Indian Institute of Technology Kharagpur,1969,22,132
Dr                                                                                Debasis Samanta,158113,Department of Computer Science and Engineering,Indian Institute of Technology Kharagpur,1100,17,48
Prof                                                                                Parthasarathi Ghosh,158128,Centre for Cryogenic Engineering,Indian Institute of Technology Kharagpur,1581,23,95
Prof                                                                                Bhowmick Partha,60611,Department of Computer Science and Engineering,Indian Institute of Technology Kharagpur,648,11,47
Prof                                                                                Arun Kumar Majumder,158323,Department of Mining Engineering,Indian Institute of Technology Kharagpur,2060,20,68
Prof                                                                                Debashish Chakravarty,158326,Department of Mining Engineering,Indian Institute of Technology Kharagpur,792,14,67
Prof                                                                                Jyotsna Dutta Majumdar,158301,Department of Metallurgical and Materials Engineering,Indian Institute of Technology Kharagpur,2181,26,106
Dr                                                                                Shivendu Ranjan,104979,School of Nano Science and Technology,Indian Institute of Technology Kharagpur,2176,26,64
Prof                                                                                Goutam Saha,158186,Department of Electronics and Electrical Communication Engineering,Indian Institute of Technology Kharagpur,2157,25,68
Dr                                                                                Akhilesh Mohan,158172,Department of Electronics and Electrical Communication Engineering,Indian Institute of Technology Kharagpur,1804,21,76
Dr                                                                                Purbarun Dhar,158286,Department of Mechanical Engineering,Indian Institute of Technology Kharagpur,1977,25,120
Dr                                                                                Anindya S Dhar,1680,Department of Electronics and Electrical Communication Engineering,Indian Institute of Technology Kharagpur,729,12,63
Prof                                                                                Indrajit Chakrabarti,158162,Department of Electronics and Electrical Communication Engineering,Indian Institute of Technology Kharagpur,698,15,54
Dr                                                                                Mrinal  Kanti Mandal,158171,Department of Electronics and Electrical Communication Engineering,Indian Institute of Technology Kharagpur,1943,26,62
Dr                                                                                Amiya Ranjan Mohanty,1742,Department of Mechanical Engineering,Indian Institute of Technology Kharagpur,3292,27,71
Prof                                                                                Sunando Dasgupta,158044,Department of Chemical Engineering,Indian Institute of Technology Kharagpur,4443,37,116
Prof                                                                                Debasis Deb,158327,Department of Mining Engineering,Indian Institute of Technology Kharagpur,924,16,86
Dr                                                                                Samir Kumar Pal,1571,Department of Mining Engineering,Indian Institute of Technology Kharagpur,1476,22,97
Prof                                                                                Sudhirkumar Barai,158079,Department of Civil Engineering,Indian Institute of Technology Kharagpur,3571,32,92
Dr                                                                                Biswajit Maiti,1529,Department of Mechanical Engineering,Indian Institute of Technology Kharagpur,3045,30,114
Dr                                                                                Jitesh Thakkar,96272,Department of Industrial and Systems Engineering,Indian Institute of Technology Kharagpur,2861,28,97
Dr                                                                                Saptarshi Ghosh,158121,Department of Computer Science and Engineering,Indian Institute of Technology Kharagpur,2139,26,30
Prof                                                                                Pradip Kumar Ray,1459,Department of Industrial and Systems Engineering,Indian Institute of Technology Kharagpur,1575,15,79
Dr                                                                                Soumitra Paul,1572,Department of Mechanical Engineering,Indian Institute of Technology Kharagpur,3906,34,109
Dr                                                                                Sumantra Mandal,158310,Department of Metallurgical and Materials Engineering,Indian Institute of Technology Kharagpur,4350,36,105
Prof                                                                                Biswajit Mahanty,1739,Department of Industrial and Systems Engineering,Indian Institute of Technology Kharagpur,1012,14,97
Prof                                                                                Chittaranjan Mandal,158107,Department of Computer Science and Engineering,Indian Institute of Technology Kharagpur,896,16,45
Prof                                                                                Raja Datta,158164,Department of Electronics and Electrical Communication Engineering,Indian Institute of Technology Kharagpur,909,16,47
Prof                                                                                Partha Pratim Bandyopadhyay,158275,Department of Mechanical Engineering,Indian Institute of Technology Kharagpur,1806,26,101
Dr                                                                                Debarati Sen,158403,G.S Sanyal School of Telecommunication,Indian Institute of Technology Kharagpur,777,10,49
Dr                                                                                Sriman K Bhattacharyya,2013,Department of Civil Engineering,Indian Institute of Technology Kharagpur,4479,31,89
Prof                                                                                Rabibrata Mukherjee,158042,Department of Chemical Engineering,Indian Institute of Technology Kharagpur,2893,27,97
Prof                                                                                Dipak Kumar Maiti,157971,Department of Aerospace Engineering,Indian Institute of Technology Kharagpur,1689,21,88
Prof                                                                                Dhrubes Biswas,158161,Department of Electronics and Electrical Communication Engineering,Indian Institute of Technology Kharagpur,552,12,63
Dr                                                                                Sudeshna Sarkar,1468,Department of Computer Science and Engineering,Indian Institute of Technology Kharagpur,1324,20,36
Dr                                                                                Siddhartha Sen,1609,Department of Electrical Engineering,Indian Institute of Technology Kharagpur,1684,23,71
Dr                                                                                Karabi Biswas,158136,Department of Electrical Engineering,Indian Institute of Technology Kharagpur,2198,24,59
Prof                                                                                Sudipta Mukhopadhyay,158166,Department of Electronics and Electrical Communication Engineering,Indian Institute of Technology Kharagpur,1939,21,57
Dr                                                                                Prasanta Kumar Guha,158168,Department of Electronics and Electrical Communication Engineering,Indian Institute of Technology Kharagpur,2058,23,77
Prof                                                                                Mamata Jenamani,158236,Department of Industrial and Systems Engineering,Indian Institute of Technology Kharagpur,997,17,58
Prof                                                                                Sarada Prasad Sarmah,158234,Department of Industrial and Systems Engineering,Indian Institute of Technology Kharagpur,2134,25,90
Dr                                                                                Santanu Kapat,158138,Department of Electrical Engineering,Indian Institute of Technology Kharagpur,880,15,31
Dr                                                                                Debdoot Sheet,158155,Department of Electrical Engineering,Indian Institute of Technology Kharagpur,1669,17,24
Dr                                                                                Cheruvu Siva Kumar,1713,Department of Mechanical Engineering,Indian Institute of Technology Kharagpur,1120,18,40
Prof                                                                                Damodar Maity,158086,Department of Civil Engineering,Indian Institute of Technology Kharagpur,2058,23,86
Dr                                                                                Rajib Maity,158094,Department of Civil Engineering,Indian Institute of Technology Kharagpur,1210,20,89
Prof                                                                                Tapas Laha,158307,Department of Metallurgical and Materials Engineering,Indian Institute of Technology Kharagpur,2856,25,85
Dr                                                                                Debaprasad Kastha,1709,Department of Electrical Engineering,Indian Institute of Technology Kharagpur,1718,20,34
Dr                                                                                Bivas Mitra,158124,Department of Computer Science and Engineering,Indian Institute of Technology Kharagpur,642,14,20
Prof                                                                                Partha Saha,158295,Department of Mechanical Engineering,Indian Institute of Technology Kharagpur,1948,23,81
Prof                                                                                Koushik Biswas,158304,Department of Metallurgical and Materials Engineering,Indian Institute of Technology Kharagpur,1437,23,90
Prof                                                                                Jayanta Kumar Basu,158039,Department of Chemical Engineering,Indian Institute of Technology Kharagpur,2585,27,92
Dr                                                                                Rajib Mall,1540,Department of Computer Science and Engineering,Indian Institute of Technology Kharagpur,1035,19,55
Prof                                                                                Pradip  Mandal,158163,Department of Electronics and Electrical Communication Engineering,Indian Institute of Technology Kharagpur,686,12,39
Dr                                                                                V N Achutha Naikan,1563,Subir Chowdhury School of Quality and Reliability,Indian Institute of Technology Kharagpur,1203,18,68
Prof                                                                                Sudipto Chakraborty,158043,Department of Chemical Engineering,Indian Institute of Technology Kharagpur,2342,29,87
Prof                                                                                Abhijit Das,64468,Department of Computer Science and Engineering,Indian Institute of Technology Kharagpur,1287,20,19
Prof                                                                                Sudarsan Neogi,158053,Department of Chemical Engineering,Indian Institute of Technology Kharagpur,1354,19,74
Dr                                                                                Suvra Sekhar Das,158402,G.S Sanyal School of Telecommunication,Indian Institute of Technology Kharagpur,679,12,31
Dr                                                                                Ajay Muljibhai Sidpara,158289,,Indian Institute of Technology Kharagpur,1253,22,63
Dr                                                                                Nilanjan Mitra,158098,Department of Civil Engineering,Indian Institute of Technology Kharagpur,854,16,66
Dr                                                                                Prabodh Bajpai,158135,Department of Electrical Engineering,Indian Institute of Technology Kharagpur,1762,18,33
Dr                                                                                Mrityunjoy Chakraborty,1837,Department of Electronics and Electrical Communication Engineering,Indian Institute of Technology Kharagpur,555,11,28
Dr                                                                                Arijit De,158167,Department of Electronics and Electrical Communication Engineering,Indian Institute of Technology Kharagpur,570,14,30
Dr                                                                                Arobinda Gupta,1705,Department of Computer Science and Engineering,Indian Institute of Technology Kharagpur,944,14,24
Prof                                                                                Sankar Kumar Nath,43043,Department of Geology and Geophysics,Indian Institute of Technology Kharagpur,1638,24,76
Dr                                                                                Moganapriya Chinnasamy,232968,Department of Mining Engineering,Indian Institute of Technology Kharagpur,241,7,54
Dr                                                                                Pranab Kumar Dan,158420,Rajendra Mishra School of Engineering Entrepreneurship,Indian Institute of Technology Kharagpur,605,15,48
Dr                                                                                Mira Mitra,157978,Department of Aerospace Engineering,Indian Institute of Technology Kharagpur,1657,22,50
Dr                                                                                Sandip Chakraborty,158118,Department of Computer Science and Engineering,Indian Institute of Technology Kharagpur,87,5,20
Prof                                                                                Bosukonda Murali Mohan,418,Department of Electrical Engineering,Indian Institute of Technology Kharagpur,854,16,42
Prof                                                                                Anirban Dhar,64524,,Indian Institute of Technology Kharagpur,1080,19,72
Prof                                                                                Baidurya Bhattacharya,158084,Department of Civil Engineering,Indian Institute of Technology Kharagpur,1071,18,61
Dr                                                                                Debarghya Chakraborty,158101,Department of Civil Engineering,Indian Institute of Technology Kharagpur,572,13,66
Prof                                                                                Bratin Ghosh,158185,Department of Electronics and Electrical Communication Engineering,Indian Institute of Technology Kharagpur,419,10,35
Prof                                                                                Goutam Chakraborty,158278,Department of Mechanical Engineering,Indian Institute of Technology Kharagpur,1067,17,57
Dr                                                                                Anirban Mukherjee,158139,Department of Electrical Engineering,Indian Institute of Technology Kharagpur,889,15,44
Dr                                                                                TRILOK SINGH,152650,Department of Materials Science,Indian Institute of Technology Kharagpur,1997,22,50
Dr                                                                                Soumyajit Dey,158120,Department of Computer Science and Engineering,Indian Institute of Technology Kharagpur,154,6,25
Dr                                                                                Aditya Bandopadhyay,158298,Department of Mechanical Engineering,Indian Institute of Technology Kharagpur,1357,23,71
Prof                                                                                Gargi Das,158041,Department of Chemical Engineering,Indian Institute of Technology Kharagpur,1200,20,67
Dr                                                                                K. Sudhakar Reddy,1591,Department of Civil Engineering,Indian Institute of Technology Kharagpur,906,17,52
Dr                                                                                Kousik Deb,158090,Department of Civil Engineering,Indian Institute of Technology Kharagpur,1178,19,61
Prof                                                                                Sanjay Kumar Chaturvedi,158453,Subir Chowdhury School of Quality and Reliability,Indian Institute of Technology Kharagpur,1187,18,51
Dr                                                                                Bhabagrahi Sahoo,158449,School of Water Resources,Indian Institute of Technology Kharagpur,1129,19,56
Dr                                                                                Basudev Lahiri,158179,Department of Electronics and Electrical Communication Engineering,Indian Institute of Technology Kharagpur,1039,16,34
Dr                                                                                Mangal Roy,158313,Department of Metallurgical and Materials Engineering,Indian Institute of Technology Kharagpur,3611,24,55
Dr                                                                                Saikat Chakraborty,158047,Department of Chemical Engineering,Indian Institute of Technology Kharagpur,847,17,53
Prof                                                                                Kanchan Chowdhury,158127,Centre for Cryogenic Engineering,Indian Institute of Technology Kharagpur,554,14,45
Prof                                                                                Tarun Kumar Kundu,158316,Department of Metallurgical and Materials Engineering,Indian Institute of Technology Kharagpur,287,10,47
Dr                                                                                Sourav Patra,158152,Department of Electrical Engineering,Indian Institute of Technology Kharagpur,668,16,47
Dr                                                                                Sudha Goel,158092,Department of Civil Engineering,Indian Institute of Technology Kharagpur,1585,16,45
Prof                                                                                Arnab Roy,157972,Department of Aerospace Engineering,Indian Institute of Technology Kharagpur,451,10,46
Prof                                                                                Manoranjan Sinha,157974,Department of Aerospace Engineering,Indian Institute of Technology Kharagpur,389,12,35
Prof                                                                                Swati Neogi,158054,Department of Chemical Engineering,Indian Institute of Technology Kharagpur,398,10,57
Dr                                                                                Monalisa Sarma,158456,Subir Chowdhury School of Quality and Reliability,Indian Institute of Technology Kharagpur,481,12,27
Dr                                                                                Bibhudatta Sahoo,158175,Department of Electronics and Electrical Communication Engineering,Indian Institute of Technology Kharagpur,463,9,27
Dr                                                                                Amit Ghosh,158188,Department of Materials Science,Indian Institute of Technology Kharagpur,1665,21,51
Prof                                                                                Vikranth Racherla,158280,Department of Mechanical Engineering,Indian Institute of Technology Kharagpur,756,15,50
Dr                                                                                Anandaroop Bhattacharya,158281,Department of Mechanical Engineering,Indian Institute of Technology Kharagpur,1825,14,42
Prof                                                                                Shampa Aich,158306,Department of Metallurgical and Materials Engineering,Indian Institute of Technology Kharagpur,686,14,47
Dr                                                                                Aniruddha Sengupta,1611,Department of Civil Engineering,Indian Institute of Technology Kharagpur,807,14,52
Dr                                                                                Sourav Mondal,158052,Department of Chemical Engineering,Indian Institute of Technology Kharagpur,770,17,53
Dr                                                                                Suman Maiti,158150,Department of Electrical Engineering,Indian Institute of Technology Kharagpur,1073,11,22
Dr                                                                                Rajarshi Roy,158173,Department of Electronics and Electrical Communication Engineering,Indian Institute of Technology Kharagpur,397,12,30
Dr                                                                                Jinu Paul,158288,Department of Mechanical Engineering,Indian Institute of Technology Kharagpur,1532,20,48
Dr                                                                                Parthasarathi Chakraborty,158389,"Centre For Oceans, Rivers, Atmosphere and Land Science",Indian Institute of Technology Kharagpur,1683,27,52
Dr                                                                                Mrigank Sharad,158421,Rajendra Mishra School of Engineering Entrepreneurship,Indian Institute of Technology Kharagpur,798,15,16
Dr                                                                                Suresh Chandra Pradhan,157979,Department of Aerospace Engineering,Indian Institute of Technology Kharagpur,4026,26,52
Dr                                                                                Chetna Singhal,158183,Department of Electronics and Electrical Communication Engineering,Indian Institute of Technology Kharagpur,221,8,19
Dr                                                                                Nirmalya Ghosh,158149,Department of Electrical Engineering,Indian Institute of Technology Kharagpur,366,10,22
Dr                                                                                Shibayan Roy,158411,Materials Science Centre,Indian Institute of Technology Kharagpur,1446,20,48
Dr                                                                                Subhransu Roy,1596,Department of Mechanical Engineering,Indian Institute of Technology Kharagpur,1009,16,45
Dr                                                                                Sant Sharan Pathak,32163,Department of Electronics and Electrical Communication Engineering,Indian Institute of Technology Kharagpur,279,6,23
Dr                                                                                Arnab Atta,158045,Department of Chemical Engineering,Indian Institute of Technology Kharagpur,614,14,47
Dr                                                                                Somenath Ganguly,158048,Department of Chemical Engineering,Indian Institute of Technology Kharagpur,303,9,50
Prof                                                                                Sujit Kumar Dash,158080,Department of Civil Engineering,Indian Institute of Technology Kharagpur,2264,23,47
Prof                                                                                Bhargab Maitra,158085,Department of Civil Engineering,Indian Institute of Technology Kharagpur,419,12,44
Dr                                                                                Debashis Sen,158182,Department of Electronics and Electrical Communication Engineering,Indian Institute of Technology Kharagpur,564,11,23
Dr                                                                                Saumik Bhattacharya,158156,Department of Electronics and Electrical Communication Engineering,Indian Institute of Technology Kharagpur,228,9,18
Prof                                                                                Biswajit Samanta,158325,Department of Mining Engineering,Indian Institute of Technology Kharagpur,419,12,41
Dr                                                                                Om Prakash Sha,1618,Department of Ocean Engineering and Naval Architecture,Indian Institute of Technology Kharagpur,366,12,37
Dr                                                                                Sujoy Ghosh,2129,Department of Computer Science and Engineering,Indian Institute of Technology Kharagpur,391,11,31
Dr                                                                                Prashanth Reddy Hanmaiahgari,158093,Department of Civil Engineering,Indian Institute of Technology Kharagpur,266,9,34
Prof                                                                                Khanindra Pathak,158328,Department of Mining Engineering,Indian Institute of Technology Kharagpur,686,16,45
Dr                                                                                Partha Sarathi Ghosal,158450,School of Water Resources,Indian Institute of Technology Kharagpur,1093,17,39
Dr                                                                                Kaushal Kumar Bhagat,176930,Advanced Technology Development Centre,Indian Institute of Technology Kharagpur,527,11,29
Dr                                                                                Kalyan Prasad Sinhamahapatra,1637,Department of Aerospace Engineering,Indian Institute of Technology Kharagpur,703,14,35
Dr                                                                                Sujoy  Kumar Kar,158309,Department of Metallurgical and Materials Engineering,Indian Institute of Technology Kharagpur,1076,17,42
Dr                                                                                Sudeshna Mitra,158095,Department of Civil Engineering,Indian Institute of Technology Kharagpur,641,14,36
Dr                                                                                Sourangshu Bhattacharya,158117,,Indian Institute of Technology Kharagpur,280,8,13
Dr                                                                                Dhananjay Kumar Srivastava,158290,Department of Mechanical Engineering,Indian Institute of Technology Kharagpur,1161,16,34
Dr                                                                                Renji Remesan,158451,School of Water Resources,Indian Institute of Technology Kharagpur,904,17,35
Dr                                                                                Neeraj Kumar Goyal,158454,Subir Chowdhury School of Quality and Reliability,Indian Institute of Technology Kharagpur,412,12,36
Dr                                                                                Mohammed Rabius Sunny,157990,Department of Aerospace Engineering,Indian Institute of Technology Kharagpur,201,9,29
Dr                                                                                Sudip Nag,158180,Department of Electronics and Electrical Communication Engineering,Indian Institute of Technology Kharagpur,448,12,21
Prof                                                                                Paresh Nath Singha Roy,158200,Department of Geology and Geophysics,Indian Institute of Technology Kharagpur,569,15,46
Prof                                                                                Ashis Bhattacherjee,158324,Department of Mining Engineering,Indian Institute of Technology Kharagpur,779,13,43
Dr                                                                                Sankha Deb,158285,,Indian Institute of Technology Kharagpur,449,10,36
Dr                                                                                Tapas Kumar Bandyopadhyay,158317,Department of Metallurgical and Materials Engineering,Indian Institute of Technology Kharagpur,858,16,38
Dr                                                                                Srinibas Karmakar,157977,Department of Aerospace Engineering,Indian Institute of Technology Kharagpur,538,12,38
Dr                                                                                Shamik Chowdhury,158190,Department of Environmental Science and Engineering,Indian Institute of Technology Kharagpur,1457,15,30
Dr                                                                                Ayan Roy Chaudhuri,61134,Materials Science Centre,Indian Institute of Technology Kharagpur,819,13,39
Prof                                                                                Ratnam Varada Raja Kumar,158160,Department of Electronics and Electrical Communication Engineering,Indian Institute of Technology Kharagpur,813,9,16
Dr                                                                                Amlan Dutta,158312,Department of Metallurgical and Materials Engineering,Indian Institute of Technology Kharagpur,231,8,38
Dr                                                                                Aditya Kumar Patra,158330,Department of Mining Engineering,Indian Institute of Technology Kharagpur,769,14,36
Dr                                                                                Vishwanath Nagarajan,158337,Department of Ocean Engineering and Naval Architecture,Indian Institute of Technology Kharagpur,247,9,36
Dr                                                                                Kamal Lochan Pruseth,158202,Department of Geology and Geophysics,Indian Institute of Technology Kharagpur,765,16,43
Dr                                                                                Manjira Sinha,158386,Centre For Educational Technology,Indian Institute of Technology Kharagpur,113,6,7
Dr                                                                                Gorachand Dutta,158448,School of Medical Science and Technology,Indian Institute of Technology Kharagpur,457,13,23
Dr                                                                                Jayanta Chakraborty,158046,Department of Chemical Engineering,Indian Institute of Technology Kharagpur,603,15,42
Dr                                                                                Aritra Hazra,158123,Department of Computer Science and Engineering,Indian Institute of Technology Kharagpur,133,7,18
Dr                                                                                Ashish Ranjan Hota,158141,Department of Electrical Engineering,Indian Institute of Technology Kharagpur,348,11,15
Dr                                                                                Tanmoy Bhattacharya,158143,Department of Electrical Engineering,Indian Institute of Technology Kharagpur,357,8,13
Dr                                                                                Mrinal Kaushik,157986,,Indian Institute of Technology Kharagpur,208,8,23
Dr                                                                                Palash Dey,158114,Department of Computer Science and Engineering,Indian Institute of Technology Kharagpur,224,10,10
Dr                                                                                Sudipta Mahapatra,158170,Department of Electronics and Electrical Communication Engineering,Indian Institute of Technology Kharagpur,377,12,21
Dr                                                                                Atul Jain,158287,Department of Mechanical Engineering,Indian Institute of Technology Kharagpur,289,9,24
Dr                                                                                Siddhartha Roy,158314,Department of Metallurgical and Materials Engineering,Indian Institute of Technology Kharagpur,546,14,33
Dr                                                                                Kiran Vijayan,158343,Department of Ocean Engineering and Naval Architecture,Indian Institute of Technology Kharagpur,244,8,25
Dr                                                                                Basab Chakraborty,158419,Rajendra Mishra School of Engineering Entrepreneurship,Indian Institute of Technology Kharagpur,662,13,32
Dr                                                                                Dipanwita Roychowdhury,1600,Department of Computer Science and Engineering,Indian Institute of Technology Kharagpur,292,11,15
Dr                                                                                Indranil Ghosh,158129,Centre for Cryogenic Engineering,Indian Institute of Technology Kharagpur,690,12,33
Prof                                                                                Hari V Warrior,158336,Department of Ocean Engineering and Naval Architecture,Indian Institute of Technology Kharagpur,350,10,33
Dr                                                                                Mihir Kumar Dash,158390,"Centre For Oceans, Rivers, Atmosphere and Land Science",Indian Institute of Technology Kharagpur,331,10,34
Dr                                                                                Amit Shaw,158096,Department of Civil Engineering,Indian Institute of Technology Kharagpur,619,14,37
Dr                                                                                Paramita Bhattacharya,158100,,Indian Institute of Technology Kharagpur,237,8,29
Dr                                                                                Dheeman Chatterjee,158145,Department of Electrical Engineering,Indian Institute of Technology Kharagpur,439,10,11
Dr                                                                                Souvik Chattopadhyay,158146,Department of Electrical Engineering,Indian Institute of Technology Kharagpur,564,11,11
Dr                                                                                Rajiv Ranjan Sahay,158154,Department of Electrical Engineering,Indian Institute of Technology Kharagpur,326,10,14
Dr                                                                                Jitendra Kumar Jha,158237,Department of Industrial and Systems Engineering,Indian Institute of Technology Kharagpur,662,13,36
Dr                                                                                Somnath Roy,158282,Department of Mechanical Engineering,Indian Institute of Technology Kharagpur,217,8,31
Dr                                                                                Vanteru Mahendra Reddy,158291,Department of Mechanical Engineering,Indian Institute of Technology Kharagpur,356,10,37
Prof                                                                                Maddali Ramgopal,158294,Department of Mechanical Engineering,Indian Institute of Technology Kharagpur,747,13,28
Dr                                                                                Ranadev Datta,158340,Department of Ocean Engineering and Naval Architecture,Indian Institute of Technology Kharagpur,248,9,27
Dr                                                                                Vivek Dixit,48442,,Indian Institute of Technology Kharagpur,207,8,20
Dr                                                                                Mohammad Saud Afzal,158099,Department of Civil Engineering,Indian Institute of Technology Kharagpur,216,8,29
Dr                                                                                Puneet Kumar Patra,158104,Department of Civil Engineering,Indian Institute of Technology Kharagpur,220,9,34
Prof                                                                                Sanghamitra Ray,158201,Department of Geology and Geophysics,Indian Institute of Technology Kharagpur,920,19,39
Dr                                                                                Nabanita Datta,158339,Department of Ocean Engineering and Naval Architecture,Indian Institute of Technology Kharagpur,158,7,26
Prof                                                                                Koustav Rudra,308199,Department of Computer Science and Engineering,Indian Institute of Technology Kharagpur,562,13,8
Dr                                                                                Prashant Anand,287328,Department of Architecture and Regional Planning,Indian Institute of Technology Kharagpur,437,11,21
Dr                                                                                Tapas K Bhattacharya,2014,Department of Electrical Engineering,Indian Institute of Technology Kharagpur,390,11,19
Dr                                                                                Debashis Mandal,94274,Department of Electrical Engineering,Indian Institute of Technology Kharagpur,178,10,19
Dr                                                                                Sudeshna Kolay,158105,Department of Computer Science and Engineering,Indian Institute of Technology Kharagpur,144,7,14
Prof                                                                                Sanjay Gupta,158279,Department of Mechanical Engineering,Indian Institute of Technology Kharagpur,578,15,29
Dr                                                                                Jeevanjyoti Chakraborty,158284,Department of Mechanical Engineering,Indian Institute of Technology Kharagpur,428,11,30
Dr                                                                                Indrani Sen,158315,Department of Metallurgical and Materials Engineering,Indian Institute of Technology Kharagpur,1081,16,29
Dr                                                                                Sudebkumar Prasant Pal,25233,Department of Computer Science and Engineering,Indian Institute of Technology Kharagpur,149,8,21
Dr                                                                                Kranthi Kumar Kuna,158103,Department of Civil Engineering,Indian Institute of Technology Kharagpur,103,6,27
Dr                                                                                Chirodeep Bakli,158189,Department of Materials Science,Indian Institute of Technology Kharagpur,222,9,29
Dr                                                                                Somjeet Biswas,158311,Department of Metallurgical and Materials Engineering,Indian Institute of Technology Kharagpur,1067,16,28
Dr                                                                                Joy Sen,1608,Department of Architecture and Regional Planning,Indian Institute of Technology Kharagpur,152,5,12
Dr                                                                                Chetankumar Mistry,53130,Department of Aerospace Engineering,Indian Institute of Technology Kharagpur,178,7,11
Dr                                                                                Pralay Mitra,158125,Department of Computer Science and Engineering,Indian Institute of Technology Kharagpur,258,9,30
Dr                                                                                Sri Krishna Kumar,158239,Department of Industrial and Systems Engineering,Indian Institute of Technology Kharagpur,1087,19,30
Dr                                                                                Rajaram Lakkaraju,158299,Department of Mechanical Engineering,Indian Institute of Technology Kharagpur,160,7,28
Dr                                                                                Aneek Adhya,158404,G.S Sanyal School of Telecommunication,Indian Institute of Technology Kharagpur,74,5,16
Prof                                                                                Arghya Deb,158081,Department of Civil Engineering,Indian Institute of Technology Kharagpur,386,10,30
Dr                                                                                Somnath Ghosh,157975,Department of Aerospace Engineering,Indian Institute of Technology Kharagpur,188,8,17
Dr                                                                                Sunil Manohar Dash,157981,Department of Aerospace Engineering,Indian Institute of Technology Kharagpur,217,9,21
Dr                                                                                Sushanta Chakraborty,158089,Department of Civil Engineering,Indian Institute of Technology Kharagpur,294,11,27
Dr                                                                                Abhiram Kumar Verma,158332,Department of Mining Engineering,Indian Institute of Technology Kharagpur,150,6,24
Dr                                                                                Kaushik Dey,158333,Department of Mining Engineering,Indian Institute of Technology Kharagpur,143,8,22
Dr                                                                                Anup Ghosh,157983,Department of Aerospace Engineering,Indian Institute of Technology Kharagpur,180,9,22
Dr                                                                                Anirban Bhattacharyya,158338,Department of Ocean Engineering and Naval Architecture,Indian Institute of Technology Kharagpur,296,8,20
Dr                                                                                Somnath Sengupta,158376,Advanced Technology Development Centre,Indian Institute of Technology Kharagpur,109,6,10
Dr                                                                                Prasun Jana,157985,Department of Aerospace Engineering,Indian Institute of Technology Kharagpur,255,7,21
Dr                                                                                Mainack Mondal,158115,Department of Computer Science and Engineering,Indian Institute of Technology Kharagpur,466,11,4
Dr                                                                                Mihir Sarangi,158297,Department of Mechanical Engineering,Indian Institute of Technology Kharagpur,331,11,25
Dr                                                                                Basanta Kumar Prusty,158331,Department of Mining Engineering,Indian Institute of Technology Kharagpur,678,12,24
Dr                                                                                Gautam Poddar,158140,Department of Electrical Engineering,Indian Institute of Technology Kharagpur,618,15,18
Dr                                                                                Arun Ghosh,158148,Department of Electrical Engineering,Indian Institute of Technology Kharagpur,333,8,22
Dr                                                                                Amitalok Jayant Budkuley,158178,Department of Electronics and Electrical Communication Engineering,Indian Institute of Technology Kharagpur,53,4,3
Dr                                                                                Rajiv Nandan Rai,158455,Subir Chowdhury School of Quality and Reliability,Indian Institute of Technology Kharagpur,163,7,15
Dr                                                                                Sikha Hota,157984,Department of Aerospace Engineering,Indian Institute of Technology Kharagpur,210,7,10
Dr                                                                                Monojit Chakraborty,158050,Department of Chemical Engineering,Indian Institute of Technology Kharagpur,237,11,25
Dr                                                                                Harikrishnan G,158056,Department of Chemical Engineering,Indian Institute of Technology Kharagpur,652,14,26
Prof                                                                                Nirjhar Dhang,158087,Department of Civil Engineering,Indian Institute of Technology Kharagpur,743,10,21
Dr                                                                                Biswanath Banerjee,158088,Department of Civil Engineering,Indian Institute of Technology Kharagpur,358,11,22
Dr                                                                                Ritwik Kumar Layek,158169,Department of Electronics and Electrical Communication Engineering,Indian Institute of Technology Kharagpur,228,8,13
Dr                                                                                Banibrata Mukherjee,158375,Advanced Technology Development Centre,Indian Institute of Technology Kharagpur,132,6,16
Prof                                                                                Partha Pratim Das,158106,Department of Computer Science and Engineering,Indian Institute of Technology Kharagpur,85,5,6
Dr                                                                                Abhay Singh,158132,Centre for Cryogenic Engineering,Indian Institute of Technology Kharagpur,46,4,12
Dr                                                                                Sabyasachi Maiti,158205,,Indian Institute of Technology Kharagpur,408,8,25
Dr                                                                                Ashis Maity,158151,Department of Electrical Engineering,Indian Institute of Technology Kharagpur,262,8,12
Dr                                                                                Akhilesh Kumar,158238,Department of Industrial and Systems Engineering,Indian Institute of Technology Kharagpur,476,13,18
Mr                                                                                Soumyajit Sarkar,360084,School of Environmental Science and Engineering,Indian Institute of Technology Kharagpur,114,6,20
Dr                                                                                S Ramanujam,1584,Department of Mechanical Engineering,Indian Institute of Technology Kharagpur,896,9,17
Dr                                                                                Sudha Agrahari,158204,Department of Geology and Geophysics,Indian Institute of Technology Kharagpur,149,8,19
Dr                                                                                Amit Kumar Dutta,158405,G.S Sanyal School of Telecommunication,Indian Institute of Technology Kharagpur,94,6,21
Dr                                                                                Arkopal Kishore Goswami,158435,Ranbir and Chitra Gupta School of Infrastructure Design and Management,Indian Institute of Technology Kharagpur,171,6,16
Dr                                                                                Manoj Kumar Tiwari,158452,School of Water Resources,Indian Institute of Technology Kharagpur,518,10,21
Dr                                                                                Dipankar Debnath,158147,Department of Electrical Engineering,Indian Institute of Technology Kharagpur,289,8,13
Dr                                                                                Jiaul Hoque Paik,158385,Centre For Educational Technology,Indian Institute of Technology Kharagpur,285,8,8
Mr                                                                                Subhabrata Ray,1594,Department of Chemical Engineering,Indian Institute of Technology Kharagpur,574,12,22
Dr                                                                                Gourab Dutta,158184,,Indian Institute of Technology Kharagpur,209,7,15
Prof                                                                                Animesh Mukherjee,64469,Department of Computer Science and Engineering,Indian Institute of Technology Kharagpur,630,10,9
Dr                                                                                Naba Kumar Peyada,157987,Department of Aerospace Engineering,Indian Institute of Technology Kharagpur,167,6,13
Dr                                                                                Shubha Verma,158097,Department of Civil Engineering,Indian Institute of Technology Kharagpur,411,15,21
Dr                                                                                Swagato Sanyal,158116,Department of Computer Science and Engineering,Indian Institute of Technology Kharagpur,60,5,4
Dr                                                                                Abir Das,158119,Department of Computer Science and Engineering,Indian Institute of Technology Kharagpur,791,11,6
Dr                                                                                Tapas Kumar Nandi,158130,Centre for Cryogenic Engineering,Indian Institute of Technology Kharagpur,255,7,16
Prof                                                                                Arindam Basu,158199,Department of Geology and Geophysics,Indian Institute of Technology Kharagpur,545,8,15
Dr                                                                                Amit Bhaduri,16695,Department of Metallurgical and Materials Engineering,Indian Institute of Technology Kharagpur,34,3,1
Dr                                                                                Sarang Pendharker,158181,Department of Electronics and Electrical Communication Engineering,Indian Institute of Technology Kharagpur,160,8,14
Dr                                                                                Ritwik Ghoshal,158341,Department of Ocean Engineering and Naval Architecture,Indian Institute of Technology Kharagpur,116,7,15
Dr                                                                                Arunjyoti Sarkar,158342,Department of Ocean Engineering and Naval Architecture,Indian Institute of Technology Kharagpur,139,6,13
Mr                                                                                BIJAYA BIKRAM SAMAL,314816,Department of Mechanical Engineering,Indian Institute of Technology Kharagpur,16,3,2
Dr                                                                                Chenna Rao Borra,158300,Department of Metallurgical and Materials Engineering,Indian Institute of Technology Kharagpur,804,12,14
Dr                                                                                Ratan Joarder,157976,Department of Aerospace Engineering,Indian Institute of Technology Kharagpur,154,6,14
Dr                                                                                Manish Kaushal,158051,Department of Chemical Engineering,Indian Institute of Technology Kharagpur,96,5,18
Dr                                                                                Kingshook Bhattacharyya,158296,Department of Mechanical Engineering,Indian Institute of Technology Kharagpur,143,6,12
Mr                                                                                DEBORSI BASU,224065,G.S Sanyal School of Telecommunication,Indian Institute of Technology Kharagpur,30,3,4
Ms                                                                                SRICHETA PARUI,224206,Department of Computer Science and Engineering,Indian Institute of Technology Kharagpur,50,5,2
Dr                                                                                Sandeep Saha,157989,Department of Aerospace Engineering,Indian Institute of Technology Kharagpur,23,2,8
Dr                                                                                Pavitra Sandilya,158131,Centre for Cryogenic Engineering,Indian Institute of Technology Kharagpur,199,6,11
Prof                                                                                Amitabha Bhattacharya,158159,Department of Electronics and Electrical Communication Engineering,Indian Institute of Technology Kharagpur,77,3,9
Prof                                                                                Sati Nath Bhattacharyya,158292,Department of Mechanical Engineering,Indian Institute of Technology Kharagpur,80,5,15
Prof                                                                                M Amarnatha Reddy,158083,Department of Civil Engineering,Indian Institute of Technology Kharagpur,151,6,13
Dr                                                                                Nilanjan Das Chakladar,158283,Department of Mechanical Engineering,Indian Institute of Technology Kharagpur,318,8,14
Dr                                                                                Bibhuti Bhusan Mandal,158329,Department of Mining Engineering,Indian Institute of Technology Kharagpur,105,6,10
Dr                                                                                C Shaji,158392,"Centre For Oceans, Rivers, Atmosphere and Land Science",Indian Institute of Technology Kharagpur,203,6,15
Dr                                                                                Anirvan Dasgupta,16673,Department of Mechanical Engineering,Indian Institute of Technology Kharagpur,3,1,8
Dr                                                                                Aniket Singha,158177,Department of Electronics and Electrical Communication Engineering,Indian Institute of Technology Kharagpur,93,7,12
Dr                                                                                Ayantika Chatterjee,158374,Advanced Technology Development Centre,Indian Institute of Technology Kharagpur,130,7,4
Dr                                                                                Ankur Roy,158398,Deysarkar Centre of Excellence in Petroleum Engineering,Indian Institute of Technology Kharagpur,65,4,8
Dr                                                                                Swati  Maitra,158436,Ranbir and Chitra Gupta School of Infrastructure Design and Management,Indian Institute of Technology Kharagpur,153,6,10
Dr                                                                                Kumar Ray,1457,Department of Mechanical Engineering,Indian Institute of Technology Kharagpur,236,7,10
Dr                                                                                Subrata Chattopadhyay,1843,Department of Architecture and Regional Planning,Indian Institute of Technology Kharagpur,121,5,10
Dr                                                                                Susmita Bhattacharyya,157980,Department of Aerospace Engineering,Indian Institute of Technology Kharagpur,116,5,9
Dr                                                                                Pranab Deb,158393,"Centre For Oceans, Rivers, Atmosphere and Land Science",Indian Institute of Technology Kharagpur,674,6,12
Dr                                                                                Shambhu Sau,158133,Department of Electrical Engineering,Indian Institute of Technology Kharagpur,101,5,4
Dr                                                                                Balagopal G Menon,158240,Department of Industrial and Systems Engineering,Indian Institute of Technology Kharagpur,48,4,10
Dr                                                                                Goutam Sen,158242,Department of Industrial and Systems Engineering,Indian Institute of Technology Kharagpur,54,5,9
Prof                                                                                Bhaskaran Prasad Kumar,158335,Department of Ocean Engineering and Naval Architecture,Indian Institute of Technology Kharagpur,212,8,11
Dr                                                                                Uttam K Banerjee,2054,Department of Architecture and Regional Planning,Indian Institute of Technology Kharagpur,130,5,5
Dr                                                                                Somindu Chaya Ramanna,158126,Department of Computer Science and Engineering,Indian Institute of Technology Kharagpur,97,6,3
Dr                                                                                Akshay Prakash,157988,Department of Aerospace Engineering,Indian Institute of Technology Kharagpur,78,3,4
Dr                                                                                Shaikh Jahangir Hossain,158102,Department of Civil Engineering,Indian Institute of Technology Kharagpur,80,3,6
Dr                                                                                Rajat Roy,158174,Department of Electronics and Electrical Communication Engineering,Indian Institute of Technology Kharagpur,3,1,8
Dr                                                                                Aditya Vyas,158399,Deysarkar Centre of Excellence in Petroleum Engineering,Indian Institute of Technology Kharagpur,82,4,4
Dr                                                                                Somnath Sen,1610,Department of Architecture and Regional Planning,Indian Institute of Technology Kharagpur,538,7,7
Dr                                                                                Saurav Pramanik,158153,Department of Electrical Engineering,Indian Institute of Technology Kharagpur,15,3,5
Mr                                                                                Hemant Singh,360718,School of Environmental Science and Engineering,Indian Institute of Technology Kharagpur,N/A,N/A,7
Dr                                                                                Sayak Roychowdhury,158241,Department of Industrial and Systems Engineering,Indian Institute of Technology Kharagpur,23,2,4
Dr                                                                                Siddhartha Das,1673,Department of Metallurgical and Materials Engineering,Indian Institute of Technology Kharagpur,68,3,4
Dr                                                                                Amar Nath Samanta,1606,Department of Chemical Engineering,Indian Institute of Technology Kharagpur,122,3,4
Dr                                                                                Debasis Roy,1451,Department of Civil Engineering,Indian Institute of Technology Kharagpur,N/A,N/A,1
Dr                                                                                Prabir Kumar Biswas,1831,Department of Electronics and Electrical Communication Engineering,Indian Institute of Technology Kharagpur,39,1,2
Mr                                                                                ABHISHEK GHOSH,459239,School of Nanoscience and Nanotechnology,Indian Institute of Technology Kharagpur,1,1,2
Dr                                                                                Siddhartha Mukhopadhyay,1752,Department of Electrical Engineering,Indian Institute of Technology Kharagpur,43,1,1
Dr                                                                                Sukanta K Dash,1851,Department of Mechanical Engineering,Indian Institute of Technology Kharagpur,11,1,2
Dr                                                                                Jayanta Bhattacharyya,2007,Department of Mining Engineering,Indian Institute of Technology Kharagpur,N/A,N/A,1
Dr                                                                                Arijit Mondal,158396,Centre of Excellence in Artificial Intelligence (AI),Indian Institute of Technology Kharagpur,1,1,1
Dr                                                                                Gour Gopal Roy,1453,Department of Metallurgical and Materials Engineering,Indian Institute of Technology Kharagpur,41,1,1
Dr                                                                                Souvik Bhattacharyya,16671,Department of Mechanical Engineering,Indian Institute of Technology Kharagpur,4,1,1
Dr                                                                                Arnab Sarkar,158373,Advanced Technology Development Centre,Indian Institute of Technology Kharagpur,3,1,1
Dr                                                                                Manas K Laha,1716,Department of Aerospace Engineering,Indian Institute of Technology Kharagpur,N/A,N/A,N/A
Dr                                                                                Jayanta Mykhopadhyay,1749,Department of Computer Science and Engineering,Indian Institute of Technology Kharagpur,N/A,N/A,N/A
Dr                                                                                Ranjan Bhattacharyya,2010,Department of Mechanical Engineering,Indian Institute of Technology Kharagpur,N/A,N/A,N/A
Dr                                                                                Jaydip Barman,2285,Department of Architecture and Regional Planning,Indian Institute of Technology Kharagpur,N/A,N/A,N/A
Dr                                                                                Amita Mahanty,16616,Department of Chemistry,Indian Institute of Technology Kharagpur,N/A,N/A,N/A
Dr                                                                                A Routh Ray,16626,Department of Electrical Engineering,Indian Institute of Technology Kharagpur,1778,18,49
Dr                                                                                Nirupam Chakraborti,16678,Department of Metallurgical and Materials Engineering,Indian Institute of Technology Kharagpur,N/A,N/A,N/A
Dr                                                                                Amardip Ghosh,157982,Department of Aerospace Engineering,Indian Institute of Technology Kharagpur,N/A,N/A,N/A
Dr                                                                                Sanand Dilip Amita Athalye,158142,Department of Electrical Engineering,Indian Institute of Technology Kharagpur,N/A,N/A,N/A
Dr                                                                                Avishek Chatterjee,158144,Department of Electrical Engineering,Indian Institute of Technology Kharagpur,N/A,N/A,N/A
Dr                                                                                Sunita Mishra,158319,Department of Mining Engineering,Indian Institute of Technology Kharagpur,N/A,N/A,N/A
Dr                                                                                Shantanu Kumar Patel,158320,Department of Mining Engineering,Indian Institute of Technology Kharagpur,N/A,N/A,N/A
Prof                                                                                S Suryanarayana Bhamidipati,158321,Department of Mining Engineering,Indian Institute of Technology Kharagpur,N/A,N/A,N/A
Prof                                                                                Samir Kumar Das,158322,Department of Mining Engineering,Indian Institute of Technology Kharagpur,N/A,N/A,N/A
Dr                                                                                Rakesh Kumar,158334,Department of Mining Engineering,Indian Institute of Technology Kharagpur,N/A,N/A,N/A
Dr                                                                                Achanta Naga Venkata Satyanarayana,158391,"Centre For Oceans, Rivers, Atmosphere and Land Science",Indian Institute of Technology Kharagpur,N/A,N/A,N/A
Dr                                                                                Adway Mitra,158395,Centre of Excellence in Artificial Intelligence (AI),Indian Institute of Technology Kharagpur,N/A,N/A,N/A
Dr                                                                                Sandeep D Kulkarni,158397,Deysarkar Centre of Excellence in Petroleum Engineering,Indian Institute of Technology Kharagpur,N/A,N/A,N/A
Dr                                                                                Ankhi Banerjee,158434,Ranbir and Chitra Gupta School of Infrastructure Design and Management,Indian Institute of Technology Kharagpur,N/A,N/A,N/A
Prof                                                                                Subhajyoti  Mukherjee,175575,,Indian Institute of Technology Kharagpur,N/A,N/A,N/A
Subhasis Mahata,225925,Department of Electronics and Electrical Communication Engineering,Indian Institute of Technology Kharagpur,N/A,N/A,N/A
