Name,Vidwan ID,Department,College,Total Citations,H Index,Journal Articles
Dr.                                                                                Santosh Kumar Das,92459,School of Physical Sciences,"Indian Institute of Technology, Goa",1599,22,68
Dr.                                                                                Sudipta Kanungo,92461,School of Physical Sciences,"Indian Institute of Technology, Goa",485,12,40
Dr                                                                                Sandip Haldar,100615,School of Mechanical Sciences,"Indian Institute of Technology, Goa",348,11,21
Dr.                                                                                Sujit Kumar Sahoo,92401,School of Electrical Sciences,"Indian Institute of Technology, Goa",605,12,16
Dr.                                                                                Nandakumar N P,92397,School of Electrical Sciences,"Indian Institute of Technology, Goa",112,6,8
Dr.                                                                                Thaseem Thajudeen,92439,School of Mechanical Sciences,"Indian Institute of Technology, Goa",626,13,29
Dr.                                                                                Raja Mitra,92393,School of Chemical and Materials Sciences,"Indian Institute of Technology, Goa",753,11,25
Dr.                                                                                Santosh Kumar,92463,School of Physical Sciences,"Indian Institute of Technology, Goa",1411,19,23
Dr.                                                                                Sashidhar S,92409,School of Electrical Sciences,"Indian Institute of Technology, Goa",142,6,7
Dr.                                                                                Rishikesh Narayan,92395,School of Chemical and Materials Sciences,"Indian Institute of Technology, Goa",1203,13,17
Dr                                                                                Vaibhav Wasnik,92457,School of Physical Sciences,"Indian Institute of Technology, Goa",84,5,19
Dr                                                                                Shitala Prasad,369550,School of Mathematics and Computer Science,"Indian Institute of Technology, Goa",14,2,8
Dr.                                                                                E. Siva Subramaniam Iyer,92391,School of Chemical and Materials Sciences,"Indian Institute of Technology, Goa",144,7,15
Dr                                                                                Ravi Sankannavar,98779,School of Chemical and Materials Sciences,"Indian Institute of Technology, Goa",130,6,12
Dr.                                                                                Arindam Das,92445,School of Mechanical Sciences,"Indian Institute of Technology, Goa",957,9,13
Dr.                                                                                Neelakandan Rajamohan,92407,School of Electrical Sciences,"Indian Institute of Technology, Goa",16,3,11
Dr                                                                                Sheron Figarado,92411,School of Electrical Sciences,"Indian Institute of Technology, Goa",97,4,7
Dr.                                                                                Saumya Bajpai,92427,School of Mathematics and Computer Science,"Indian Institute of Technology, Goa",118,7,13
Dr.                                                                                Sunil Paul,92413,School of Humanities and Social Sciences,"Indian Institute of Technology, Goa",24,3,10
Dr                                                                                Clint Pazhayidam George,92425,School of Mathematics and Computer Science,"Indian Institute of Technology, Goa",36,4,2
Dr.                                                                                Ashish Bhateja,92447,School of Mechanical Sciences,"Indian Institute of Technology, Goa",49,4,9
Dr.                                                                                Sudhakar Yogaraj,92441,School of Mechanical Sciences,"Indian Institute of Technology, Goa",176,6,8
Dr.                                                                                Shiv Parsad,92429,School of Mathematics and Computer Science,"Indian Institute of Technology, Goa",19,3,8
Dr                                                                                Ashok Ummireddi,477204,School of Chemical and Materials Sciences,"Indian Institute of Technology, Goa",74,4,6
Dr                                                                                Satyaprakash Ahirwar,242596,School of Chemical and Materials Sciences,"Indian Institute of Technology, Goa",197,3,5
Dr                                                                                 Anandarao Suvvari,538294,School of Humanities and Social Sciences,"Indian Institute of Technology, Goa",N/A,N/A,N/A
