Name,Vidwan ID,Department,College,Total Citations,H Index,Journal Articles
Prof                                                                                Kamal Ahmed,243974,Department of Pharmacy,"Birla Institute of Technology and Science, Pilani",17292,60,530
Prof                                                                                Dharmarajan Sriram,60289,Department of Pharmacy,"Birla Institute of Technology and Science, Pilani",16942,58,497
Prof                                                                                Amit Kumar Gupta,229018,Department of Mechanical Engineering,"Birla Institute of Technology and Science, Pilani",6586,40,214
Prof                                                                                V. Ramgopal  Rao,11824,Department of Electrical and Electronics engineering,"Birla Institute of Technology and Science, Pilani",6588,43,220
Prof                                                                                Perumal Yogeeswari,61649,Department of Pharmacy,"Birla Institute of Technology and Science, Pilani",12998,56,339
Prof                                                                                Benjaram Mahipal Reddy,253397,Department of Chemistry,"Birla Institute of Technology and Science, Pilani",16341,73,280
Prof                                                                                Madhukar Mishra,228461,Department of Physics,"Birla Institute of Technology and Science, Pilani",11285,58,288
Dr                                                                                Sanket Goel,228711,Department of Electrical and Electronics Engineering,"Birla Institute of Technology and Science, Pilani",3953,30,209
Dr                                                                                Arvind K Sharma,227763,Department of Chemical Engineering,"Birla Institute of Technology and Science, Pilani",1891,20,217
Dr                                                                                Ramakrishnan Ganesan,230446,Department of Chemistry,"Birla Institute of Technology and Science, Pilani",4388,35,243
Dr                                                                                Mahesh Radhakrishnan,31559,Department of Pharmacy,"Birla Institute of Technology and Science, Pilani",1935,25,198
Prof                                                                                Pradyumn Kumar  Sahoo,230880,Department of Mathematics,"Birla Institute of Technology and Science, Pilani",4681,35,259
Dr                                                                                Mandalika B SRINIVAS,308363,Department of Electrical and Electronics engineering,"Birla Institute of Technology and Science, Pilani",2248,22,41
Dr                                                                                Rajesh Kumar,228618,Department of Mathematics,"Birla Institute of Technology and Science, Pilani",1729,20,161
Dr                                                                                Narendra Nath Ghosh,229971,Department of Chemistry,"Birla Institute of Technology and Science, Pilani",6287,38,209
Prof                                                                                Srinivasan  Madapusi,252242,Department of Chemical Engineering,"Birla Institute of Technology and Science, Pilani",9224,47,157
Dr                                                                                Kuldip Singh Sangwan,31029,Department of Mechanical Engineering,"Birla Institute of Technology and Science, Pilani",5228,35,81
Prof                                                                                Balaram Ghosh,229008,Department of Pharmacy,"Birla Institute of Technology and Science, Pilani",5485,38,176
Prof                                                                                Nagarathnam Rajesh,230421,Department of Chemistry,"Birla Institute of Technology and Science, Pilani",8173,52,201
Dr                                                                                Nilanjan Dey,230501,Department of Chemistry,"Birla Institute of Technology and Science, Pilani",2297,29,117
Dr                                                                                Anil Kumar,53805,Department of Chemistry,"Birla Institute of Technology and Science, Pilani",5376,37,190
Dr                                                                                Sankaranarayanan Murugesan,228399,Department of Pharmacy,"Birla Institute of Technology and Science, Pilani",2842,30,157
Dr                                                                                Prasad A. Naik,229938,Department of Physics,"Birla Institute of Technology and Science, Pilani",1954,23,163
Dr                                                                                Vinay Chamola,228601,Department of Electrical and Electronics engineering,"Birla Institute of Technology and Science, Pilani",7204,45,133
Dr                                                                                Anshuman Dalvi,228450,Department of Physics,"Birla Institute of Technology and Science, Pilani",4250,33,146
Dr                                                                                Arnab Banerjee,229719,Department of Biological Sciences,"Birla Institute of Technology and Science, Pilani",2619,27,97
Dr                                                                                Chandra Shekhar,228602,Department of Mathematics,"Birla Institute of Technology and Science, Pilani",1210,19,107
Dr                                                                                Gautam Singhvi,228422,Department of Pharmacy,"Birla Institute of Technology and Science, Pilani",4724,36,66
Dr                                                                                Subit Kumar Saha,21869,Department of Chemistry,"Birla Institute of Technology and Science, Pilani",6132,42,165
Prof                                                                                Swati Biswas,61653,Department of Pharmacy,"Birla Institute of Technology and Science, Pilani",5813,36,131
Dr                                                                                Kamlesh Tiwari,228135,Department of Computer Science and Information Systems,"Birla Institute of Technology and Science, Pilani",2575,28,101
Prof                                                                                Soumyo Mukherji,51534,Department of Biological Sciences,"Birla Institute of Technology and Science, Pilani",4619,29,91
Dr                                                                                Rajesh Kumar,228162,Department of Civil Engineering,"Birla Institute of Technology and Science, Pilani",1668,22,125
Dr                                                                                Suvanjan Bhattacharyya,228518,Department of Mechanical Engineering,"Birla Institute of Technology and Science, Pilani",2458,28,110
Dr                                                                                Bivudutta  Mishra,230876,Department of Mathematics,"Birla Institute of Technology and Science, Pilani",1954,24,160
Dr                                                                                Sudhirkumar Barai,227636,Department of Civil Engineering,"Birla Institute of Technology and Science, Pilani",3661,32,103
Dr                                                                                Aritra  Banerjee,424557,Department of Physics,"Birla Institute of Technology and Science, Pilani",2941,30,140
Prof                                                                                Prasad Naik,234747,Department of Physics,"Birla Institute of Technology and Science, Pilani",1790,22,135
Dr                                                                                Dalip Kumar,16156,Department of Chemistry,"Birla Institute of Technology and Science, Pilani",6034,41,147
Dr                                                                                Parshuram Sahatiya Parikshit,228791,Department of Electrical and Electronics Engineering,"Birla Institute of Technology and Science, Pilani",2666,27,132
Dr                                                                                Aranya Bhuti Bhattacherjee,228838,Department of Physics,"Birla Institute of Technology and Science, Pilani",756,13,122
Dr                                                                                Chittaranjan  Hota,230717,Department of Computer Science and Information Systems,"Birla Institute of Technology and Science, Pilani",1147,14,28
Dr                                                                                Ajit Pratap Singh,16166,Department of Civil Engineering,"Birla Institute of Technology and Science, Pilani",1385,23,96
Dr                                                                                Ramanujam Karthikeyan,252298,Department of Mechanical Engineering,"Birla Institute of Technology and Science, Pilani",2768,29,82
Prof                                                                                Suman Kundu,233734,Department of Biological Sciences,"Birla Institute of Technology and Science, Pilani",2701,29,126
Dr                                                                                Rajiv Gupta,16203,Department of Civil Engineering,"Birla Institute of Technology and Science, Pilani",2363,21,81
Dr                                                                                Lakshminarayanan  Samavedham,470248,Department of Chemical Engineering,"Birla Institute of Technology and Science, Pilani",1986,24,82
Dr                                                                                Raj Kumar Gupta,59384,Department of Physics,"Birla Institute of Technology and Science, Pilani",990,20,92
Prof                                                                                Amiya Kumar  Pani,290480,Department of Mathematics,"Birla Institute of Technology and Science, Pilani",1791,24,128
Dr                                                                                Ashwin Srinivasan,230040,Department of Computer Science and Information Systems,"Birla Institute of Technology and Science, Pilani",2522,26,41
Dr                                                                                Samit Chattopadhyay,229750,Department of Biological Sciences,"Birla Institute of Technology and Science, Pilani",3844,33,109
Dr                                                                                Sounak Roy,230452,Department of Chemistry,"Birla Institute of Technology and Science, Pilani",5823,41,117
Dr                                                                                Arnab Hazra,228439,Department of Electrical and Electronics engineering,"Birla Institute of Technology and Science, Pilani",1494,21,94
Dr                                                                                Danaboyina Ramaiah,230413,Department of Chemistry,"Birla Institute of Technology and Science, Pilani",5065,41,117
Dr                                                                                Amit Jain,227793,Department of Chemical Engineering,"Birla Institute of Technology and Science, Pilani",1656,17,35
Dr                                                                                Anil Bhanudas Gaikwad,230871,Department of Pharmacy,"Birla Institute of Technology and Science, Pilani",2102,28,64
Prof                                                                                Mani Sankar Dasgupta,31032,Department of Mechanical Engineering,"Birla Institute of Technology and Science, Pilani",573,14,70
Dr                                                                                Jitender Kumar,228622,Department of Mathematics,"Birla Institute of Technology and Science, Pilani",1144,16,103
Dr                                                                                Bhupendra Kumar Sharma,228610,Department of Mathematics,"Birla Institute of Technology and Science, Pilani",1268,23,105
Prof                                                                                Anupama Karuppiah,230491,Department of Electrical and Electronics engineering,"Birla Institute of Technology and Science, Pilani",805,14,32
Dr                                                                                Srikanta Routroy,16307,Department of Mechanical Engineering,"Birla Institute of Technology and Science, Pilani",1707,22,78
Dr                                                                                Dipanjan Chakraborty,230743,Department of Computer Science and Information Systems,"Birla Institute of Technology and Science, Pilani",3165,27,20
Dr                                                                                Bandhan Bandhu Majumdar,230785,Department of Civil Engineering,"Birla Institute of Technology and Science, Pilani",2607,27,69
Dr                                                                                Utpal Roy,229743,Department of Biological Sciences,"Birla Institute of Technology and Science, Pilani",1110,16,71
Prof                                                                                Ch Mohan Rao,483834,Department of Biological Sciences,"Birla Institute of Technology and Science, Pilani",4898,41,105
Dr                                                                                Shamsher Bahadur Singh,228145,Department of Civil Engineering,"Birla Institute of Technology and Science, Pilani",1183,17,72
Dr                                                                                Nitin Rameshrao Kotkunde,229028,Department of Mechanical Engineering,"Birla Institute of Technology and Science, Pilani",1430,19,66
Dr                                                                                Snehanshu Saha,230261,Department of Computer Science and Information Systems,"Birla Institute of Technology and Science, Pilani",722,14,52
Prof                                                                                Navneet Gupta,59381,Department of Electrical and Electronics engineering,"Birla Institute of Technology and Science, Pilani",1029,18,67
Dr                                                                                Sandip Shridharrao Deshmukh,229112,Department of Mechanical Engineering,"Birla Institute of Technology and Science, Pilani",1808,21,54
Dr                                                                                Srinivasa Raju Komaragiri,230755,Department of Civil Engineering,"Birla Institute of Technology and Science, Pilani",2324,24,57
Dr                                                                                Sandeep Joshi,228630,Department of Electrical and Electronics Engineering,"Birla Institute of Technology and Science, Pilani",1218,16,36
Dr                                                                                Sanjay Kumar Sahay,230215,Department of Computer Science and Information Systems,"Birla Institute of Technology and Science, Pilani",878,15,26
Dr                                                                                Chanchal Chakraborty,230500,Department of Chemistry,"Birla Institute of Technology and Science, Pilani",1995,25,98
Dr                                                                                Balaji Krishnamurthy,229786,Department of Chemical Engineering,"Birla Institute of Technology and Science, Pilani",1155,19,47
Prof                                                                                Balram Dubey,42193,Department of Mathematics,"Birla Institute of Technology and Science, Pilani",1964,28,96
Dr                                                                                Santanu Koley,230895,Department of Mathematics,"Birla Institute of Technology and Science, Pilani",1000,19,68
Dr                                                                                Prasanta Kumar  Sahu,230787,Department of Civil Engineering,"Birla Institute of Technology and Science, Pilani",966,20,83
Dr                                                                                Ashutosh Mishra,391695,Department of Electrical and Electronics engineering,"Birla Institute of Technology and Science, Pilani",73,5,18
Prof                                                                                Santonu  Sarkar,372591,Department of Computer Science and Information Systems,"Birla Institute of Technology and Science, Pilani",817,14,18
Dr                                                                                Rajeev Sakhuja,228126,Department of Chemistry,"Birla Institute of Technology and Science, Pilani",1421,21,87
Dr                                                                                Rajesh Kumar Tripathy,228781,Department of Electrical and Electronics Engineering,"Birla Institute of Technology and Science, Pilani",2500,30,78
Dr                                                                                Indresh Kumar,228052,Department of Chemistry,"Birla Institute of Technology and Science, Pilani",1673,20,76
Dr                                                                                Abhijit Das,268840,Department of Computer Science and Information Systems,"Birla Institute of Technology and Science, Pilani",1184,21,25
Dr                                                                                Onkar Prakash Kulkarni,229007,Department of Pharmacy,"Birla Institute of Technology and Science, Pilani",3824,36,81
Dr                                                                                Kondapalli Venkata Gowri  Chandra Sekhar,230430,Department of Chemistry,"Birla Institute of Technology and Science, Pilani",1775,24,77
Dr                                                                                Alivelu Manga Parimi,228764,Department of Electrical and Electronics engineering,"Birla Institute of Technology and Science, Pilani",590,12,19
Dr                                                                                Aswini Kumar Mishra,229753,Department of Economics and Finance,"Birla Institute of Technology and Science, Pilani",681,15,52
Dr                                                                                Inkollu Sreedhar,229783,Department of Chemical Engineering,"Birla Institute of Technology and Science, Pilani",2351,22,58
Dr                                                                                Deepak Chitkara,228411,Department of Pharmacy,"Birla Institute of Technology and Science, Pilani",2117,22,62
Dr                                                                                Ruchi Jain Dey,229042,Department of Biological Sciences,"Birla Institute of Technology and Science, Pilani",2106,29,81
Dr                                                                                Ankit  Jain,507688,Department of Pharmacy,"Birla Institute of Technology and Science, Pilani",2724,32,36
Dr                                                                                Pankaj Kumar Sharma,227694,Department of Biological Sciences,"Birla Institute of Technology and Science, Pilani",3456,25,75
Dr                                                                                Arshad Javed,229026,Department of Mechanical Engineering,"Birla Institute of Technology and Science, Pilani",776,17,55
Dr                                                                                Rajeev Taliyan,228402,Department of Pharmacy,"Birla Institute of Technology and Science, Pilani",1271,23,56
Dr                                                                                Mainak Banerjee,229985,Department of Chemistry,"Birla Institute of Technology and Science, Pilani",2071,25,78
Dr                                                                                Jaganmohan Jonnalagadda,230884,Department of Mathematics,"Birla Institute of Technology and Science, Pilani",375,12,79
Dr                                                                                Hitesh Dutt Mathur,228395,Department of Electrical and Electronics Engineering,"Birla Institute of Technology and Science, Pilani",969,15,40
Dr                                                                                Suresh Gupta,227762,Department of Chemical Engineering,"Birla Institute of Technology and Science, Pilani",1792,19,55
Prof                                                                                Abhijit Rameshwar Asati,228428,Department of Electrical and Electronics engineering,"Birla Institute of Technology and Science, Pilani",246,9,45
