Name,Vidwan ID,Department,College,Total Citations,H Index,Journal Articles
Prof                                                                                Vivek A Bohara,64272,Department of Electronics and Communication Engineering,Indraprastha Institute of Information Technology,790,14,56
Dr                                                                                Bijendra Nath Jain,185932,Department of Computer Science and Engineering,Indraprastha Institute of Information Technology,438,11,14
Dr                                                                                Ram Krishna Ghosh,223130,Department of Electronics and Communication Engineering,Indraprastha Institute of Information Technology,1468,13,33
Dr                                                                                Debidas Kundu,404473,Department of Electronics and Communication Engineering,Indraprastha Institute of Information Technology,376,9,20
Dr                                                                                Abhijit Mitra,185735,Department of Electronics and Communication Engineering,Indraprastha Institute of Information Technology,288,10,10
Dr                                                                                Diptapriyo Majumdar,244608,Department of Computer Science and Engineering,Indraprastha Institute of Information Technology,59,4,12
Dr                                                                                Shamik Sarkar,424621,Department of Electronics and Communication Engineering,Indraprastha Institute of Information Technology,75,4,7
Dr                                                                                Pragya Kosta,465247,Department of Electronics and Communication Engineering,Indraprastha Institute of Information Technology,130,8,12
Dr                                                                                Ravi Anand,523548,Department of Computer Science and Engineering,Indraprastha Institute of Information Technology,89,6,9
Dr                                                                                Anmol Srivastava,335514,Department of Human-Centered Design,Indraprastha Institute of Information Technology,19,2,N/A
Dr                                                                                Manuj Mukherjee,286822,Department of Electronics and Communication Engineering,Indraprastha Institute of Information Technology,107,7,5
Dr                                                                                Dhruv Kumar,292736,Department of Computer Science and Engineering,Indraprastha Institute of Information Technology,47,5,2
Dr                                                                                Prasad Vilas Chanekar,262044,Department of Electronics and Communication Engineering,Indraprastha Institute of Information Technology,101,6,6
Dr                                                                                Sonal Keshwani,404460,Department of Human-Centered Design,Indraprastha Institute of Information Technology,131,6,2
Dr                                                                                Kalpana Shankhwar,404457,Department of Human-Centered Design,Indraprastha Institute of Information Technology,72,3,6
Dr                                                                                Supratim Shit,404439,Department of Computer Science and Engineering,Indraprastha Institute of Information Technology,34,3,1
Dr                                                                                Vinish Kathuria,516461,Department of Human-Centered Design,Indraprastha Institute of Information Technology,2,1,N/A
Mr                                                                                Angshu Das,185757,Department of Human-Centered Design,Indraprastha Institute of Information Technology,N/A,N/A,N/A
Mr                                                                                Aman Samuel,280145,Department of Human-Centered Design,Indraprastha Institute of Information Technology,N/A,N/A,N/A
