Name,Vidwan ID,Department,College,Total Citations,H Index,Journal Articles
Dr                                                                                Suresh Kumar Ray,283710,Department of Nursing,"Bharati Vidyapeeth (Deemed to be University) College of Nursing, Pune",1,1,48
Dr                                                                                Aparna  Bhushan Kale,340287,Department of Nursing,"Bharati Vidyapeeth (Deemed to be University) College of Nursing, Pune",N/A,N/A,29
Dr                                                                                Bhagyashree Jogdeo,321077,Department of Nursing,"Bharati Vidyapeeth (Deemed to be University) College of Nursing, Pune",5,N/A,27
Dr                                                                                Memchoubi Keithellakpam,343097,Department of Nursing,"Bharati Vidyapeeth (Deemed to be University) College of Nursing, Pune",1,N/A,17
Mrs                                                                                Lairikyengbam Sushila Devi,343104,Department of Nursing,"Bharati Vidyapeeth (Deemed to be University) College of Nursing, Pune",N/A,N/A,16
Dr                                                                                Shubhangi Gaikwad,343337,Department of Nursing,"Bharati Vidyapeeth (Deemed to be University) College of Nursing, Pune",N/A,N/A,12
Mrs                                                                                Sunita Chavan,344469,Department of Nursing,"Bharati Vidyapeeth (Deemed to be University) College of Nursing, Pune",N/A,N/A,12
Dr                                                                                Ningthoujam Sujita Devi,343091,Department of Nursing,"Bharati Vidyapeeth (Deemed to be University) College of Nursing, Pune",N/A,N/A,11
Mr                                                                                Nikhil Ingawale,342589,Department of Nursing,"Bharati Vidyapeeth (Deemed to be University) College of Nursing, Pune",N/A,N/A,5
Mr                                                                                Ramesh Bidari,342590,Department of Nursing,"Bharati Vidyapeeth (Deemed to be University) College of Nursing, Pune",N/A,N/A,3
Dr                                                                                Monita Thokchom,343111,Department of Nursing,"Bharati Vidyapeeth (Deemed to be University) College of Nursing, Pune",N/A,N/A,5
Mrs                                                                                Joyita Ghosh,467752,Medical Surgical Nursing,"Bharati Vidyapeeth (Deemed to be University) College of Nursing, Pune",N/A,N/A,2
Mrs                                                                                Manisha Karkar,342686,Department of Nursing,"Bharati Vidyapeeth (Deemed to be University) College of Nursing, Pune",N/A,N/A,1
Ms                                                                                Rucha Bade,342925,Department of Nursing,"Bharati Vidyapeeth (Deemed to be University) College of Nursing, Pune",N/A,N/A,1
Ms                                                                                Monal Kurane,343113,Department of Nursing,"Bharati Vidyapeeth (Deemed to be University) College of Nursing, Pune",N/A,N/A,1
Mrs                                                                                Vinita Jamdade,343120,Department of Nursing,"Bharati Vidyapeeth (Deemed to be University) College of Nursing, Pune",N/A,N/A,1
Mrs                                                                                Shubhangi Borude,343357,Department of Nursing,"Bharati Vidyapeeth (Deemed to be University) College of Nursing, Pune",N/A,N/A,1
Mr                                                                                Anosh Gadkari,342401,Department of Nursing,"Bharati Vidyapeeth (Deemed to be University) College of Nursing, Pune",N/A,N/A,N/A
Dr                                                                                Supriya Pottal Ray,342587,Department of Nursing,"Bharati Vidyapeeth (Deemed to be University) College of Nursing, Pune",N/A,N/A,N/A
Mr                                                                                Dipak Khemnar,342655,Department of Nursing,"Bharati Vidyapeeth (Deemed to be University) College of Nursing, Pune",N/A,N/A,N/A
Ms                                                                                Kishori Thorat,342916,Department of Nursing,"Bharati Vidyapeeth (Deemed to be University) College of Nursing, Pune",N/A,N/A,N/A
Ms                                                                                Sonal Kurane,342953,Department of Nursing,"Bharati Vidyapeeth (Deemed to be University) College of Nursing, Pune",N/A,N/A,N/A
Ms                                                                                Kanchan Shinde,342964,Department of Nursing,"Bharati Vidyapeeth (Deemed to be University) College of Nursing, Pune",N/A,N/A,N/A
Mrs                                                                                Sonali Atre,342965,Department of Nursing,"Bharati Vidyapeeth (Deemed to be University) College of Nursing, Pune",N/A,N/A,N/A
Mrs                                                                                Sharmila Kulal,342966,Department of Nursing,"Bharati Vidyapeeth (Deemed to be University) College of Nursing, Pune",N/A,N/A,N/A
Mrs                                                                                Vaishali Gaikwad,343107,Department of Nursing,"Bharati Vidyapeeth (Deemed to be University) College of Nursing, Pune",N/A,N/A,N/A
Mrs                                                                                Anand Shaily Bikai,343124,Department of Nursing,"Bharati Vidyapeeth (Deemed to be University) College of Nursing, Pune",N/A,N/A,N/A
Ms                                                                                Saraswati Darade,343142,Department of Nursing,"Bharati Vidyapeeth (Deemed to be University) College of Nursing, Pune",N/A,N/A,N/A
Mr                                                                                Stawan Chougule,343161,Department of Nursing,"Bharati Vidyapeeth (Deemed to be University) College of Nursing, Pune",N/A,N/A,N/A
Ms                                                                                Deepali Borde,343166,Department of Nursing,"Bharati Vidyapeeth (Deemed to be University) College of Nursing, Pune",N/A,N/A,N/A
Mrs                                                                                Manisha Gadade,343192,Department of Nursing,"Bharati Vidyapeeth (Deemed to be University) College of Nursing, Pune",N/A,N/A,N/A
Ms                                                                                Sneha Sankpal,343201,Department of Nursing,"Bharati Vidyapeeth (Deemed to be University) College of Nursing, Pune",N/A,N/A,N/A
Ms                                                                                Meenakshi Roy,343436,Department of Nursing,"Bharati Vidyapeeth (Deemed to be University) College of Nursing, Pune",N/A,N/A,N/A
Mr                                                                                Hakim Singh,343580,Department of Nursing,"Bharati Vidyapeeth (Deemed to be University) College of Nursing, Pune",N/A,N/A,N/A
Ms                                                                                Netranjali Agashe,344468,Department of Nursing,"Bharati Vidyapeeth (Deemed to be University) College of Nursing, Pune",N/A,N/A,N/A
Mr                                                                                Satish Salvi,354824,Department of Nursing,"Bharati Vidyapeeth (Deemed to be University) College of Nursing, Pune",N/A,N/A,N/A
