Name,Vidwan ID,Department,College,Total Citations,H Index,Journal Articles
Prof                                                                                Ramasamy Jayavel,60952,Crystal Growth Centre,Anna University,10448,51,513
Dr                                                                                T Manimekalai,117818,Department of Electronics and Communication Engineering,Anna University,47,4,11
Prof                                                                                Senthil kumar V S,57479,Department of Mechanical Engineering,Anna University,3244,29,193
Dr                                                                                Sangeetha Dharmalingam,117634,Department of Mechanical Engineering,Anna University,2746,27,212
Prof                                                                                Renganathan Sahadevan,57332,Department of Biotechnology,Anna University,2717,25,181
Prof                                                                                Pandurangan Arumugam,167657,Department of Chemistry,Anna University,5418,41,237
Prof                                                                                Mukannan Arivanandhan,271303,Department of Biotechnology,Anna University,3282,29,213
Prof                                                                                Sridharan Moorthy Babu,269146,Crystal Growth Centre,Anna University,2544,26,202
Prof                                                                                Sivanesan  Subramanian,57339,Department of Applied Science and Technology,Anna University,7855,46,217
Prof                                                                                R Velraj,57481,Department of Mechanical Engineering,Anna University,9573,53,193
Dr                                                                                P Varalakshmi,117766,Department of Information Science and Technology,Anna University,904,15,89
Prof                                                                                M Ganesh Madhan,117841,Department of Electronics Engineering,Anna University,389,10,83
Prof                                                                                Nagarajan Govindan,60851,Department of Mechanical Engineering,Anna University,6546,46,186
Dr                                                                                Baskar Babujee J,117929,Department of Applied Science and Humanities,Anna University,60,5,157
Prof                                                                                PARAMMASIVAM K M,117673,Department of Aerospace Engineering,Anna University,213,7,70
Prof                                                                                S Ganesan,57613,Department of Medical Physics,Anna University,2969,25,167
Prof                                                                                N Rajendran,197565,Department of Chemistry,Anna University,4498,41,190
Dr                                                                                Sivakumar Venkatachalam,117723,Department of Chemical Engineering,Anna University,2900,30,144
Dr                                                                                Gunasekaran R,117759,Department of Computer Technology,Anna University,1132,22,94
Prof                                                                                T Subramani,117853,Department of Geology,Anna University,2100,25,116
Prof                                                                                K Chinnakali,117953,Department of Physics,Anna University,1590,20,187
Dr                                                                                Gnanavelbabu A,57430,Department of Industrial Engineering,Anna University,1644,23,74
Prof                                                                                Balasivanandha Prabu Shanmugavel,57472,Department of Mechanical Engineering,Anna University,1767,20,87
Prof                                                                                Sivakumar Kandasamy,22900,Department of Physics,Anna University,2106,24,157
Dr                                                                                Arul Aram I,275759,Department of Media Sciences,Anna University,55,4,116
Prof                                                                                G V Uma,117858,Department of Information Science and Technology,Anna University,1782,23,97
Prof                                                                                G Uma,117774,Department of Electrical and Electronics Engineering,Anna University,1772,23,97
Dr                                                                                Rajkumar  Kaliyamoorthy,402192,Department of Manufacturing Engineering,Anna University,2475,26,78
Prof                                                                                K P  Jaya,57354,Department of Civil Engineering,Anna University,388,10,57
Dr                                                                                Latha Subbiah,152728,Pharmaceutical Technology,Anna University,448,11,137
Dr                                                                                Malathi Kanagasabai,117810,Department of Electronics and Communication Engineering,Anna University,3139,32,142
Dr                                                                                Balasubramanian N,261187,Department of Chemical Engineering,Anna University,3865,33,140
Dr                                                                                PALANIVELU K,264188,Department of Civil Engineering,Anna University,5825,37,142
Prof                                                                                Dr. D. Sridharan,92805,Department of Electronics and Communication Engineering,Anna University,322,9,73
Dr                                                                                G Geetha,398857,Department of Information Science and Technology,Anna University,130,6,50
Prof                                                                                M Krishnaveni,117666,Department of Civil Engineering,Anna University,157,6,87
"Dr                                                                                Gulam Nabi Alsath, Mohammed",386286,Department of Electronics and Communication Engineering,Anna University,2350,26,131
Prof                                                                                S Thamarai Selvi,117758,Department of Computer Technology,Anna University,1291,17,56
Dr                                                                                P Uma Maheswari,117747,Department of Computer Science and Engineering,Anna University,210,8,78
Dr                                                                                M Dharmendira kumar,117683,Department of Applied Science and Technology,Anna University,919,15,136
Prof                                                                                S Kalaiselvam﻿,57349,Department of Mechanical Engineering,Anna University,3534,31,113
Prof                                                                                S Kanmani,117641,Department of Civil Engineering,Anna University,1317,19,120
Prof                                                                                R Geetha Ramani,117865,Department of Information Science and Technology,Anna University,361,11,63
Prof                                                                                T Thyagarajan,117889,Department of Instrumentation Engineering,Anna University,628,15,60
Prof                                                                                P Aruna,117941,Department of Medical Physics,Anna University,1392,20,84
Dr                                                                                G. Kavitha,117844,Department of Electronics and Communication Engineering,Anna University,257,10,39
Prof                                                                                Dr.J. Indumathi,117860,Department of Information Science and Technology,Anna University,149,6,25
Dr                                                                                C Sharmeela,117777,Department of Electrical and Electronics Engineering,Anna University,171,7,29
Prof                                                                                A Suresh Babu,71345,Department of Manufacturing Engineering,Anna University,282,10,85
Prof                                                                                Kanthababu M,117916,Department of Manufacturing Engineering,Anna University,492,10,40
Dr                                                                                Sreeja B S,387189,Department of Electronics and Communication Engineering,Anna University,550,12,86
Prof                                                                                N Nagendra Gandhi,117730,Department of Chemical Engineering,Anna University,1000,16,98
Dr                                                                                Narayana Kalkura S,271235,Crystal Growth Centre,Anna University,3032,31,100
Prof                                                                                Namasivayam Vasudevan,117642,Department of Biotechnology,Anna University,1780,20,105
Prof                                                                                M.A.  Bhagyaveni,117801,Department of Electronics and Communication Engineering,Anna University,291,10,70
Prof                                                                                D Mohan Lal,57446,Department of Refrigeration and Air Conditioning,Anna University,3792,30,104
Dr                                                                                K Kamalanand,117894,Department of Instrumentation Engineering,Anna University,443,9,52
Prof                                                                                V R Giridev,118000,Department of Textile Technology,Anna University,1509,20,92
Dr                                                                                Anuradha Dhanasekaran,57334,Department of Biotechnology,Anna University,607,11,106
Dr                                                                                M  Pradeep Kumar,57480,Department of Mechanical Engineering,Anna University,1846,27,90
Prof                                                                                P Lakshmi,117775,Department of Electrical and Electronics Engineering,Anna University,691,15,68
Dr                                                                                Janakiraman Kumar,163835,Crystal Growth Centre,Anna University,1014,16,84
Prof                                                                                B Mohan,57431,Department of Mechanical Engineering,Anna University,2393,21,81
Prof                                                                                Baskaran Ramachandran,60587,Department of Computer Science and Engineering,Anna University,1252,16,47
Dr                                                                                Durgalakshmi Dhinasekaran,406995,Department of Medical Physics,Anna University,1075,15,83
Dr                                                                                Chitrakala S,166718,Department of Computer Science and Engineering,Anna University,477,9,34
Dr                                                                                G S Mahalakshmi,117737,Department of Computer Science and Engineering,Anna University,367,8,37
Prof                                                                                S Swamynathan,117868,Department of Information Science and Technology,Anna University,507,9,39
Dr                                                                                C JAYAKUMAR,284053,Department of Applied Science and Technology,Anna University,83,5,47
Prof                                                                                S Chitrakala,117739,Department of Computer Science and Engineering,Anna University,534,10,31
Dr                                                                                Sendhilkumar S,152842,Department of Information Science and Technology,Anna University,325,7,31
Dr                                                                                N  Gobi,117997,Department of Textile Technology,Anna University,733,15,61
Dr                                                                                Devasena T,294260,Department of Biotechnology,Anna University,1454,22,78
Dr                                                                                Krishnamurthy Murali,22899,Department of Physics,Anna University,2860,31,80
Prof                                                                                M R Sumalatha,117880,Department of Information Technology,Anna University,182,5,34
Prof                                                                                L Suganthi,29943,Department of Management Studies,Anna University,2325,18,69
Prof                                                                                A Rajadurai,36607,Department of Production Engineering,Anna University,2855,27,82
Dr                                                                                T Sivakumar﻿,57350,Department of Applied Science and Technology,Anna University,1945,24,90
Prof                                                                                C Umarani,57355,Department of Civil Engineering,Anna University,381,8,62
Prof                                                                                E Natarajan,24179,Department of Mechanical Engineering,Anna University,1572,18,77
Dr                                                                                Saravanan K,203847,Department of Computer Science and Engineering,Anna University,416,9,35
Prof                                                                                M Sukumar,57333,Department of Biotechnology,Anna University,1056,17,62
Dr                                                                                Premalatha Krishnamurthy,262615,Department of Civil Engineering,Anna University,21,2,47
Dr                                                                                SHANTHI  KANNAN,269709,Department of Chemistry,Anna University,2221,26,86
Dr                                                                                ANANDAKUMAR SRINIVASAN,269349,Department of Chemistry,Anna University,899,16,69
Prof                                                                                Gopal Tadepalli,57545,Department of Computer Science and Engineering,Anna University,31,3,39
Dr                                                                                S Lakshmi,118013,Department of Civil Engineering,Anna University,3,1,6
Dr                                                                                Shubra  Singh,271233,Crystal Growth Centre,Anna University,1048,17,63
Prof                                                                                Meenakshi M,18140,Department of Electronics and Communication Engineering,Anna University,224,8,54
Dr                                                                                Annamalai K,117700,Department of Automobile Engineering,Anna University,2181,22,67
Prof                                                                                P Vanaja Ranjan,117785,Department of Electrical and Electronics Engineering,Anna University,155,6,66
Dr                                                                                Sarojadevi M,266447,Department of Chemistry,Anna University,1367,21,79
Prof                                                                                Hariharan P,117913,Department of Manufacturing Engineering,Anna University,1079,18,62
Prof                                                                                P Loganathan,117922,Department of Mathematics,Anna University,543,9,71
Prof                                                                                D Arivudainambi,117932,Department of Mathematics,Anna University,855,15,59
Dr                                                                                Adukamparai Rajukrishnan Suresh  Babu,271478,Department of Chemistry,Anna University,650,15,81
Dr                                                                                K Latha,117794,Department of Electrical and Electronics Engineering,Anna University,501,11,38
Prof                                                                                Dhananjay Kumar,117881,Department of Information Technology,Anna University,258,7,42
Dr                                                                                Stalin N,419907,PETROCHEMICAL TECHNOLOGY,Anna University,68,5,65
Dr                                                                                V Arumugam,117678,Department of Aerospace Engineering,Anna University,1342,23,66
