Name,Vidwan ID,Department,College,Total Citations,H Index,Journal Articles
Dr                                                                                Sriparna Saha,99945,Department of Computer Science and Engineering,Indian Institute of Technology Patna,3902,27,175
Prof                                                                                Trilok Nath Singh,52225,,Indian Institute of Technology Patna,9390,54,304
Dr                                                                                Jimson Mathew,62448,Department of Computer Science and Engineering,Indian Institute of Technology Patna,1439,17,88
Dr                                                                                Manoranjan Kar,62495,Department of Physics,Indian Institute of Technology Patna,3042,29,153
Dr                                                                                A. K Thakur,49422,Department of Physics,Indian Institute of Technology Patna,2960,31,113
Dr                                                                                Naveen Kumar Nishchal,62496,Department of Physics,Indian Institute of Technology Patna,2527,29,77
Dr                                                                                Somanath Tripathy,62453,Department of Computer Science and Engineering,Indian Institute of Technology Patna,729,15,40
Dr                                                                                Probir Saha,62513,Department of Mechanical Engineering,Indian Institute of Technology Patna,2469,28,90
Dr                                                                                Preetam Kumar,62458,Department of Electrical Engineering,Indian Institute of Technology Patna,739,15,48
Dr                                                                                Somnath Sarangi,62514,Department of Mechanical Engineering,Indian Institute of Technology Patna,633,14,63
Dr                                                                                Karali Patra,62509,Department of Mechanical Engineering,Indian Institute of Technology Patna,1374,21,67
Dr                                                                                Anirban Bhattacharya,99893,Department of Mechanical Engineering,Indian Institute of Technology Patna,1534,20,79
Dr                                                                                Pramod Kumar Tiwari,99961,Department of Electrical Engineering,Indian Institute of Technology Patna,857,17,72
Dr                                                                                Neeladri Das,62459,Department of Chemistry,Indian Institute of Technology Patna,1973,25,98
Dr                                                                                Debabrata Seth,62452,Department of Chemistry,Indian Institute of Technology Patna,1961,25,94
Dr                                                                                Anup Kumar Keshri,62499,Department of Metallurgical and Materials Engineering,Indian Institute of Technology Patna,2315,26,87
Prof                                                                                Ajay D. Thakur,99959,Department of Physics,Indian Institute of Technology Patna,787,16,51
Dr                                                                                Rajiv Misra,62451,Department of Computer Science and Engineering,Indian Institute of Technology Patna,728,13,35
Dr                                                                                Rajib Kumar Jha,99913,Department of Electrical Engineering,Indian Institute of Technology Patna,662,14,48
Dr                                                                                Surajit Kumar Paul,99933,Department of Mechanical Engineering,Indian Institute of Technology Patna,1903,26,87
Dr                                                                                Yogesh Mani Tripathi,62494,Department Of Mathematics,Indian Institute of Technology Patna,775,15,92
Dr                                                                                Sanjoy Kumar Parida,62465,Department of Electrical Engineering,Indian Institute of Technology Patna,694,15,31
Dr                                                                                Jawar Singh,99953,Department of Electrical Engineering,Indian Institute of Technology Patna,1096,17,45
Dr                                                                                Maheshkumar H Kolekar,62457,Department of Electrical Engineering,Indian Institute of Technology Patna,942,18,32
Dr                                                                                Dinesh Kumar Kotnees,99915,Department of Metallurgical and Materials Engineering,Indian Institute of Technology Patna,637,13,67
Dr                                                                                Saurabh Kumar Pandey,99929,,Indian Institute of Technology Patna,797,17,58
Dr                                                                                Samrat Mondal,99924,Department of Computer Science and Engineering,Indian Institute of Technology Patna,422,12,29
Dr                                                                                Rishi Raj,99937,Department of Mechanical Engineering,Indian Institute of Technology Patna,1801,22,57
Dr                                                                                Ahmad Ali,62505,Department of Electrical Engineering,Indian Institute of Technology Patna,608,14,23
Dr                                                                                Jobin Jose,99914,Department of Physics,Indian Institute of Technology Patna,1024,16,63
Dr                                                                                Akhilendra Singh,62508,Department of Mechanical Engineering,Indian Institute of Technology Patna,1089,20,53
Dr                                                                                T. Rajagopala Rao,99940,Department of Chemistry,Indian Institute of Technology Patna,940,17,73
Dr                                                                                Manabendra Pathak,62510,Department of Mechanical Engineering,Indian Institute of Technology Patna,1293,18,61
Dr                                                                                Amit Kumar Verma,99966,Department of Mathematics,Indian Institute of Technology Patna,445,12,69
Dr                                                                                Shovan Bhaumik,62467,Department of Electrical Engineering,Indian Institute of Technology Patna,645,14,31
Dr                                                                                Mohd Kaleem Khan,62512,Department of Mechanical Engineering,Indian Institute of Technology Patna,1191,17,50
Dr                                                                                Kailash chandra Ray,99941,Department of Electrical Engineering,Indian Institute of Technology Patna,780,15,34
Dr                                                                                Om Prakash,62493,Department of Mathematics,Indian Institute of Technology Patna,189,8,47
Dr                                                                                Om Prakash,99935,Department of Mechanical Engineering,Indian Institute of Technology Patna,240,9,47
Dr                                                                                Md Lokman H Choudhury,62454,,Indian Institute of Technology Patna,2175,30,59
Dr                                                                                Sumanta Gupta,62469,Department of Electrical Engineering,Indian Institute of Technology Patna,166,7,26
Dr                                                                                Prolay Das,62461,Department of Chemistry,Indian Institute of Technology Patna,664,14,59
Dr                                                                                Ranjan Kumar Behera,62462,Department of Electrical Engineering,Indian Institute of Technology Patna,351,10,13
Dr                                                                                Raju Halder,99909,Department of Computer Science and Engineering,Indian Institute of Technology Patna,359,9,18
Dr                                                                                Soumya Jyoti Ray,99942,Department of Physics,Indian Institute of Technology Patna,768,16,48
Dr                                                                                Sahid Hussain,62471,Department of Chemistry,Indian Institute of Technology Patna,1365,20,55
Dr                                                                                Atul Thakur,99960,Department of Mechanical Engineering,Indian Institute of Technology Patna,936,14,24
Dr                                                                                Anirban Chowdhury,99900,Department of Metallurgical and Materials Engineering,Indian Institute of Technology Patna,591,15,48
Dr                                                                                Priyanka Tripathi,99963,Department of Humanities and Social Sciences,Indian Institute of Technology Patna,15,2,39
Dr                                                                                Joydeep Chandra,62442,Department of Computer Science and Engineering,Indian Institute of Technology Patna,140,7,19
Dr                                                                                Nitin Dutt Chaturvedi,99897,Department of Chemical and Biochemical Engineering,Indian Institute of Technology Patna,345,11,40
Dr                                                                                S. Sivasubramani,99957,Department of Electrical Engineering,Indian Institute of Technology Patna,849,13,27
Dr                                                                                Subrata Hait,62504,,Indian Institute of Technology Patna,1023,17,30
Dr                                                                                Venkata R. Dantham,99902,Department of Physics,Indian Institute of Technology Patna,766,13,28
Dr                                                                                Richa Chaudhary,99898,Department of Humanities and Social Sciences,Indian Institute of Technology Patna,615,14,40
Dr                                                                                Snehasis Daschakraborty,99904,Department of Chemistry,Indian Institute of Technology Patna,615,14,43
Prof                                                                                Mayank Tiwari,49420,,Indian Institute of Technology Patna,843,9,32
Dr                                                                                Ashish Kumar Upadhyay,62492,Department of Mathematics,Indian Institute of Technology Patna,167,8,38
Dr                                                                                Arijit Mondal,99925,Department of Computer Science and Engineering,Indian Institute of Technology Patna,177,9,16
Dr                                                                                Devinder Yadav,99967,Department of Metallurgical and Materials Engineering,Indian Institute of Technology Patna,1424,22,38
Dr                                                                                Sudhansu Sekhar Panda,62515,Department of Mechanical Engineering,Indian Institute of Technology Patna,929,14,27
Dr                                                                                Debajit Sarma,99950,Department of Chemistry,Indian Institute of Technology Patna,2031,23,35
Dr                                                                                Pradipta Chakrabortty,99895,Department of Civil and Environmental Engineering,Indian Institute of Technology Patna,260,7,24
Dr                                                                                Avik Samanta,99947,Civil & Env. Engg,Indian Institute of Technology Patna,193,8,21
Dr                                                                                Anoop Kumar Gupta,99908,Department of Chemical and Biochemical Engineering,Indian Institute of Technology Patna,206,8,37
Dr                                                                                Nutan Kumar Tomar,99962,Department of Mathematics,Indian Institute of Technology Patna,268,11,25
Dr                                                                                Rishav Singh,113933,Department of Computer Science and Engineering,Indian Institute of Technology Patna,357,9,20
Dr                                                                                Vaibhav Singhal,99955,Department of Mechanical Engineering,Indian Institute of Technology Patna,443,13,25
Dr                                                                                Pratibhamoy Das,99903,Department of Mathematics,Indian Institute of Technology Patna,812,19,31
Dr                                                                                Suman Kumar Maji,99923,Department of Computer Science and Engineering,Indian Institute of Technology Patna,160,7,16
Dr                                                                                Balendu Bhooshan Upadhyay,99964,,Indian Institute of Technology Patna,88,6,23
Dr                                                                                Ashwani  Assam,331729,Department of Mechanical Engineering,Indian Institute of Technology Patna,91,5,23
Dr                                                                                Ranganathan Subramanian,62463,Department of Chemistry,Indian Institute of Technology Patna,221,8,29
Dr                                                                                Subrata  Kumar,99916,Department of Mechanical Engineering,Indian Institute of Technology Patna,546,11,21
Dr                                                                                Anirban Mahato,99921,Department of Mechanical Engineering,Indian Institute of Technology Patna,348,12,23
Dr                                                                                Alpana Nayak,99927,Department of Physics,Indian Institute of Technology Patna,744,12,26
Dr                                                                                Chandranath Adak,212144,Department of Computer Science and Engineering,Indian Institute of Technology Patna,176,8,6
Dr                                                                                Sourav Kumar Dandapat,99901,Department of Computer Science and Engineering,Indian Institute of Technology Patna,142,7,10
Dr                                                                                Syed K. K. Hussaini,99911,Department of Mechanical Engineering,Indian Institute of Technology Patna,343,8,16
Dr                                                                                Sujoy Kumar Samanta,99946,Department of Chemical and Biochemical Engineering,Indian Institute of Technology Patna,243,10,23
Dr                                                                                Yatendra Kumar Singh,99954,Department of Electrical Engineering,Indian Institute of Technology Patna,150,7,18
Dr                                                                                Shailesh Kumar  Tiwari,387624,Department of Mathematics,Indian Institute of Technology Patna,72,4,27
Dr                                                                                Prakash Parida,99932,Department of Physics,Indian Institute of Technology Patna,362,12,23
Dr                                                                                Chiranjit Sarkar,99949,Department of Mechanical Engineering,Indian Institute of Technology Patna,94,6,25
Dr                                                                                Bachu Anilkumar,99890,Department of Mechanical Engineering,Indian Institute of Technology Patna,253,10,19
Dr                                                                                Prashant Kumar Srivastava,99958,Department of Mathematics,Indian Institute of Technology Patna,340,10,22
Dr                                                                                Deepu P,99928,Department of Mechanical Engineering,Indian Institute of Technology Patna,184,9,21
Dr                                                                                Manas Kumar Sarangi,99948,Department of Physics,Indian Institute of Technology Patna,178,8,22
Dr                                                                                Murshid Imam,99912,Department of Mechanical Engineering,Indian Institute of Technology Patna,272,10,22
Dr                                                                                Koushik Roy,99944,Department of Mechanical Engineering,Indian Institute of Technology Patna,275,7,11
Dr                                                                                Abyayananda Maiti,62445,Computer Center,Indian Institute of Technology Patna,98,7,10
Dr                                                                                Arghya Choudhury,99899,Department of Physics,Indian Institute of Technology Patna,409,14,20
Dr                                                                                Ramakrishna Bag,99891,Department of Mechanical Engineering,Indian Institute of Technology Patna,168,7,11
Dr                                                                                Trishikhi Raychoudhury,99943,Department of Mechanical Engineering,Indian Institute of Technology Patna,587,8,16
Dr                                                                                Sandip Khan,62503,Department of Chemical and Biochemical Engineering,Indian Institute of Technology Patna,314,8,14
Dr                                                                                Meghna Dutta,99906,Department of Humanities and Social Sciences,Indian Institute of Technology Patna,23,3,14
Dr                                                                                Tamoghna Chakrabarti,99894,Department of Metallurgical and Materials Engineering,Indian Institute of Technology Patna,1959,8,16
Dr                                                                                Amit Kumar,99918,Department of Chemistry,Indian Institute of Technology Patna,104,7,17
Dr                                                                                Aneek Adhya,99888,Department of Electrical Engineering,Indian Institute of Technology Patna,20,3,7
Mrs                                                                                Kumutha N,139031,Department of Civil and Environmental Engineering,Indian Institute of Technology Patna,9,2,4
Dr                                                                                Utpal Roy,62498,Department of Physics,Indian Institute of Technology Patna,54,5,6
Dr                                                                                Nalin Bharti,99892,Department of Humanities and Social Sciences,Indian Institute of Technology Patna,25,2,15
Dr                                                                                Subrata Chattopadhyay,99896,Department of Chemistry,Indian Institute of Technology Patna,133,5,15
Dr                                                                                Vishal Deshpande,99905,Department of Mechanical Engineering,Indian Institute of Technology Patna,162,7,13
Dr                                                                                Raghavan K Easwaran,99907,Department of Physics,Indian Institute of Technology Patna,143,7,14
Dr                                                                                Jose V Parambil,99931,Department of Chemical and Biochemical Engineering,Indian Institute of Technology Patna,220,9,8
Dr                                                                                Pradeep Kumar Rai,99936,Department of Mathematics,Indian Institute of Technology Patna,43,4,12
Dr                                                                                Sudhir Varma,99965,Department of Mechanical Engineering,Indian Institute of Technology Patna,172,8,11
Dr                                                                                Debashis Chakraborty,49421,Chemical Engneering,Indian Institute of Technology Patna,58,3,7
Dr                                                                                Sushant Kumar,99917,Department of Chemical and Biochemical Engineering,Indian Institute of Technology Patna,81,5,7
