Name,Vidwan ID,Department,College,Total Citations,H Index,Journal Articles
Prof                                                                                Usha K Aravind,281439,School of Environmental Studies,Cochin University of Science and Technology,1965,25,120
Prof                                                                                I S Bright Singh,49203,National Centre for Aquatic Animal Health,Cochin University of Science and Technology,1865,24,122
Dr                                                                                Madhu S Nair,69145,Department of Computer Science,Cochin University of Science and Technology,995,18,74
Prof                                                                                P G Sankaran,60517,Department of Statistics,Cochin University of Science and Technology,928,17,112
Prof                                                                                Santhosh Kumar G,115466,Department of Computer Science,Cochin University of Science and Technology,226,6,40
Dr                                                                                Santhosh Kumar G,396679,Department of Computer Science,Cochin University of Science and Technology,223,6,43
Dr                                                                                Sumam Mary Idicula,115500,School of Engineering,Cochin University of Science and Technology,503,12,27
Prof                                                                                Madhu Gopal,157692,School of Engineering,Cochin University of Science and Technology,429,12,74
Prof                                                                                Kesavapillai Mohanakumar,36667,Advanced Centre for Atmospheric Radar Research,Cochin University of Science and Technology,583,13,69
Prof                                                                                C A Babu,43275,Department of Atmospheric Sciences,Cochin University of Science and Technology,752,11,55
Prof                                                                                MATHIAZHAGAN A,282250,Department of Ship Technology,Cochin University of Science and Technology,N/A,N/A,33
Prof                                                                                Mridula S,144830,Division of Electronics Engineering,Cochin University of Science and Technology,551,12,35
Dr                                                                                Babita Roslind Jose,143752,School of Engineering,Cochin University of Science and Technology,272,7,20
Dr                                                                                Aldrin Antony,300660,Department of Physics,Cochin University of Science and Technology,1055,16,48
Dr                                                                                Riju  C Issac,235948,Department of Physics,Cochin University of Science and Technology,579,9,46
Dr                                                                                Senoy Thomas,322360,Department of Physics,Cochin University of Science and Technology,464,12,57
Dr                                                                                Deepti Das krishna,286481,Department of Electronics,Cochin University of Science and Technology,843,15,19
Prof                                                                                Mythili P,145712,School of Engineering,Cochin University of Science and Technology,229,8,19
Prof                                                                                Abdulla Parambil,145894,School of Engineering,Cochin University of Science and Technology,187,8,21
Dr                                                                                Sheeja  N.K.,281300,Department of Ship Technology,Cochin University of Science and Technology,19,1,15
Prof                                                                                Binu Paul,141633,School of Engineering,Cochin University of Science and Technology,232,8,19
Prof                                                                                Shahana T K,143285,School of Engineering,Cochin University of Science and Technology,157,6,13
Dr                                                                                Sunoj S M,42352,Department of Statistics,Cochin University of Science and Technology,409,13,44
Prof                                                                                George Mathew,156785,School of Engineering,Cochin University of Science and Technology,1541,20,42
Prof                                                                                Pramod Gopinath,259057,International School of Photonics,Cochin University of Science and Technology,743,14,34
Dr                                                                                Jibukumar Mangalathu,145918,School of Engineering,Cochin University of Science and Technology,141,6,18
Prof                                                                                Rekha K James,148540,School of Engineering,Cochin University of Science and Technology,172,7,7
Prof                                                                                Pramod Gopinath,55856,International School of Photonics,Cochin University of Science and Technology,742,14,28
Prof                                                                                Jagathy Raj V P,43183,School of Management Studies,Cochin University of Science and Technology,433,10,19
Dr                                                                                Bijoy Jose,193152,Department of Electronics,Cochin University of Science and Technology,159,7,7
Dr                                                                                Harigovind P. C.,90513,School of Legal Studies,Cochin University of Science and Technology,N/A,N/A,15
Dr                                                                                Reju V G,281308,Department of Instrumentation,Cochin University of Science and Technology,414,9,11
Dr                                                                                Jacob Elias,142360,School of Engineering,Cochin University of Science and Technology,54,4,23
Dr                                                                                Beena K S,148101,School of Engineering,Cochin University of Science and Technology,107,4,14
Prof                                                                                David Peter,157729,School of Engineering,Cochin University of Science and Technology,95,5,9
Dr                                                                                Binsu Kovoor,145695,School of Engineering,Cochin University of Science and Technology,164,6,10
Dr                                                                                Tide P S,145792,Division of Mechanical Engineering,Cochin University of Science and Technology,119,5,21
Dr                                                                                Pankaj Sagar,282415,Department of Instrumentation,Cochin University of Science and Technology,14,2,14
Mr                                                                                Arun A Balakrishnan,284342,Department of Electronics,Cochin University of Science and Technology,81,4,5
Dr                                                                                Manoj Narayanapillai,42228,Department of Applied Chemistry,Cochin University of Science and Technology,239,10,20
Prof                                                                                Bhasi Marath,95016,School of Management Studies,Cochin University of Science and Technology,628,8,17
Prof                                                                                Anju Pradeep,141651,Division of Electronics Engineering,Cochin University of Science and Technology,107,6,13
Dr                                                                                Sheena Mathew,157120,School of Engineering,Cochin University of Science and Technology,67,5,8
Prof                                                                                Saju K K,157623,Division of Mechanical Engineering,Cochin University of Science and Technology,58,4,12
Dr                                                                                Deepa Sankar,145821,School of Engineering,Cochin University of Science and Technology,96,6,1
Dr                                                                                ARCHANA SN,281173,School of Management Studies,Cochin University of Science and Technology,2,1,11
Dr                                                                                R Sajeev,23328,Department of Physical Oceanography,Cochin University of Science and Technology,122,6,16
Prof                                                                                Subha Vishnudas,148203,School of Engineering,Cochin University of Science and Technology,102,4,9
Dr                                                                                Renumol V G,148517,School of Engineering,Cochin University of Science and Technology,57,4,5
Dr                                                                                Surendran Cherukodan,281502,School of Engineering,Cochin University of Science and Technology,37,2,4
Dr                                                                                Manoj P K,95010,Department of Applied Economics,Cochin University of Science and Technology,73,5,15
Prof                                                                                Renu Pawels,143864,School of Engineering,Cochin University of Science and Technology,77,3,13
Prof                                                                                Zakkariya K A,95023,School of Management Studies,Cochin University of Science and Technology,65,4,13
Dr                                                                                Shelbi Joseph,145720,School of Engineering,Cochin University of Science and Technology,47,4,5
Mrs                                                                                Smitha S,147894,Division of Information Technology,Cochin University of Science and Technology,355,10,15
Prof                                                                                Renjith Ravindran,156888,Division of Safety and Fire Engineering,Cochin University of Science and Technology,187,6,11
Dr                                                                                Sivaprasad Kodungallur,208390,Department of Ship Technology,Cochin University of Science and Technology,18,3,3
Dr                                                                                Harikrishnan S,65993,School of Engineering,Cochin University of Science and Technology,83,4,9
Prof                                                                                Manoj Edward,95011,School of Management Studies,Cochin University of Science and Technology,251,7,14
Dr                                                                                Sivanandan Achari V,95030,School of  Environmental Studies,Cochin University of Science and Technology,36,4,13
Prof                                                                                James Kurian,58310,Department of Electronics,Cochin University of Science and Technology,2,1,12
Prof                                                                                Deepa Balakrishnan S,145813,School of Engineering,Cochin University of Science and Technology,98,4,4
Dr                                                                                GIRISH KUMAR K K,282493,Department of Hindi,Cochin University of Science and Technology,N/A,N/A,10
Dr                                                                                Aneesh V Pillai,101017,School of Legal Studies,Cochin University of Science and Technology,N/A,N/A,10
Dr                                                                                Jinu Sudhakaran,273133,University Library,Cochin University of Science and Technology,N/A,N/A,5
Dr                                                                                SIVANKUTTY  V S,281191,University Library,Cochin University of Science and Technology,N/A,N/A,6
Dr                                                                                JAYALATHA GOPALAKRISHNAN,281459,Department of Polymer Science and Rubber Technology,Cochin University of Science and Technology,2,N/A,11
Dr                                                                                Sasidevan Vijayakumar,116316,Depatment of Physics,Cochin University of Science and Technology,65,5,9
Dr                                                                                K Vinida,145778,Division of Electrical and Electronics Engineering,Cochin University of Science and Technology,15,2,6
Dr                                                                                Minu A Pillai,281422,Department of Instrumentation,Cochin University of Science and Technology,104,5,4
Dr                                                                                Sreeja M U,309443,Department of Electronics,Cochin University of Science and Technology,1,N/A,7
Dr                                                                                Biju N,145935,School of Engineering,Cochin University of Science and Technology,44,1,10
Dr                                                                                Krishna Mohan K. S.,281181,School of  Environmental Studies,Cochin University of Science and Technology,46,4,9
Dr                                                                                Aneesh K N,281930,Department of Hindi,Cochin University of Science and Technology,N/A,N/A,8
Mr                                                                                MITHUN HARIDAS T P,284355,Department of Electronics,Cochin University of Science and Technology,80,3,2
Prof                                                                                Roy M Thomas,143694,School of Engineering,Cochin University of Science and Technology,3,1,6
Smt                                                                                Sariga Raj,145761,Division of Information Technology,Cochin University of Science and Technology,N/A,N/A,1
Dr                                                                                Gireeshkumaran Thampi B S,145789,Division of Mechanical Engineering,Cochin University of Science and Technology,354,5,5
Dr                                                                                Sunitha E V,147897,School of Engineering,Cochin University of Science and Technology,43,4,6
Mr                                                                                Joshy P J,157201,School of engineering,Cochin University of Science and Technology,44,3,7
Dr                                                                                Beena Mary John,282846,Department of Ship Technology,Cochin University of Science and Technology,14,2,3
Dr                                                                                Baby Chakrapani,36672,Department of Atmospheric Sciences,Cochin University of Science and Technology,102,4,7
Mr                                                                                Pramod P,145955,Division of Electronics and Communication Engineering,Cochin University of Science and Technology,53,3,5
Dr                                                                                Ramadass S,157135,School of Engineering,Cochin University of Science and Technology,22,3,7
Mr                                                                                Ratheesh P M,281348,Department of Instrumentation,Cochin University of Science and Technology,N/A,N/A,2
Dr                                                                                Liny Varghese,281443,,Cochin University of Science and Technology,N/A,N/A,6
Dr                                                                                Abhitha K.,281479,Department of Polymer Science and Rubber Technology,Cochin University of Science and Technology,2,1,5
Dr                                                                                Naveen S,95018,School of Legal Studies,Cochin University of Science and Technology,43,4,5
Dr                                                                                Bhasi A B,145819,Division of Mechanical Engineering,Cochin University of Science and Technology,4,1,4
Dr                                                                                Santosh Kumar M B,145865,Information Technology,Cochin University of Science and Technology,17,3,N/A
Mrs                                                                                Prameela B,146772,School of Engineering,Cochin University of Science and Technology,8,1,1
Mr                                                                                Anilkumar K K,115482,School of Engineering,Cochin University of Science and Technology,14,2,2
Mr                                                                                Harikrishnan M,157660,Division of Mechanical Engineering,Cochin University of Science and Technology,2,1,5
Dr                                                                                Latha R Nair,159043,Department of Computer Science and Engineering,Cochin University of Science and Technology,N/A,N/A,3
Dr                                                                                Santhosh Kumar P K,209090,,Cochin University of Science and Technology,5,2,5
Mr                                                                                Renjith R,256587,Department of Ship Technology,Cochin University of Science and Technology,N/A,N/A,4
Dr                                                                                Abdu Rahiman K U,142342,Division of Civil Engineering,Cochin University of Science and Technology,5,1,1
Dr                                                                                Latha P G,147918,School of Engineering,Cochin University of Science and Technology,3,1,3
Mr                                                                                Sanoop G,157935,School of Engineering,Cochin University of Science and Technology,1,1,N/A
Mr                                                                                H Rahul Krishna,254819,Department of Ship Technology,Cochin University of Science and Technology,N/A,N/A,1
