Name,Vidwan ID,Department,College,Total Citations,H Index,Journal Articles
Dr                                                                                Saikat Gochhait,276614,Department of Telecom Management,Symbiosis International University,108,6,38
Dr                                                                                Ramakrishnan Raman,86391,,Symbiosis International University,6214,21,101
Dr                                                                                Jatinderkumar R Saini,119538,Department of Computer Studies,Symbiosis International University,437,11,113
Dr                                                                                Atul Kulkarni,88835,Department of Engineering,Symbiosis International University,1849,20,129
Prof                                                                                Rameshwar Dubey,60308,Department of Management,Symbiosis International University,15280,62,119
Dr                                                                                Rajesh Vaidya,341214,Department of Management,Symbiosis International University,N/A,N/A,N/A
Dr                                                                                Sudhanshu Maurya,148867,"Symbiosis Institute of Technology, Nagpur",Symbiosis International University,309,8,24
Dr                                                                                Krishna Kumar Singh,125229,Department of Computer Studies,Symbiosis International University,98,5,43
Dr                                                                                Yogesh Patil,50795,Department of Engineering,Symbiosis International University,691,10,56
Dr                                                                                Sunit Jadhav,342370,Department of Medical and Health Sciences,Symbiosis International University,24,1,75
Dr                                                                                Savita Vivekanand Jadhav,276640,Department of Medical and Health Sciences,Symbiosis International University,543,12,76
Dr                                                                                Yogesh Jadhav,278663,Department of Engineering,Symbiosis International University,453,14,42
Dr                                                                                Debarun Chakraborty,276656,Department of Management,Symbiosis International University,224,8,57
Dr                                                                                Arpita Ghosh,533667,Department of Management,Symbiosis International University,477,12,42
Dr                                                                                Sukhvinder Singh Dari,276651,Department of Law,Symbiosis International University,N/A,N/A,36
Dr                                                                                Daksha Dixit,284144,Department of Medical and Health Sciences,Symbiosis International University,N/A,N/A,50
Dr                                                                                Meena Laad,44484,"Symbiosis Institute of Technology, Pune",Symbiosis International University,93,4,16
Dr                                                                                Sabyasachi Tripathi,163896,Department of Humanities and Social Sciences,Symbiosis International University,132,6,43
Dr                                                                                Shruti Vimal,251553,Department of Medical and Health Sciences,Symbiosis International University,12,2,43
Dr                                                                                Rashmi Santosh Tupe,267350,Department of Medical and Health Sciences,Symbiosis International University,20,N/A,35
Dr                                                                                Ankit Singh,198001,Department of Medical and Health Sciences,Symbiosis International University,58,5,35
Dr                                                                                Kalpana Angadi,297628,Department of Medical and Health Sciences,Symbiosis International University,N/A,N/A,33
Mr                                                                                Ardhendu Shekhar Singh,278637,Department of Management,Symbiosis International University,1,1,24
Dr                                                                                Bhushan Borotikar,279934,Department of Engineering,Symbiosis International University,1,1,35
Dr                                                                                Rohit Thapa,423349,"Department of Sports, Recreation and Wellness",Symbiosis International University,163,8,32
Dr                                                                                Kriti Priya Gupta,94771,Department of Management,Symbiosis International University,376,11,35
Dr                                                                                Parag Kaveri,103213,Department of Computer Studies,Symbiosis International University,7,N/A,21
Dr                                                                                Natraj N A,269111,Department of Telecom Management,Symbiosis International University,32,3,22
Mr                                                                                Pardeep Kumar Sharma,277793,Department of Law,Symbiosis International University,164,7,28
Dr                                                                                Deepa Pillai,278630,Department of Management,Symbiosis International University,12,2,25
Dr                                                                                Ashwani Upadhyay,276840,Department of Management,Symbiosis International University,63,5,19
Dr                                                                                Jitendra Kaushik,352573,SIHS,Symbiosis International University,25,3,17
Prof                                                                                Ruchika Kaul Ghanekar,342740,Department of Humanities and Social Sciences,Symbiosis International University,462,N/A,30
Dr                                                                                Sneha Kumari,277508,Department of Humanities and Social Sciences,Symbiosis International University,155,7,19
Dr                                                                                Ramdas Khomane,277137,Department of Engineering,Symbiosis International University,670,14,20
Dr                                                                                Prashant Barge,278790,Department of Management,Symbiosis International University,3,N/A,25
Dr                                                                                Vijayakumar Bharathi S,44481,Department of Management,Symbiosis International University,29,3,24
Dr                                                                                Nitin Kumar,233542,Department of Medical and Health Sciences,Symbiosis International University,N/A,N/A,24
Mr                                                                                Raghupathy Anchala,278625,Department of Medical and Health Sciences,Symbiosis International University,338,3,23
Dr                                                                                Madhavi Damle,368995,Department of Management,Symbiosis International University,20,2,6
Dr                                                                                Reshma Patil,262978,Department of Medical and Health Sciences,Symbiosis International University,67,3,21
Dr                                                                                Madhurima Das,280063,Department of Medical and Health Sciences,Symbiosis International University,309,10,18
Dr                                                                                Hardik Vachharajani,280810,Department of Management,Symbiosis International University,26,3,10
Mr                                                                                Sanjeev M A,341237,Department of Management,Symbiosis International University,5,1,20
Dr                                                                                Abhijit Deshpande,44531,Department of Management,Symbiosis International University,20,3,17
Dr                                                                                Gurudas Nulkar,50801,Department of Management,Symbiosis International University,44,5,14
Dr                                                                                Pooja Singh,194800,Department of Management,Symbiosis International University,203,2,7
Dr                                                                                Ashwini Wadegaonkar,276803,Department of Humanities and Social Sciences,Symbiosis International University,N/A,N/A,15
Dr                                                                                Sajal Shrivastava,296241,Department of Engineering,Symbiosis International University,13,2,18
Dr                                                                                Manoranjan Ghosh,427147,Department of Humanities and Social Sciences,Symbiosis International University,233,9,14
Dr                                                                                Satyajeet Khare,150878,Department of Medical and Health Sciences,Symbiosis International University,16,2,12
Dr                                                                                Urvi Shukla,269399,Department of Medical and Health Sciences,Symbiosis International University,141,8,14
Dr                                                                                Neetu Gupta,282103,Department of Medical and Health Sciences,Symbiosis International University,39,4,15
Dr                                                                                Pankaj Pathak,247469,Department of Computer Studies,Symbiosis International University,65,4,10
Dr                                                                                Jitendra Gupta,276612,Department of Medical and Health Sciences,Symbiosis International University,7,2,10
Dr                                                                                Deepti Khubalkar,277469,Department of Law,Symbiosis International University,N/A,N/A,14
Dr                                                                                Giri Gundu Hallur,278744,Department of Telecom Management,Symbiosis International University,4,N/A,10
Dr                                                                                Sneha Singh,476613,Department of Law,Symbiosis International University,N/A,N/A,9
Dr                                                                                Mandaar Bhaskar Pande,177929,Department of Medical and Health Sciences,Symbiosis International University,108,N/A,13
Dr                                                                                Dhiraj Jain,50793,Department of Management,Symbiosis International University,4,1,1
Mr                                                                                Ram Kulkarni,60031,Department of Medical and Health Sciences,Symbiosis International University,250,5,9
Dr                                                                                Aarti Mehta Sharma,210878,Symbiosis Centre for Management Studies-Bengaluru,Symbiosis International University,9,2,11
Dr                                                                                Meghana Narendran,276988,Department of Medical and Health Sciences,Symbiosis International University,106,N/A,13
Dr                                                                                Ravi Sharma,94502,Department of Engineering,Symbiosis International University,49,4,8
Dr                                                                                Abhishek Kumar,133648,Department of Management,Symbiosis International University,8,1,6
Mr                                                                                Praneet Awake,276659,Department of Medical and Health Sciences,Symbiosis International University,2,1,10
Mr                                                                                Amar Jain,345225,Department of Engineering,Symbiosis International University,53,N/A,12
Dr                                                                                Neha Seth,386125,Department of Management,Symbiosis International University,112,5,8
Prof                                                                                Shaji Joseph,177726,Department of Management,Symbiosis International University,17,2,11
Dr                                                                                Ishita Ghosh,277089,Department of Humanities and Social Sciences,Symbiosis International University,3,1,N/A
Dr                                                                                Nitin Mahankale,278712,Department of Management,Symbiosis International University,N/A,N/A,N/A
Dr                                                                                Debanjan Nag,297232,Department of Management,Symbiosis International University,11,2,5
Dr                                                                                Amol Gautam,424231,Department of Medical and Health Sciences,Symbiosis International University,71,4,10
Dr                                                                                Ishita Dutt,277703,Department of Management,Symbiosis International University,N/A,N/A,10
Dr                                                                                Tripti Dhote,343550,Department of Telecom Management,Symbiosis International University,4,1,6
Dr                                                                                Mohmad Ausif Padder,514748,Department of Mathematics,Symbiosis International University,4,1,10
Dr                                                                                Bishnudeo Roy,75307,Department of Medical and Health Sciences,Symbiosis International University,115,N/A,9
Dr                                                                                Sneha Singh,212654,Symbiosis Law School,Symbiosis International University,N/A,N/A,5
Dr                                                                                Nuzhat Rizvi,277587,Department of Law,Symbiosis International University,N/A,N/A,9
Prof                                                                                Soma Kulshrestha,277714,Department of Management,Symbiosis International University,N/A,N/A,9
Mr                                                                                Sourav Bhaduri,341779,Department of Medical and Health Sciences,Symbiosis International University,30,N/A,8
Dr                                                                                Ashok Patil,498278,Department of Management,Symbiosis International University,23,2,8
Dr                                                                                Seema Singh,172472,Department of Management,Symbiosis International University,39,3,7
Dr                                                                                Dr. Sana  Fatima,288102,Symbiosis School for Online and Distance Learning,Symbiosis International University,17,2,8
Dr                                                                                Sanjeev Kadam,296341,Department of Management,Symbiosis International University,4,1,8
Dr                                                                                Neha Patvardhan,367256,Department of Management,Symbiosis International University,N/A,N/A,N/A
Dr                                                                                Naval Lawande,173446,Department of Management,Symbiosis International University,2,1,7
Dr                                                                                Rimjhim Jha,278784,Department of Management,Symbiosis International University,9,N/A,N/A
Dr                                                                                Sayali Deshmukh,341201,Department of Medical and Health Sciences,Symbiosis International University,N/A,N/A,5
Dr                                                                                Pallavi Chaudhari,366182,Department of Medical and Health Sciences,Symbiosis International University,N/A,N/A,6
Dr                                                                                Ganeshkumar Dilipkumar Rede,487532,Department of Management,Symbiosis International University,N/A,N/A,5
Dr                                                                                Pramod Damle,50779,Department of Telecom Management,Symbiosis International University,6,1,5
Dr                                                                                Anupama S Kotur,89453,Department of Management,Symbiosis International University,14,2,2
Mr                                                                                Vijay Prakash Misra,278714,Department of Management,Symbiosis International University,N/A,N/A,4
Dr                                                                                Arunprasad V K,342027,Department of Medical and Health Sciences,Symbiosis International University,1,N/A,6
Dr                                                                                Monali Nikalje,276616,Department of Medical and Health Sciences,Symbiosis International University,2,1,4
Dr                                                                                Trupti Bhosale,279537,Department of Management,Symbiosis International University,N/A,N/A,3
Dr                                                                                Shaeyuq Ahmad Shah,341811,Department of Law,Symbiosis International University,N/A,N/A,2
Dr                                                                                SHRIDHAR JADHAV,472020,Department of Medical and Health Sciences,Symbiosis International University,N/A,N/A,4
Dr                                                                                Pooja Rhine,132110,Department of Law,Symbiosis International University,N/A,N/A,N/A
