Name,Vidwan ID,Department,College,Total Citations,H Index,Journal Articles
Dr                                                                                 Vanessa GB Gowreesunkar,267477,Tourism Management,"Indian Institute of Management, Sirmaur",666,14,50
Dr                                                                                Devika  Vashisht,216987,Marketing Management,"Indian Institute of Management, Sirmaur",268,10,24
Dr                                                                                Shashi .,273959,Marketing Management,"Indian Institute of Management, Sirmaur",1266,17,37
Dr                                                                                Amrinder Singh,102737,Finance and Accounting,"Indian Institute of Management, Sirmaur",156,7,23
Prof                                                                                Ram Kumar Dhurkari,144263,Information Technology and Systems,"Indian Institute of Management, Sirmaur",35,3,13
Dr                                                                                Vikrant  Kaushal,196019,Tourism and Hospitality Management,"Indian Institute of Management, Sirmaur",727,10,22
Dr                                                                                Pachayappan Murugaiyan,102735,Operations and Supply Chain Management,"Indian Institute of Management, Sirmaur",81,5,17
Dr                                                                                Kiran Kumar  Paidipati,273935,Decision Sciences,"Indian Institute of Management, Sirmaur",33,4,25
Dr                                                                                Vandana Vandana,253021,Decision Sciences,"Indian Institute of Management, Sirmaur",39,1,23
Dr                                                                                Rinki Dahiya,216985,Organizational Behaviour and HRM,"Indian Institute of Management, Sirmaur",139,7,21
Prof                                                                                Mohita Gangwar  Sharma,420171,Operations and Supply Chain Management,"Indian Institute of Management, Sirmaur",165,7,18
Dr                                                                                Vikas Kumar,102739,Marketing Management,"Indian Institute of Management, Sirmaur",740,16,20
Dr                                                                                Shashi Kant	 Srivastava,69805,Information Technology and Systems,"Indian Institute of Management, Sirmaur",74,4,9
Dr                                                                                Parul  Malik,216986,Organizational Behaviour and HRM,"Indian Institute of Management, Sirmaur",279,5,16
Dr                                                                                Advaita  Rajendra,349323,Public Policy and Sociology,"Indian Institute of Management, Sirmaur",4,1,9
Dr                                                                                Pradipta Patra,102736,Decision Sciences,"Indian Institute of Management, Sirmaur",88,4,15
Dr                                                                                Urvashi  Rathod,322033,Information Technology and Systems,"Indian Institute of Management, Sirmaur",441,7,12
Dr                                                                                Parijat Lanke,447890,Organizational Behaviour and HRM,"Indian Institute of Management, Sirmaur",53,3,10
Dr                                                                                Shah Bhavinkumar Indravadan,196021,Operations and Supply Chain Management,"Indian Institute of Management, Sirmaur",5,2,13
Dr                                                                                Mohd Hussain Kunroo,196015,Economics,"Indian Institute of Management, Sirmaur",39,4,8
Dr                                                                                Sanjay Singh,102733,Organizational Behaviour and Human Resource Management,"Indian Institute of Management, Sirmaur",81,4,10
Dr                                                                                Pragya Bhawsar,102734,Strategic Management,"Indian Institute of Management, Sirmaur",107,3,9
Dr                                                                                Alka Chadha,295413,Economics,"Indian Institute of Management, Sirmaur",172,6,10
Dr                                                                                Narpat Ram Sangwa,273939,Operations and Supply Chain Management,"Indian Institute of Management, Sirmaur",168,4,7
Dr                                                                                Anshu Agrawal,102738,Finance and Accounting,"Indian Institute of Management, Sirmaur",8,1,6
Dr                                                                                Sana Maidullah,273961,Tourism and Hospitality Management,"Indian Institute of Management, Sirmaur",2,1,4
Dr                                                                                Manish  Sarkhel,447590,Operations and Supply Chain Management,"Indian Institute of Management, Sirmaur",38,2,4
Dr                                                                                Karthikeyan  Balakumar,295108,Marketing Management,"Indian Institute of Management, Sirmaur",8,1,1
