Name,Vidwan ID,Department,College,Total Citations,H Index,Journal Articles
Dr                                                                                Kulamani Parida,60388,Department of Chemistry,Siksha O Anusandhan University,23598,80,398
Prof                                                                                Satyaranjan Mishra,287676,Department of Mathematics,Siksha O Anusandhan University,N/A,N/A,N/A
Dr                                                                                Abanti Pradhan,501925,Environmental science chemistry,Siksha O Anusandhan University,3,1,9
Prof                                                                                Priyabrata Pattnaik,284646,Department of Electronics and Communication Engineering,Siksha O Anusandhan University,143,6,115
Prof                                                                                Sujata Mishra,287256,Department of Chemistry,Siksha O Anusandhan University,596,13,56
Dr                                                                                Pratap Sahu,186453,Department of Pharmaceutical Sciences,Siksha O Anusandhan University,764,16,97
Dr                                                                                Rupsa Das,501072,Dental,Siksha O Anusandhan University,13,1,1
Dr                                                                                Raj Kumar Joshi,60428,Department of Biotechnology,Siksha O Anusandhan University,1019,17,99
Prof                                                                                Bibhuti Bhusan Pradhan,164068,Department of Management,Siksha O Anusandhan University,149,7,91
Dr                                                                                Sudhir Kumar Paidesetty,186185,Department of Pharmaceutical Sciences,Siksha O Anusandhan University,941,19,81
Dr                                                                                Nimai Nayak,287293,Department of Chemistry,Siksha O Anusandhan University,504,12,84
Dr                                                                                Seshadev Sahoo,287162,Department of Mechanical Engineering,Siksha O Anusandhan University,778,14,37
Mr                                                                                Subrat Kumar Mahapatra,207616,"Institute of Agricultural Sciences,",Siksha O Anusandhan University,1,1,26
Prof                                                                                Saroj Acharya,291092,Department of Mechanical Engineering,Siksha O Anusandhan University,438,11,34
Dr                                                                                Ranjit Prasad Swain,193084,Department of Pharmaceutical Sciences,Siksha O Anusandhan University,142,7,34
Dr                                                                                Ankur Soam,291107,Department of Mechanical Engineering,Siksha O Anusandhan University,571,16,36
Dr                                                                                Sriram Mansingh,287706,Department of Chemistry,Siksha O Anusandhan University,1559,22,34
Dr                                                                                Manoj Kumar Naik,287117,Department of Computer Science and Engineering,Siksha O Anusandhan University,556,12,20
Dr                                                                                Sampada Kumar Parida,288207,Department of Mathematics,Siksha O Anusandhan University,174,9,28
Dr                                                                                Manoranjan Parhi,287308,Department of Data Science,Siksha O Anusandhan University,115,6,7
Dr                                                                                Darshana Patra,252904,Plant Breeding and Genetics,Siksha O Anusandhan University,N/A,N/A,13
Dr                                                                                Sayantan Guha,299969,Centre for Data Science,Siksha O Anusandhan University,68,3,21
Dr                                                                                Mitali Madhusmita Nayak,287522,Mathematics,Siksha O Anusandhan University,N/A,N/A,21
Dr                                                                                Abinash Mahapatro,291260,Department of Mechanical Engineering,Siksha O Anusandhan University,70,4,5
Dr                                                                                Ambit Pany,287310,Department of Data Science,Siksha O Anusandhan University,1,1,11
Dr                                                                                Sai Gopal Rayaguru,287458,Department of Data Science,Siksha O Anusandhan University,32,3,14
Ms                                                                                Kajal Samantara,188173,Department of Agriculture,Siksha O Anusandhan University,5,1,11
Mr                                                                                JOGESWAR TRIPATHY,263239,Department of Computer Application,Siksha O Anusandhan University,2,N/A,3
Dr                                                                                Binayak Pattanayak,291200,Department of Mechanical Engineering,Siksha O Anusandhan University,23,2,5
Mr                                                                                KULAMALA VINOD KUMAR,507458,Department of Computer Science and Engineering,Siksha O Anusandhan University,N/A,N/A,5
Mr                                                                                Sidharth Samal,488142,Department of Computer Science and Engineering,Siksha O Anusandhan University,N/A,N/A,4
Dr                                                                                Chayanika Rout,287849,Department of Data Science,Siksha O Anusandhan University,62,4,8
Dr                                                                                Sibun Parida,231018,Department of Computer Science and Information Technology,Siksha O Anusandhan University,87,3,5
Dr                                                                                Arjun Paul,287850,Department of Data Science,Siksha O Anusandhan University,42,2,5
Dr                                                                                Anuradha Sahoo,287932,Department of Mathematics,Siksha O Anusandhan University,23,2,3
Dr                                                                                Subrat Kumar Mallick,262423,Department of Civil Engineering,Siksha O Anusandhan University,32,3,3
Prof                                                                                Jayanta Nath,286030,Department of Mechanical Engineering,Siksha O Anusandhan University,N/A,N/A,2
Dr                                                                                Pranoy Ray,287116,Department of Agriculture,Siksha O Anusandhan University,N/A,N/A,2
Prof                                                                                BIBHUTI B PRADHAN,109009,,Siksha O Anusandhan University,N/A,N/A,1
Dr                                                                                Sushreeta Tripathy,287466,Department of Computer Science and Engineering,Siksha O Anusandhan University,N/A,N/A,1
Mr                                                                                PRASANJIT DAS,396462,Department of Chemistry,Siksha O Anusandhan University,N/A,N/A,1
Dr                                                                                Manoranjan Dash,153003,Department of Management,Siksha O Anusandhan University,N/A,N/A,N/A
Mr                                                                                Neelendra Pathak,170939,Department of Pharmaceutical Sciences,Siksha O Anusandhan University,N/A,N/A,N/A
Dr                                                                                Biswakanth Kar,186037,Department of Pharmaceutical Sciences,Siksha O Anusandhan University,N/A,N/A,N/A
Prof                                                                                Premananda Pradhan,262902,Department of Mechanical Engineering,Siksha O Anusandhan University,N/A,N/A,N/A
Dr                                                                                Anshuman Jena,287109,Department of Agriculture,Siksha O Anusandhan University,N/A,N/A,N/A
Prof                                                                                Sanghamitra Mishra,287129,Department of Pharmaceutical Sciences,Siksha O Anusandhan University,N/A,N/A,N/A
Prof                                                                                Niharbala Devi,287279,Department of Chemistry,Siksha O Anusandhan University,N/A,N/A,N/A
Mr                                                                                Ayes Chinmay,287307,Department of Computer Science and Engineering,Siksha O Anusandhan University,N/A,N/A,N/A
Mr                                                                                Jagseer Singh,287315,Department of Data Science,Siksha O Anusandhan University,N/A,N/A,N/A
Mrs                                                                                Sandhyalati Behera,287367,Department of Electronics and Communication Engineering,Siksha O Anusandhan University,N/A,N/A,N/A
Mr                                                                                Atanu Maji,287413,Department of Data Science,Siksha O Anusandhan University,N/A,N/A,N/A
Mr                                                                                Gaurav Saini,287434,Department of Data Science,Siksha O Anusandhan University,N/A,N/A,N/A
Ms                                                                                Jahanvi Rajput,287462,Department of Data Science,Siksha O Anusandhan University,N/A,N/A,N/A
Dr                                                                                Subhaprada Dash,287467,Department of Agriculture,Siksha O Anusandhan University,N/A,N/A,N/A
Mr                                                                                Debabrata Roy,287493,Department of Computer Application,Siksha O Anusandhan University,N/A,N/A,N/A
Mr                                                                                Akash Kumar,287505,Department of Data Science,Siksha O Anusandhan University,N/A,N/A,N/A
Ms                                                                                Sweta Rani Biswal,287512,Department of Mechanical Engineering,Siksha O Anusandhan University,N/A,N/A,N/A
Mr                                                                                Shivendu Prasad,287713,Department of Data Science,Siksha O Anusandhan University,N/A,N/A,N/A
Mr                                                                                Arun Kumar Sahoo,287716,Department of Data Science,Siksha O Anusandhan University,N/A,N/A,N/A
Dr                                                                                Priyanka Singh,287721,Department of Data Science,Siksha O Anusandhan University,N/A,N/A,N/A
Mr                                                                                Chiranjibi Mahapatra,287732,Department of Data Science,Siksha O Anusandhan University,N/A,N/A,N/A
Ms                                                                                Manju Kumari,287734,Department of Data Science,Siksha O Anusandhan University,N/A,N/A,N/A
Dr                                                                                Moumita Mahanty,287748,Department of Data Science,Siksha O Anusandhan University,N/A,N/A,N/A
Dr                                                                                Akasmika Panda,287755,Department of Data Science,Siksha O Anusandhan University,N/A,N/A,N/A
Ms                                                                                Kumuda Sharma,287775,Department of Data Science,Siksha O Anusandhan University,N/A,N/A,N/A
Mr                                                                                Nikhil Jaiswal,287776,Department of Data Science,Siksha O Anusandhan University,N/A,N/A,N/A
Dr                                                                                Abhijit Sutradhar,287791,Department of Data Science,Siksha O Anusandhan University,N/A,N/A,N/A
Dr                                                                                Madhurima Datta,287827,Department of Data Science,Siksha O Anusandhan University,N/A,N/A,N/A
Mr                                                                                Jay Prakash Singh Patel,287885,Department of Data Science,Siksha O Anusandhan University,N/A,N/A,N/A
Dr                                                                                Sueet Millon Sahoo,287924,Department of Data Science,Siksha O Anusandhan University,N/A,N/A,N/A
Prof                                                                                Milu Acharya,288006,Department of Mathematics,Siksha O Anusandhan University,N/A,N/A,N/A
Prof                                                                                Ajaya Kumar Mahapatra,288130,Department of Mathematics,Siksha O Anusandhan University,N/A,N/A,N/A
Dr                                                                                Ansuman Samal,288643,Department of Tourism and Management Studies,Siksha O Anusandhan University,N/A,N/A,N/A
Prof                                                                                Mira Das,288900,Department of Chemistry,Siksha O Anusandhan University,N/A,N/A,N/A
Prof                                                                                Rashmi Acharya,288901,Department of Chemistry,Siksha O Anusandhan University,N/A,N/A,N/A
Dr                                                                                Bhabani Mahanto,291154,Department of Mechanical Engineering,Siksha O Anusandhan University,N/A,N/A,N/A
Mr                                                                                Debashis Dey,291628,Department of Mechanical Engineering,Siksha O Anusandhan University,N/A,N/A,N/A
