Name,Vidwan ID,Department,College,Total Citations,H Index,Journal Articles
Dr                                                                                Praveen Kumar Shukla,398039,Department of Computer and Communication Engineering,Manipal University Jaipur,4303,36,121
Dr                                                                                Punit Gupta,208067,Department of Computer and Communication Engineering,Manipal University Jaipur,662,12,56
Dr                                                                                Jamil Akhtar,214780,Department of Electronics and Communication Engineering,Manipal University Jaipur,1301,22,83
Dr                                                                                Vivek Kumar Verma,362314,Department of Information Technology,Manipal University Jaipur,1740,23,70
Dr                                                                                Abhishek Sharma,212670,Department of Mechanical Engineering,Manipal University Jaipur,1286,20,64
Dr                                                                                Abhijeet Singh,208041,Department of Biosciences,Manipal University Jaipur,985,13,63
Dr                                                                                Monika Saini,218528,Department of Mathematics and Statistics,Manipal University Jaipur,482,12,67
Prof                                                                                Manish Tiwari,134314,Department of Electronics and Communication Engineering,Manipal University Jaipur,280,11,25
Dr                                                                                Prabhat  Ranjan,208101,Department of Mechatronics Engineering,Manipal University Jaipur,744,17,55
Dr                                                                                Dinesh Kumar Saini,208071,Department of Computer and Communication Engineering,Manipal University Jaipur,520,10,34
Dr                                                                                Sushil Kumar Jain,212671,Department of Physics,Manipal University Jaipur,371,10,56
Dr                                                                                Roheet Bhatnagar,272647,Department of Computer Science and Engineering,Manipal University Jaipur,163,7,25
Dr                                                                                Ashish Kumar,214771,Department of Mathematics and Statistics,Manipal University Jaipur,381,11,67
Dr                                                                                Lalita Ledwani,274703,Department of Chemistry,Manipal University Jaipur,939,16,45
Dr                                                                                Sumit Srivastava,329159,Department of Information Technology,Manipal University Jaipur,514,10,18
Dr                                                                                Ravi Kumar Sharma,213039,Department of Mechanical Engineering,Manipal University Jaipur,2138,23,50
Dr                                                                                R K Tailor,254667,Department of Business Administration,Manipal University Jaipur,21,1,21
Dr                                                                                Vimal Kumar Pathak,208095,Department of Mechanical Engineering,Manipal University Jaipur,593,15,60
Dr                                                                                Amit Kumar Gupta,398050,Department of Computer Science and Engineering,Manipal University Jaipur,544,10,34
Dr                                                                                Kamakhya Prakash Misra,208104,Department of Physics,Manipal University Jaipur,584,13,45
Dr                                                                                Nilanjan Halder,208108,Department of Physics,Manipal University Jaipur,645,15,48
Dr                                                                                Niti Nipun  Sharma,217175,Department of Mechanical Engineering,Manipal University Jaipur,752,13,25
Dr                                                                                Linesh Raja,208072,Department of Computer Applications,Manipal University Jaipur,639,10,35
Dr                                                                                Shyam Sunder Sharma,213034,Department of Mechanical Engineering,Manipal University Jaipur,1533,19,41
Dr                                                                                Ashish Goyal,213046,Department of Mechanical Engineering,Manipal University Jaipur,410,11,34
Dr                                                                                Shilpi Birla,214755,Department of Electronics and Communication Engineering,Manipal University Jaipur,254,7,26
Dr                                                                                Pooja  Sharma,218526,Department of Mathematics and Statistics,Manipal University Jaipur,562,12,58
Dr                                                                                Rahul Shrivastava,444940,Department of Chemistry,Manipal University Jaipur,916,18,50
Dr                                                                                Ashish Sharma,213042,Department of Mechanical Engineering,Manipal University Jaipur,811,14,36
Dr                                                                                Rakesh Kumar Sharma,208039,Department of Biosciences,Manipal University Jaipur,1545,22,42
Prof                                                                                Akhilesh Kumar  Sharma,208080,Department of Information Technology,Manipal University Jaipur,214,7,19
Prof                                                                                Shiva Prasad H C,213027,Department of Mechanical Engineering,Manipal University Jaipur,53,4,43
Dr                                                                                Reema Jain,214750,Department of Mathematics and Statistics,Manipal University Jaipur,633,13,54
Mr                                                                                Manish Sharma,214761,School of Architecture and Design,Manipal University Jaipur,987,17,44
Dr                                                                                Mainak Ganguly,444936,Department of Chemistry,Manipal University Jaipur,2057,25,52
Dr                                                                                Amita Nandal,208069,Department of Computer and Communication Engineering,Manipal University Jaipur,341,10,38
Dr                                                                                Amit Rathi,212672,Department of Electronics and Communication Engineering,Manipal University Jaipur,333,10,29
Dr                                                                                Sanchita Bandyopadhyay-Ghosh,213049,Department of Mechanical Engineering,Manipal University Jaipur,621,15,41
Dr                                                                                Sandeep Joshi,329152,Department of Computer Science and Engineering,Manipal University Jaipur,940,11,19
Dr                                                                                Arun Shanbhag,398038,Department of Electrical Engineering,Manipal University Jaipur,3657,27,35
Mr                                                                                Venkatesh Gauri Shankar,215548,Department of Information Technology,Manipal University Jaipur,238,11,17
Dr                                                                                Saikat Chattopadhyay,208105,Department of Physics,Manipal University Jaipur,359,11,41
Dr                                                                                Ganpat Singh Chauhan,151037,,Manipal University Jaipur,124,6,21
Dr                                                                                Vijander Singh,212661,Department of Computer and Communication Engineering,Manipal University Jaipur,689,11,24
Dr                                                                                SAURABH DEWANGAN,213048,Department of Mechanical Engineering,Manipal University Jaipur,363,10,44
Dr                                                                                Subrata Bandhu Ghosh,213045,Department of Mechanical Engineering,Manipal University Jaipur,813,14,39
Dr                                                                                Shakti Kundu,442323,Department of Computer Science and Engineering,Manipal University Jaipur,61,5,16
Dr                                                                                Madan Mohan Sharma,208045,Department of Biosciences,Manipal University Jaipur,508,12,30
Dr                                                                                Rohit Jain,208040,Department of Biosciences,Manipal University Jaipur,561,13,35
Dr                                                                                R K Gupta,213047,Department of Mechanical Engineering,Manipal University Jaipur,416,8,23
Dr                                                                                Indresh Kumar Maurya,512271,Department of Biosciences,Manipal University Jaipur,1062,19,43
Dr                                                                                Praveen Kumar Surolia,208053,Department of Chemistry,Manipal University Jaipur,1225,19,35
Dr                                                                                Prashant Vats,398033,Department of Computer Science and Engineering,Manipal University Jaipur,122,4,2
Dr                                                                                Neeraj Kanwar,444925,Department of Electrical Engineering,Manipal University Jaipur,491,10,19
Dr                                                                                Santosh Kumar Vishwakarma,444960,Department of Artificial Intelligence and Machine Learning,Manipal University Jaipur,285,7,13
Dr                                                                                Amit Saraswat,214752,,Manipal University Jaipur,384,10,11
Dr                                                                                Veena Dhayal,208052,Department of Chemistry,Manipal University Jaipur,433,12,38
Dr                                                                                Narendra Singh Yadav,208079,Department of Information Technology,Manipal University Jaipur,285,6,16
Dr                                                                                Sarvesh K Pandey,398022,,Manipal University Jaipur,531,12,42
Dr                                                                                Prathap Somu,444931,Department of Chemical Engineering,Manipal University Jaipur,525,15,29
Dr                                                                                Arvind Dhaka,208059,Department of Computer and Communication Engineering,Manipal University Jaipur,286,9,31
Dr                                                                                Geeta Rani,208062,Department of Computer and Communication Engineering,Manipal University Jaipur,488,10,21
Dr                                                                                Ankur Saharia,214734,Department of Electronics and Communication Engineering,Manipal University Jaipur,184,7,16
Dr                                                                                Ashish Kumar,214787,Department of Computer Science and Engineering,Manipal University Jaipur,127,8,16
Dr                                                                                Mousumi Debnath,208043,Department of Biosciences,Manipal University Jaipur,742,14,26
Ms                                                                                Somya Goyal,208063,Department of Computer and Communication Engineering,Manipal University Jaipur,311,11,12
Mr                                                                                Rahul Saxena,444986,Department of Information Technology,Manipal University Jaipur,171,8,8
Dr                                                                                Raghurami Reddy Doddipalli,181376,Department of Computer Science and Engineering,Manipal University Jaipur,225,7,24
Dr                                                                                Nitesh Kumar Poddar,208044,Department of Biosciences,Manipal University Jaipur,612,12,20
Dr                                                                                Naveen Kumar Singh,208048,Department of Chemistry,Manipal University Jaipur,1000,17,30
Dr                                                                                Anand Pandey,213165,Department of Mechanical Engineering,Manipal University Jaipur,164,7,19
Dr                                                                                Ajay Kumar,442184,Department of Mechatronics Engineering,Manipal University Jaipur,363,11,26
Dr                                                                                Rakesh Kumar,213036,Department of Mechanical Engineering,Manipal University Jaipur,343,10,28
Dr                                                                                Amit Kumar Singh,214748,Department of Electronics and Communication Engineering,Manipal University Jaipur,176,7,19
Dr                                                                                Princy Randhawa,208099,Department of Mechatronics Engineering,Manipal University Jaipur,147,7,16
Dr                                                                                Rajeev  Mishra,208038,Department of Biosciences,Manipal University Jaipur,893,15,26
Dr                                                                                Rahul Goyal,213030,Department of Mechanical Engineering,Manipal University Jaipur,548,13,26
Dr                                                                                Santosh Patil,213023,,Manipal University Jaipur,249,8,21
Dr                                                                                Umashankar Rawat,214782,Department of Computer Science and Engineering,Manipal University Jaipur,431,10,23
Dr                                                                                Deepak Sinwar,208057,Department of Computer and Communication Engineering,Manipal University Jaipur,241,6,14
Dr                                                                                Pratistha Mathur,208082,Department of Information Technology,Manipal University Jaipur,133,7,12
Dr                                                                                Ruchika Mehta,208088,Department of Mathematics and Statistics,Manipal University Jaipur,43,3,22
Dr                                                                                Mahesh Jangid,214758,Department of Computer Science and Engineering,Manipal University Jaipur,200,9,7
Dr                                                                                Devesh Kumar Srivastava,214772,Department of Information Technology,Manipal University Jaipur,236,8,5
Dr                                                                                Manoj Bohra,208065,Department of Computer and Communication Engineering,Manipal University Jaipur,150,6,6
Dr                                                                                Anju Yadav,208077,Department of Information Technology,Manipal University Jaipur,127,7,11
Dr                                                                                Renu Kumawat,214766,Department of Computer and Communication Engineering,Manipal University Jaipur,94,6,16
Dr                                                                                Sunita Singhal,329129,Department of Computer Science and Engineering,Manipal University Jaipur,100,6,14
Dr                                                                                Anand Chakinala,212675,Department of Chemical Engineering,Manipal University Jaipur,1299,14,27
Dr                                                                                Vijay Kumar  Sharma,214757,Department of Computer and Communication Engineering,Manipal University Jaipur,161,6,12
Dr                                                                                Mrinmoy Mishra,214781,Department of Mechatronics Engineering,Manipal University Jaipur,894,16,28
Dr                                                                                Arjun Singh,208066,Department of Computer and Communication Engineering,Manipal University Jaipur,109,6,13
Dr                                                                                Ramanpreet  Singh,213022,Department of Mechanical Engineering,Manipal University Jaipur,257,9,24
Dr                                                                                Ashishkumar Srivastava,213038,Department of Mechanical Engineering,Manipal University Jaipur,177,8,23
Dr                                                                                Dhaneshwar Mishra,213041,Department of Mechanical Engineering,Manipal University Jaipur,108,7,23
Dr                                                                                Monika Sogani,398021,Department of Biosciences,Manipal University Jaipur,318,12,23
Dr                                                                                Ashok Kumar Pal,208084,Department of Mathematics and Statistics,Manipal University Jaipur,288,10,30
Dr                                                                                Manoj Kumar Sharma,212674,Department of Computer and Communication Engineering,Manipal University Jaipur,94,5,11
Dr                                                                                Vaibhav Bhatnagar,444952,Department of Computer Applications,Manipal University Jaipur,322,5,15
Dr                                                                                Sandeep Chaurasia,445018,Department of Computer Science and Engineering,Manipal University Jaipur,227,8,10
