Name,Vidwan ID,Department,College,Total Citations,H Index,Journal Articles
Prof                                                                                Binod Kumar Kanaujia,60657,Department of Electronics and Communication Engineering,"Dr B R Ambedkar National Institute of Technology, Jalandhar",5104,34,300
Prof                                                                                Anish Sachdeva,90425,Department of Industrial and Production Engineering,"Dr B R Ambedkar National Institute of Technology, Jalandhar",1853,25,278
Dr                                                                                Hemant Chore,90361,Department of Civil Engineering,"Dr B R Ambedkar National Institute of Technology, Jalandhar",215,10,87
Dr                                                                                Harsh Kumar Verma,90371,Department of Computer Science and Engineering,"Dr B R Ambedkar National Institute of Technology, Jalandhar",1665,23,171
Dr                                                                                Rajiv Kumar,90295,Department of Civil Engineering,"Dr B R Ambedkar National Institute of Technology, Jalandhar",2681,28,195
Dr                                                                                Vijay  Kumar,101403,Department of Information Technology,"Dr B R Ambedkar National Institute of Technology, Jalandhar",9584,44,169
Dr                                                                                RAVI PRATAP SINGH,92957,Department of Industrial and Production Engineering,"Dr B R Ambedkar National Institute of Technology, Jalandhar",5876,37,157
Dr Om Prakash Verma,90057,Department of Instrumentation and Control Engineering,"Dr B R Ambedkar National Institute of Technology, Jalandhar",2253,24,89
Dr                                                                                Subrata Ghosh,33221,Department of Textile Technology,"Dr B R Ambedkar National Institute of Technology, Jalandhar",1635,21,139
Dr                                                                                Balwinder Raj,90185,Department of Electronics and Communication Engineering,"Dr B R Ambedkar National Institute of Technology, Jalandhar",1855,23,113
Prof                                                                                Arun Khosla,90341,Department of Electronics and Communication Engineering,"Dr B R Ambedkar National Institute of Technology, Jalandhar",1051,18,46
Dr                                                                                Ramesh Kumar Sunkaria,90317,Department of Electronics and Communication Engineering,"Dr B R Ambedkar National Institute of Technology, Jalandhar",700,13,70
Prof                                                                                Arunangshu Mukhopadhyay,94268,Department of Textile Technology,"Dr B R Ambedkar National Institute of Technology, Jalandhar",1165,17,113
Prof                                                                                VINAY MIDHA,89941,Department of Textile Technology,"Dr B R Ambedkar National Institute of Technology, Jalandhar",628,12,86
Dr                                                                                Vishal Santosh Sharma,90175,Department of Industrial and Production Engineering,"Dr B R Ambedkar National Institute of Technology, Jalandhar",4083,35,82
Dr                                                                                Amritpal Singh,114058,Department of Computer Science and Engineering,"Dr B R Ambedkar National Institute of Technology, Jalandhar",1512,21,83
Dr                                                                                Samayveer Singh,90031,Department of Computer Science and Engineering,"Dr B R Ambedkar National Institute of Technology, Jalandhar",965,17,60
Dr                                                                                Barjinder Singh Saini,90313,Department of Electronics and Communication Engineering,"Dr B R Ambedkar National Institute of Technology, Jalandhar",473,13,46
Dr                                                                                Pramod Kumar,89995,Department of Mechanical Engineering,"Dr B R Ambedkar National Institute of Technology, Jalandhar",869,17,81
Dr                                                                                J N Chakraborty,90069,Department of Textile Technology,"Dr B R Ambedkar National Institute of Technology, Jalandhar",649,15,92
Dr                                                                                Sumit Sharma,90023,Department of Mechanical Engineering,"Dr B R Ambedkar National Institute of Technology, Jalandhar",733,15,53
Prof                                                                                Surinder Pal Singh,90199,Department of Civil Engineering,"Dr B R Ambedkar National Institute of Technology, Jalandhar",2005,23,84
Dr                                                                                Kuldeep Kumar,90087,Department of Computer Science and Engineering,"Dr B R Ambedkar National Institute of Technology, Jalandhar",942,14,68
Dr                                                                                Prangya Ranjan Rout,341590,Department of Biotechnology,"Dr B R Ambedkar National Institute of Technology, Jalandhar",1213,17,62
Dr                                                                                Ashish Raman,90303,Department of Electronics and Communication Engineering,"Dr B R Ambedkar National Institute of Technology, Jalandhar",621,13,67
Prof                                                                                Amrit Lal  Sangal,90431,Department of Computer Science and Engineering,"Dr B R Ambedkar National Institute of Technology, Jalandhar",921,11,37
Dr                                                                                Manoj Kumar,89999,Department of Mechanical Engineering,"Dr B R Ambedkar National Institute of Technology, Jalandhar",935,16,55
Dr                                                                                Krishna Pal Sharma,90249,Department of Computer Science and Engineering,"Dr B R Ambedkar National Institute of Technology, Jalandhar",145,7,42
Dr                                                                                Rajneesh Rani,90281,Department of Computer Science and Engineering,"Dr B R Ambedkar National Institute of Technology, Jalandhar",249,9,50
Dr                                                                                Asutosh Kar,339780,Department of Electronics and Communication Engineering,"Dr B R Ambedkar National Institute of Technology, Jalandhar",504,12,40
Prof                                                                                Arvind Bhardwaj,90387,Department of Industrial and Production Engineering,"Dr B R Ambedkar National Institute of Technology, Jalandhar",712,14,59
Prof                                                                                Monica Sikka,90251,Department of Textile Technology,"Dr B R Ambedkar National Institute of Technology, Jalandhar",69,4,22
Dr                                                                                Rajan Kumar,90307,Department of Mechanical Engineering,"Dr B R Ambedkar National Institute of Technology, Jalandhar",670,15,52
Dr                                                                                Indu Saini,90197,Department of Electronics and Communication Engineering,"Dr B R Ambedkar National Institute of Technology, Jalandhar",445,8,44
Dr                                                                                Lakhwinder Pal Singh,97415,Department of Industrial and Production Engineering,"Dr B R Ambedkar National Institute of Technology, Jalandhar",440,12,49
Dr                                                                                Raman Bedi,90163,,"Dr B R Ambedkar National Institute of Technology, Jalandhar",666,17,45
Dr                                                                                Raj Kumar Arya,90213,Department of Chemical Engineering,"Dr B R Ambedkar National Institute of Technology, Jalandhar",547,12,59
Dr                                                                                Dinesh Shukla,90283,,"Dr B R Ambedkar National Institute of Technology, Jalandhar",557,14,35
Dr                                                                                Sarbjot Singh Sandhu,90403,Department of Mechanical Engineering,"Dr B R Ambedkar National Institute of Technology, Jalandhar",339,10,54
Dr                                                                                Dushyant  Singh,132593,Department of Mechanical Engineering,"Dr B R Ambedkar National Institute of Technology, Jalandhar",526,11,40
Prof                                                                                Subhash Chander,90279,Department of Mechanical Engineering,"Dr B R Ambedkar National Institute of Technology, Jalandhar",1538,24,53
Prof                                                                                Asim Kumar Jana,92027,Department of Biotechnology,"Dr B R Ambedkar National Institute of Technology, Jalandhar",1482,20,62
Dr                                                                                Awadhesh Kumar Choudhary,92035,Department of Textile Technology,"Dr B R Ambedkar National Institute of Technology, Jalandhar",78,5,52
Prof                                                                                Ajay Bansal,90093,Department of Chemical Engineering,"Dr B R Ambedkar National Institute of Technology, Jalandhar",866,18,58
Dr                                                                                Afzal Sikander,90127,Department of Instrumentation and Control Engineering,"Dr B R Ambedkar National Institute of Technology, Jalandhar",743,14,43
Dr                                                                                Arobindo Chatterjee,59692,Department of Textile Technology,"Dr B R Ambedkar National Institute of Technology, Jalandhar",631,12,56
Dr                                                                                Anil Kumar Yadav,155520,Department of Instrumentation and Control Engineering,"Dr B R Ambedkar National Institute of Technology, Jalandhar",870,18,37
Dr                                                                                Amit Kumar Singh,90145,Department of Instrumentation and Control Engineering,"Dr B R Ambedkar National Institute of Technology, Jalandhar",306,10,26
Dr                                                                                Ranchan Chauhan,90355,Department of Mechanical Engineering,"Dr B R Ambedkar National Institute of Technology, Jalandhar",2104,29,52
Dr                                                                                K Senthil,90347,Department of Civil Engineering,"Dr B R Ambedkar National Institute of Technology, Jalandhar",510,11,32
Dr                                                                                Neetu Sood,90297,Department of Electronics and Communication Engineering,"Dr B R Ambedkar National Institute of Technology, Jalandhar",420,12,26
Dr                                                                                Ashok Kumar Bagha,90201,Department of Mechanical Engineering,"Dr B R Ambedkar National Institute of Technology, Jalandhar",713,16,28
Dr                                                                                Deepti Kakkar,90315,Department of Electronics and Communication Engineering,"Dr B R Ambedkar National Institute of Technology, Jalandhar",346,10,30
Prof                                                                                Kuldeep Singh Nagla,89993,,"Dr B R Ambedkar National Institute of Technology, Jalandhar",347,10,27
Dr                                                                                Lalit Jajpura,52714,Department of Textile Technology,"Dr B R Ambedkar National Institute of Technology, Jalandhar",77,6,53
Prof                                                                                Rajesh Singla,90081,Department of Instrumentation and Control Engineering,"Dr B R Ambedkar National Institute of Technology, Jalandhar",354,9,34
Dr                                                                                Mamta Khosla,90321,Department of Electronics and Communication Engineering,"Dr B R Ambedkar National Institute of Technology, Jalandhar",506,14,37
Dr                                                                                Karan Veer,90357,Department of Instrumentation and Control Engineering,"Dr B R Ambedkar National Institute of Technology, Jalandhar",406,11,35
Karan Veer,98263,Department of Instrumentation and Control Engineering,"Dr B R Ambedkar National Institute of Technology, Jalandhar",406,11,35
Dr                                                                                Roop Pahuja,90079,Department of Instrumentation and Control Engineering,"Dr B R Ambedkar National Institute of Technology, Jalandhar",146,5,33
Dr                                                                                R K Sarin,90327,Department of Electronics and Communication Engineering,"Dr B R Ambedkar National Institute of Technology, Jalandhar",646,15,39
Dr                                                                                Renu Dhir,90405,Department of Computer Science and Engineering,"Dr B R Ambedkar National Institute of Technology, Jalandhar",368,10,27
Dr                                                                                Mohit  Tyagi,94213,Department of Industrial and Production Engineering,"Dr B R Ambedkar National Institute of Technology, Jalandhar",831,15,33
Dr                                                                                Rabinder Singh Bharj,89939,Department of Mechanical Engineering,"Dr B R Ambedkar National Institute of Technology, Jalandhar",381,12,34
Dr                                                                                Rajiv Kumar Garg,89983,Department of Industrial and Production Engineering,"Dr B R Ambedkar National Institute of Technology, Jalandhar",869,13,38
Dr                                                                                Arvind  Kumar  Agnihotri,90269,Department of Civil Engineering,"Dr B R Ambedkar National Institute of Technology, Jalandhar",326,10,20
Dr                                                                                Anupam  Yadav,89947,Department of Mathematics,"Dr B R Ambedkar National Institute of Technology, Jalandhar",715,12,25
Dr                                                                                Mamta Khosla,95497,,"Dr B R Ambedkar National Institute of Technology, Jalandhar",506,14,31
Dr                                                                                Saurabh  Kango,90179,Department of Mechanical Engineering,"Dr B R Ambedkar National Institute of Technology, Jalandhar",576,13,30
Prof                                                                                Sujit Kumar Sinha,90181,Department of Textile Technology,"Dr B R Ambedkar National Institute of Technology, Jalandhar",177,7,45
Dr                                                                                Poonam Gera,90059,Department of Chemical Engineering,"Dr B R Ambedkar National Institute of Technology, Jalandhar",403,7,14
Dr                                                                                Jatinder Kumar Ratan,90215,Department of Chemical Engineering,"Dr B R Ambedkar National Institute of Technology, Jalandhar",427,12,39
Dr                                                                                Rajeev Kukreja,90255,Department of Mechanical Engineering,"Dr B R Ambedkar National Institute of Technology, Jalandhar",165,6,27
Dr                                                                                Joseph Anand Vaz,90193,Department of Mechanical Engineering,"Dr B R Ambedkar National Institute of Technology, Jalandhar",177,8,19
Dr                                                                                Davinder Singh,90349,Department of Civil Engineering,"Dr B R Ambedkar National Institute of Technology, Jalandhar",91,6,19
Dr                                                                                Mohit Kumar,114068,Department of Information Technology,"Dr B R Ambedkar National Institute of Technology, Jalandhar",695,14,24
Dr                                                                                Aruna Malik,130114,Department of Computer Science and Engineering,"Dr B R Ambedkar National Institute of Technology, Jalandhar",500,14,30
Dr                                                                                Sarwan Kumar,90009,Department of Instrumentation and Control Engineering,"Dr B R Ambedkar National Institute of Technology, Jalandhar",76,5,20
Dr                                                                                RAJEEV TREHAN,90071,Department of Industrial and Production Engineering,"Dr B R Ambedkar National Institute of Technology, Jalandhar",157,7,23
Dr                                                                                Anurag Kumar Tiwari,90169,Department of Chemical Engineering,"Dr B R Ambedkar National Institute of Technology, Jalandhar",149,7,31
Dr                                                                                Kailash Sharma,107430,Department of Electrical Engineering,"Dr B R Ambedkar National Institute of Technology, Jalandhar",408,12,19
Dr                                                                                Prashant Kumar,73815,Department of Computer Science and Engineering,"Dr B R Ambedkar National Institute of Technology, Jalandhar",91,6,14
Dr                                                                                Shailendra Bajpai,90021,Department of Chemical Engineering,"Dr B R Ambedkar National Institute of Technology, Jalandhar",560,11,30
Dr                                                                                Varun Sharma,93269,Department of Industrial and Production Engineering,"Dr B R Ambedkar National Institute of Technology, Jalandhar",112,6,21
Dr                                                                                Sangeeta Garg,94951,Department of Chemical Engineering,"Dr B R Ambedkar National Institute of Technology, Jalandhar",470,10,29
Dr                                                                                Mahendra Kumar,339290,Department of Instrumentation and Control Engineering,"Dr B R Ambedkar National Institute of Technology, Jalandhar",252,9,16
Prof                                                                                Ajai Kumar jain,98011,Department of Instrumentation and Control Engineering,"Dr B R Ambedkar National Institute of Technology, Jalandhar",145,4,33
Dr                                                                                Navdeep Singh,90203,Department of Civil Engineering,"Dr B R Ambedkar National Institute of Technology, Jalandhar",758,12,25
Dr                                                                                Kanish Kapoor,90211,Department of Civil Engineering,"Dr B R Ambedkar National Institute of Technology, Jalandhar",279,8,17
Dr                                                                                Kapil Kumar,92925,,"Dr B R Ambedkar National Institute of Technology, Jalandhar",429,9,23
Dr                                                                                Satyender Singh,90007,Department of Mechanical Engineering,"Dr B R Ambedkar National Institute of Technology, Jalandhar",756,16,30
Dr                                                                                NITAI BASAK,90187,Department of Biotechnology,"Dr B R Ambedkar National Institute of Technology, Jalandhar",532,9,22
Dr                                                                                Sanjay Kumar,90029,Department of Mechanical Engineering,"Dr B R Ambedkar National Institute of Technology, Jalandhar",700,15,27
Dr                                                                                Shailendra Singh Bhadauria,90301,Department of Industrial and Production Engineering,"Dr B R Ambedkar National Institute of Technology, Jalandhar",115,6,24
Dr                                                                                M Abdul Akbar,122563,Department of Civil Engineering,"Dr B R Ambedkar National Institute of Technology, Jalandhar",67,3,17
Dr                                                                                S K Tiwari,90125,Department of Mechanical Engineering,"Dr B R Ambedkar National Institute of Technology, Jalandhar",128,6,25
Dr                                                                                Rajeev Verma,90015,Department of Industrial and Production Engineering,"Dr B R Ambedkar National Institute of Technology, Jalandhar",207,8,24
Dr                                                                                Pawan Kumar Verma,90325,Department of Electronics and Communication Engineering,"Dr B R Ambedkar National Institute of Technology, Jalandhar",334,6,17
Prof                                                                                Amrit Pal Singh,90275,Department of Civil Engineering,"Dr B R Ambedkar National Institute of Technology, Jalandhar",172,7,18
Dr                                                                                Nitin Sharma,90353,Department of Mechanical Engineering,"Dr B R Ambedkar National Institute of Technology, Jalandhar",156,6,13
Dr                                                                                Urvashi Bansal,103139,Department of Computer Science and Engineering,"Dr B R Ambedkar National Institute of Technology, Jalandhar",39,4,22
Dr                                                                                Nikhil GN,90107,Department of Biotechnology,"Dr B R Ambedkar National Institute of Technology, Jalandhar",1045,13,22
Dr                                                                                Shashi Kant Sharma,90217,Department of Civil Engineering,"Dr B R Ambedkar National Institute of Technology, Jalandhar",76,5,16
Dr                                                                                Aijaz Mehdi  Zaidi,339389,Department of Electronics and Communication Engineering,"Dr B R Ambedkar National Institute of Technology, Jalandhar",140,7,16
Dr Nitesh Kashyap,89969,Department of Electronics and Communication Engineering,"Dr B R Ambedkar National Institute of Technology, Jalandhar",99,6,14
Dr                                                                                Nagendra Pratap  Singh,101398,Department of Computer Science and Engineering,"Dr B R Ambedkar National Institute of Technology, Jalandhar",296,9,15
Dr                                                                                Narendra  Kumar,130049,Department of Industrial and Production Engineering,"Dr B R Ambedkar National Institute of Technology, Jalandhar",279,9,14
Dr                                                                                Renu Gupta,90011,Department of Chemical Engineering,"Dr B R Ambedkar National Institute of Technology, Jalandhar",150,8,19
Mrs                                                                                Shailja Bawa,90311,Department of Civil Engineering,"Dr B R Ambedkar National Institute of Technology, Jalandhar",35,3,11
Dr                                                                                Ajay  Gupta,94216,Department of Industrial and Production Engineering,"Dr B R Ambedkar National Institute of Technology, Jalandhar",140,6,23
Dr                                                                                Deblina Biswas,275481,Department of Instrumentation and Control Engineering,"Dr B R Ambedkar National Institute of Technology, Jalandhar",527,11,14
Dr                                                                                Sheela Tiwari Tiwari,90109,Department of Instrumentation and Control Engineering,"Dr B R Ambedkar National Institute of Technology, Jalandhar",88,5,13
Dr                                                                                Nitesh Kashyap,90205,Department of Electronics and Communication Engineering,"Dr B R Ambedkar National Institute of Technology, Jalandhar",99,6,14
Dr                                                                                S Rupali,90323,Department of Civil Engineering,"Dr B R Ambedkar National Institute of Technology, Jalandhar",21,3,16
Dr                                                                                Mahesh Kumar Sah,90003,Department of Biotechnology,"Dr B R Ambedkar National Institute of Technology, Jalandhar",189,6,13
Dr                                                                                Dwesh Kumar Singh,90167,Department of Mechanical Engineering,"Dr B R Ambedkar National Institute of Technology, Jalandhar",335,9,17
Dr                                                                                Anjireddy Bhavanam,89985,Department of Chemical Engineering,"Dr B R Ambedkar National Institute of Technology, Jalandhar",289,7,11
Dr                                                                                Deepak Sahu,90099,Department of Chemical Engineering,"Dr B R Ambedkar National Institute of Technology, Jalandhar",38,3,10
Dr                                                                                Nisha Chaurasia,114018,Department of Information Technology,"Dr B R Ambedkar National Institute of Technology, Jalandhar",93,4,11
Dr                                                                                Tarun Chaudhary,114041,Department of Electronics and Communication Engineering,"Dr B R Ambedkar National Institute of Technology, Jalandhar",9,2,14
Dr                                                                                Mahesh Patel,90207,Department of Civil Engineering,"Dr B R Ambedkar National Institute of Technology, Jalandhar",85,5,12
Mr                                                                                Deepak Kumar Gupta,89959,Department of Computer Science and Engineering,"Dr B R Ambedkar National Institute of Technology, Jalandhar",74,6,8
Dr                                                                                Rohit Singh,339152,Department of Electronics and Communication Engineering,"Dr B R Ambedkar National Institute of Technology, Jalandhar",121,6,15
Dr                                                                                Neetu  Divya,90173,Department of Chemical Engineering,"Dr B R Ambedkar National Institute of Technology, Jalandhar",89,5,18
Dr                                                                                SHVETA MAHAJAN,343239,Department of Computer Science and Engineering,"Dr B R Ambedkar National Institute of Technology, Jalandhar",99,3,4
Dr                                                                                Avtar Singh,90177,Department of Computer Science and Engineering,"Dr B R Ambedkar National Institute of Technology, Jalandhar",18,2,8
Dr                                                                                Sukwinder Singh,90219,Department of Electronics and Communication Engineering,"Dr B R Ambedkar National Institute of Technology, Jalandhar",44,4,9
Mr                                                                                Narinder Singh Bhangal,90267,Department of Instrumentation and Control Engineering,"Dr B R Ambedkar National Institute of Technology, Jalandhar",10,1,10
Dr                                                                                Neelam Rani,130072,Department of Civil Engineering,"Dr B R Ambedkar National Institute of Technology, Jalandhar",4,1,N/A
Dr                                                                                KUNWAR PAL,130134,Department of Computer Science and Engineering,"Dr B R Ambedkar National Institute of Technology, Jalandhar",43,4,11
Dr                                                                                Shashikant Yadav,89951,Department of Chemical Engineering,"Dr B R Ambedkar National Institute of Technology, Jalandhar",227,8,11
Dr                                                                                Sathiya S,90129,Department of Instrumentation and Control Engineering,"Dr B R Ambedkar National Institute of Technology, Jalandhar",40,4,9
Dr                                                                                Amit Dhruv Saran,90165,Department of Chemical Engineering,"Dr B R Ambedkar National Institute of Technology, Jalandhar",232,7,9
Dr                                                                                Palaniswamy N K,90183,Department of Textile Technology,"Dr B R Ambedkar National Institute of Technology, Jalandhar",84,5,19
Ms                                                                                Kusum Kumari Bharti,105275,Department of Information Technology,"Dr B R Ambedkar National Institute of Technology, Jalandhar",418,7,8
Dr                                                                                Shefali Arora Chouhan,339304,Department of Computer Science and Engineering,"Dr B R Ambedkar National Institute of Technology, Jalandhar",93,7,7
Dr                                                                                Indu Chauhan,90119,Department of Biotechnology,"Dr B R Ambedkar National Institute of Technology, Jalandhar",368,10,14
Dr                                                                                Niranjan  Bhowmick,90335,Department of Textile Technology,"Dr B R Ambedkar National Institute of Technology, Jalandhar",45,4,17
Dr                                                                                Aviral Misra,111325,Department of Industrial and Production Engineering,"Dr B R Ambedkar National Institute of Technology, Jalandhar",141,4,13
Dr                                                                                Ravi Verma,130055,,"Dr B R Ambedkar National Institute of Technology, Jalandhar",53,5,11
Dr                                                                                Sateesh Awasthi,90293,Department of Electronics and Communication Engineering,"Dr B R Ambedkar National Institute of Technology, Jalandhar",26,4,7
Dr                                                                                Chandi  Patra,340000,Department of Biotechnology,"Dr B R Ambedkar National Institute of Technology, Jalandhar",514,12,15
Dr                                                                                Zunjarrao Bapuso Kamble,340331,Department of Textile Technology,"Dr B R Ambedkar National Institute of Technology, Jalandhar",92,5,12
Dr                                                                                Nitin Pandhare,90121,Department of Chemical Engineering,"Dr B R Ambedkar National Institute of Technology, Jalandhar",167,7,7
Dr                                                                                Jagdeep Kaur,130772,Department of Computer Science and Engineering,"Dr B R Ambedkar National Institute of Technology, Jalandhar",30,2,6
Dr                                                                                VINIL KUMAR GADE,340181,Department of Civil Engineering,"Dr B R Ambedkar National Institute of Technology, Jalandhar",95,6,6
Dr                                                                                Anilkumar Lalchand  Yadav,340907,Department of Textile Technology,"Dr B R Ambedkar National Institute of Technology, Jalandhar",99,6,10
Dr                                                                                Ghanshyam Neje,114000,Department of Textile Technology,"Dr B R Ambedkar National Institute of Technology, Jalandhar",99,6,11
Dr                                                                                Koteswaraarao Jadda,272128,Department of Civil Engineering,"Dr B R Ambedkar National Institute of Technology, Jalandhar",30,2,9
Dr                                                                                MUKESH BAJYA,340038,Department of Textile Technology,"Dr B R Ambedkar National Institute of Technology, Jalandhar",91,3,12
Dr                                                                                Richa Sharma,341131,Department of Instrumentation and Control Engineering,"Dr B R Ambedkar National Institute of Technology, Jalandhar",417,5,11
Dr                                                                                Karan Jain,107380,Department of Instrumentation and Control Engineering,"Dr B R Ambedkar National Institute of Technology, Jalandhar",36,4,4
Dr                                                                                Sumit Kumar Sharma,170831,Department of Industrial and Production Engineering,"Dr B R Ambedkar National Institute of Technology, Jalandhar",8,1,12
Dr                                                                                Manoj Kumar Somesula,236795,Department of Computer Science and Engineering,"Dr B R Ambedkar National Institute of Technology, Jalandhar",33,4,12
Dr                                                                                Abhishek  Sharma,340482,Department of Civil Engineering,"Dr B R Ambedkar National Institute of Technology, Jalandhar",64,2,6
Dr                                                                                Rudranarayan kandi,343336,Department of Industrial and Production Engineering,"Dr B R Ambedkar National Institute of Technology, Jalandhar",20,3,9
Dr                                                                                Anee  Mohanty,90111,Department of Biotechnology,"Dr B R Ambedkar National Institute of Technology, Jalandhar",210,9,8
Dr                                                                                Manjeet Singh,113985,Department of Electronics and Communication Engineering,"Dr B R Ambedkar National Institute of Technology, Jalandhar",69,5,4
Dr                                                                                Harimurugan Devarajan,130057,Department of Electrical Engineering,"Dr B R Ambedkar National Institute of Technology, Jalandhar",23,3,5
Dr                                                                                Manas Datta Roy,90289,Department of Textile Technology,"Dr B R Ambedkar National Institute of Technology, Jalandhar",23,3,10
Mr                                                                                SANDEEP VERMA,125139,Department of Electronics and Communication Engineering,"Dr B R Ambedkar National Institute of Technology, Jalandhar",239,5,8
Dr                                                                                Arya Anuj Jee,339123,Department of Civil Engineering,"Dr B R Ambedkar National Institute of Technology, Jalandhar",23,2,5
Dr                                                                                Roshan Bodile,339464,Department of Electronics and Communication Engineering,"Dr B R Ambedkar National Institute of Technology, Jalandhar",15,3,5
Dr                                                                                N.K. Srivastava,89971,Department of Chemical Engineering,"Dr B R Ambedkar National Institute of Technology, Jalandhar",551,3,3
Dr                                                                                D Giribabu,90369,Department of Chemical Engineering,"Dr B R Ambedkar National Institute of Technology, Jalandhar",51,3,8
Dr                                                                                K V P Singh,95480,Department of Textile Technology,"Dr B R Ambedkar National Institute of Technology, Jalandhar",16,3,4
Dr                                                                                Rakesh Kumar,97851,Department of Industrial and Production Engineering,"Dr B R Ambedkar National Institute of Technology, Jalandhar",107,5,7
Dr                                                                                Avani Vyas,339440,Department of Information Technology,"Dr B R Ambedkar National Institute of Technology, Jalandhar",25,3,5
Dr                                                                                Shivani  Sharma,339893,Department of Information Technology,"Dr B R Ambedkar National Institute of Technology, Jalandhar",25,3,4
Dr                                                                                LALATENDU BEHERA,114012,Department of Computer Science and Engineering,"Dr B R Ambedkar National Institute of Technology, Jalandhar",26,4,3
Dr                                                                                Roop Kishor,339293,Department of Civil Engineering,"Dr B R Ambedkar National Institute of Technology, Jalandhar",87,2,6
Dr                                                                                Banalaxmi Brahma,343213,Department of Computer Science and Engineering,"Dr B R Ambedkar National Institute of Technology, Jalandhar",59,3,4
Dr                                                                                Sounak Nandi,520311,Department of Electrical Engineering,"Dr B R Ambedkar National Institute of Technology, Jalandhar",N/A,N/A,N/A
Mr                                                                                Bhupati Kannur,220033,Civil Engineering,"Dr B R Ambedkar National Institute of Technology, Jalandhar",4,1,1
Dr                                                                                Swarnima Singh Gautam,479918,Department of Computer Science and Engineering,"Dr B R Ambedkar National Institute of Technology, Jalandhar",20,2,2
Prof                                                                                Raj Kumar Bansal,92939,Department of Industrial and Production Engineering,"Dr B R Ambedkar National Institute of Technology, Jalandhar",N/A,N/A,N/A
Dr                                                                                Damanjit Kaur,90399,Department of Mathematics,"Dr B R Ambedkar National Institute of Technology, Jalandhar",51,3,3
Mr                                                                                Ajay Trehan,90391,Department of Mechanical Engineering,"Dr B R Ambedkar National Institute of Technology, Jalandhar",N/A,N/A,N/A
Mrs                                                                                Anitha  j,356040,MCA,"Dr B R Ambedkar National Institute of Technology, Jalandhar",2,N/A,1
Mr                                                                                Rahul Aggarwal,90393,Department of Computer Science and Engineering,"Dr B R Ambedkar National Institute of Technology, Jalandhar",N/A,N/A,N/A
Dr                                                                                Gurraj Singh,130133,Department of Industrial and Production Engineering,"Dr B R Ambedkar National Institute of Technology, Jalandhar",N/A,N/A,N/A
Mr                                                                                ARUN KASHYAP,160405,Computer science and engineering,"Dr B R Ambedkar National Institute of Technology, Jalandhar",N/A,N/A,N/A
