Name,Vidwan ID,Department,College,Total Citations,H Index,Journal Articles
Dr                                                                                Ashok Kumar,55282,Department of Metallurgical and Materials Engineering,"National Institute of Technology, Jamshedpur",5189,34,291
Dr                                                                                Ashok Kumar,101525,Department of Civil Engineering,"National Institute of Technology, Jamshedpur",5118,34,287
Dr                                                                                Sunil Kumar,55264,Department of Mathematics,"National Institute of Technology, Jamshedpur",6259,45,186
Dr                                                                                Abdhesh Kumar Sinha,15898,Department of Civil Engineering,"National Institute of Technology, Jamshedpur",1122,17,109
Dr                                                                                Goutam Sutradhar,267577,Department of Civil Engineering,"National Institute of Technology, Jamshedpur",935,17,88
Dr                                                                                Satish Kumar,100524,Department of Mechanical Engineering,"National Institute of Technology, Jamshedpur",420,14,86
Prof                                                                                Niranjan Kumar,15925,Department of Electrical Engineering,"National Institute of Technology, Jamshedpur",556,12,56
Dr                                                                                Mayank Srivastava,98778,Department of Electronics and Communication Engineering,"National Institute of Technology, Jamshedpur",485,11,50
Prof                                                                                . Sanjay,53254,Department of Mechanical Engineering,"National Institute of Technology, Jamshedpur",1285,24,63
Dr                                                                                Brajkishor Prasad,98733,Department of Civil Engineering,"National Institute of Technology, Jamshedpur",1581,21,61
Prof                                                                                Ram Vinoy Sharma,15958,Department of Mechanical Engineering,"National Institute of Technology, Jamshedpur",366,10,64
Dr                                                                                Ujjwal Laha,16010,Department of Physics,"National Institute of Technology, Jamshedpur",713,15,80
Dr                                                                                Ananta Kumar Atta,139642,,"National Institute of Technology, Jamshedpur",360,12,61
Dr                                                                                Ajay Kumar,92749,Department of Electronics and Communication Engineering,"National Institute of Technology, Jamshedpur",677,12,49
Mr                                                                                Rajiv Ranjan Suman,15902,Department of Computer Science and Engineering,"National Institute of Technology, Jamshedpur",4747,30,41
Prof                                                                                Mani Kant Paswan,55267,Department of Mechanical Engineering,"National Institute of Technology, Jamshedpur",184,7,35
Dr                                                                                Raj Nandkeolyar,92759,,"National Institute of Technology, Jamshedpur",979,18,61
Dr                                                                                Dilip Kumar,55263,Department of Computer Science and Engineering,"National Institute of Technology, Jamshedpur",1860,19,40
Dr                                                                                KUMARI NAMRATA,15920,Department of Electrical Engineering,"National Institute of Technology, Jamshedpur",82,4,19
Dr                                                                                Yamuna Prasad Yadav,16008,Department of Physics,"National Institute of Technology, Jamshedpur",801,16,63
Dr                                                                                Vishesh Ranjan Kar,92811,Department of Mechanical Engineering,"National Institute of Technology, Jamshedpur",1716,25,40
Dr                                                                                Rashmi Sinha,15928,Department of Electronics and Communication Engineering,"National Institute of Technology, Jamshedpur",224,9,39
Dr                                                                                Dilip Kumar Yadav,55255,Department of Computer Science and Engineering,"National Institute of Technology, Jamshedpur",562,13,32
Dr                                                                                Shashi Bhushan Prasad,55261,Department of Production and Industrial Engineering,"National Institute of Technology, Jamshedpur",341,7,28
Dr                                                                                Omhari Gupta,92775,Department of Electrical Engineering,"National Institute of Technology, Jamshedpur",242,9,18
Dr                                                                                Madhu Singh,15921,Department of Electrical Engineering,"National Institute of Technology, Jamshedpur",129,7,29
Dr                                                                                Basudeba Behera,100478,Department of Electronics and communication Engineering,"National Institute of Technology, Jamshedpur",152,6,21
Dr                                                                                Kunal Singh,100507,Electronics and Communication Engineering,"National Institute of Technology, Jamshedpur",936,15,46
Dr                                                                                Arvind Choubey,55272,Department of Electronics and Communication Engineering,"National Institute of Technology, Jamshedpur",399,12,32
Dr                                                                                Ashok Kumar  Barik,331885,Department of Mechanical Engineering,"National Institute of Technology, Jamshedpur",383,11,47
Dr                                                                                Sanjay Vajpai,92815,Department of Metallurgical and Materials Engineering,"National Institute of Technology, Jamshedpur",1153,17,47
Dr                                                                                Jayendra Kumar,55275,Department of Electronics and Communication Engineering,"National Institute of Technology, Jamshedpur",196,7,23
Prof                                                                                Bishwa Nath Prasad,15935,Department of Mechanical Engineering,"National Institute of Technology, Jamshedpur",1589,17,38
Prof                                                                                Amaresh Kumar,15986,Department of Production and Industrial Engineering,"National Institute of Technology, Jamshedpur",361,9,25
Dr                                                                                Ashok Kumar Akella,288505,Electrical Engineering,"National Institute of Technology, Jamshedpur",982,9,25
Dr                                                                                Sanjay Kumar,55262,Department of Computer Science and Engineering,"National Institute of Technology, Jamshedpur",502,13,21
Dr                                                                                Tapas Das,92873,Department of Chemistry,"National Institute of Technology, Jamshedpur",557,15,41
Dr                                                                                Nagendra Kumar,98514,Department of Electronics and Communication Engineering,"National Institute of Technology, Jamshedpur",505,14,30
Dr                                                                                Kunal Singh,101530,Department of Electronics and Communication Engineering,"National Institute of Technology, Jamshedpur",936,15,40
Dr                                                                                Pranab Kumar Kundu,484716,Department of Mechanical Engineering,"National Institute of Technology, Jamshedpur",180,8,32
Dr                                                                                Sanjay Kumar,55247,Department of Civil Engineering,"National Institute of Technology, Jamshedpur",502,13,19
Dr                                                                                Ashok Kumar Akella,101528,Department of Electrical Engineering,"National Institute of Technology, Jamshedpur",982,9,23
Dr                                                                                Prashant  Kumar,92901,Department of Electronics and Communication Engineering,"National Institute of Technology, Jamshedpur",286,9,8
Dr                                                                                Awdhesh Kumar Choudhary,98784,Department of Civil Engineering,"National Institute of Technology, Jamshedpur",381,11,22
Dr                                                                                JITENDRA KUMAR,102192,Department of Electrical Engineering,"National Institute of Technology, Jamshedpur",313,11,18
Dr                                                                                Tarni Mandal,16004,Department of Mathematics,"National Institute of Technology, Jamshedpur",473,12,34
Dr                                                                                Kuntal Maji,101068,,"National Institute of Technology, Jamshedpur",377,11,24
Dr                                                                                Snehasis  Kundu,101537,Department of Mathematics,"National Institute of Technology, Jamshedpur",281,10,37
Dr                                                                                Uday  Kumar,100522,Department of Physics,"National Institute of Technology, Jamshedpur",589,13,29
Dr                                                                                Chandrashekhar Azad,92739,Department of Computer Science and Engineering,"National Institute of Technology, Jamshedpur",169,7,16
Dr                                                                                Md Ashique Hassan,100502,Department of Mechanical Engineering,"National Institute of Technology, Jamshedpur",179,7,17
Dr                                                                                Shail  Pandey,101546,Department of Physics,"National Institute of Technology, Jamshedpur",236,9,36
Dr                                                                                Basanta  Bhowmik,92783,Department of Electronics and Communication Engineering,"National Institute of Technology, Jamshedpur",706,15,30
Dr                                                                                Koushlendra Kumar Singh,98513,Department of Computer Science and Engineering,"National Institute of Technology, Jamshedpur",174,7,11
Dr                                                                                Krishna Bihari Yadav,15917,Department of Electrical Engineering,"National Institute of Technology, Jamshedpur",206,7,9
Dr                                                                                Danish Ali Khan,55253,Department of Computer Science and Engineering,"National Institute of Technology, Jamshedpur",225,10,25
Dr                                                                                Arvind Kumar Prajapati,299913,Department of Electrical and Electronics Engineering,"National Institute of Technology, Jamshedpur",275,11,17
Prof                                                                                Anil Kumar Choudhary,55244,Department of Civil Engineering,"National Institute of Technology, Jamshedpur",272,9,11
Prof                                                                                Prabha Chand,92751,Department of Mechanical Engineering,"National Institute of Technology, Jamshedpur",407,10,27
Dr                                                                                Naveen Kumar Veldurthi,100433,Department of Chemistry,"National Institute of Technology, Jamshedpur",552,14,30
Dr                                                                                Rajat  Tripathi,100515,Department of Mathematics,"National Institute of Technology, Jamshedpur",451,14,30
Dr                                                                                Dinesh Kumar,304800,Department of Computer Science and Engineering,"National Institute of Technology, Jamshedpur",269,7,8
Dr                                                                                Rabindra Nath Mahanty,15914,Department of Electrical Engineering,"National Institute of Technology, Jamshedpur",344,6,12
Dr                                                                                Shiva Nand Singh,15923,Department of Electronics and Communication Engineering,"National Institute of Technology, Jamshedpur",164,6,17
Dr                                                                                Alekha Kumar Mishra,98761,Department of Computer Science and Engineering,"National Institute of Technology, Jamshedpur",207,8,10
Dr                                                                                Sumit Kumar Debnath,98515,Department of Mathematics,"National Institute of Technology, Jamshedpur",174,7,17
Dr                                                                                Pranab Kumar Kundu,113558,,"National Institute of Technology, Jamshedpur",243,10,26
Prof                                                                                Shalendra Kumar,15957,Department of Mechanical Engineering,"National Institute of Technology, Jamshedpur",146,7,25
Dr                                                                                Subrata Mahanta,92769,Department of Chemistry,"National Institute of Technology, Jamshedpur",628,16,24
Dr                                                                                Virendra Kumar,92789,Department of Civil Engineering,"National Institute of Technology, Jamshedpur",313,7,22
Dr                                                                                Anil Kumar Prasad,15941,Department of Mechanical Engineering,"National Institute of Technology, Jamshedpur",64,5,20
Dr                                                                                Hira Lal Yadav,16011,,"National Institute of Technology, Jamshedpur",107,6,19
Dr                                                                                Dilip Kumar Shaw,55254,Department of Computer Science and Engineering,"National Institute of Technology, Jamshedpur",118,5,18
Dr                                                                                Subrata Dutta,98464,Department of Computer Science and Engineering,"National Institute of Technology, Jamshedpur",196,8,10
Dr                                                                                B Ramachandra Reddy,304383,Department of Computer Science and Engineering,"National Institute of Technology, Jamshedpur",105,6,11
Dr                                                                                Raj Ballav,15985,Department of Production and Industrial Engineering,"National Institute of Technology, Jamshedpur",131,7,18
Dr                                                                                Binod Kumar Singh,55260,Department of Computer Science and Engineering,"National Institute of Technology, Jamshedpur",183,7,14
Prof                                                                                Radha Krishna Prasad,55273,Department of Mechanical Engineering,"National Institute of Technology, Jamshedpur",765,13,18
Dr                                                                                Kanika Prasad,92785,Department of Production and Industrial engineering,"National Institute of Technology, Jamshedpur",242,9,24
Dr                                                                                Prabha Kumari Chand,15963,Department of Mechanical Engineering,"National Institute of Technology, Jamshedpur",407,10,20
Dr                                                                                Mrityunjay Kumar Sinha,15964,Department of Mechanical Engineering,"National Institute of Technology, Jamshedpur",59,4,18
Dr                                                                                Subhadeep Metya,98802,Department of Civil Engineering,"National Institute of Technology, Jamshedpur",214,8,10
Dr                                                                                Sourav Das,98805,Department of Mathematics,"National Institute of Technology, Jamshedpur",88,4,20
Dr                                                                                Sabyasachi Biswas,98817,Department of Civil Engineering,"National Institute of Technology, Jamshedpur",206,9,13
Dr                                                                                Suresh Prasad Sharma,15953,Department of Mechanical Engineering,"National Institute of Technology, Jamshedpur",299,9,22
Dr                                                                                Parmanand Kumar,15962,Department of Mechanical Engineering,"National Institute of Technology, Jamshedpur",216,7,19
Mr                                                                                Rajeev Ranjan,16012,Department of Physics,"National Institute of Technology, Jamshedpur",1749,14,19
Dr                                                                                Deepak  Kumar,92771,Department of Mechanical Engineering,"National Institute of Technology, Jamshedpur",92,4,12
Dr                                                                                Subhash  Singh,92777,Department of Production and Industrial engineering,"National Institute of Technology, Jamshedpur",182,5,17
Dr                                                                                Ramayan Singh,16006,Department of Mathematics,"National Institute of Technology, Jamshedpur",405,11,15
Dr                                                                                Basudeba Behera,92797,Department of Electronics and Communication Engineering,"National Institute of Technology, Jamshedpur",152,6,12
Dr                                                                                Shashank Pandey,100480,Department of Mechanical Engineering,"National Institute of Technology, Jamshedpur",413,9,16
Dr                                                                                Ravi  Bhushan,140408,Electrical Engineering,"National Institute of Technology, Jamshedpur",372,7,12
Dr                                                                                Ashok Kumar Mehta,15988,Department of Computer Science and Engineering,"National Institute of Technology, Jamshedpur",52,4,11
Dr                                                                                Sudhanshu Shekhar Pati,92839,Department of Chemistry,"National Institute of Technology, Jamshedpur",209,8,20
Dr                                                                                Vineet  Sahoo,98947,Department of Mechanical Engineering,"National Institute of Technology, Jamshedpur",102,5,13
Dr                                                                                Shakti Prasad,139730,Department of Mathematics,"National Institute of Technology, Jamshedpur",76,5,18
Prof                                                                                Umesh Kumar Sinha,15916,Department of Electrical Engineering,"National Institute of Technology, Jamshedpur",84,4,16
Dr                                                                                Rina Sahu,55279,Department of Metallurgical and Materials Engineering,"National Institute of Technology, Jamshedpur",227,6,12
Dr                                                                                Renu  Kumari,98527,Department of Metallurgical and Materials Engineering,"National Institute of Technology, Jamshedpur",327,8,15
Dr                                                                                Vijay Kumar Dalla,100473,Department of Mechanical Engineering,"National Institute of Technology, Jamshedpur",83,6,11
Dr                                                                                Mayuri Baruah,101548,Department of Production and Industrial engineering,"National Institute of Technology, Jamshedpur",155,5,14
Prof                                                                                Amarnath Thakur,15910,Department of Electrical Engineering,"National Institute of Technology, Jamshedpur",132,6,10
Dr                                                                                Laljee Prasad,15959,Department of Mechanical Engineering,"National Institute of Technology, Jamshedpur",198,9,17
Dr                                                                                Naresh Prasad,15961,Department of Mechanical Engineering,"National Institute of Technology, Jamshedpur",55,4,10
Dr                                                                                Dharmendra Patel,15983,Department of Production and Industrial Engineering,"National Institute of Technology, Jamshedpur",115,5,15
Dr                                                                                Sekarpandi Sakthivel,100498,Department of Chemistry,"National Institute of Technology, Jamshedpur",673,10,18
Dr                                                                                Amit Prakash,15926,Department of Electronics and Communication Engineering,"National Institute of Technology, Jamshedpur",24,3,14
Dr                                                                                Somenath Mondal,98790,Department of Civil Engineering,"National Institute of Technology, Jamshedpur",100,5,9
Dr                                                                                Ashok Kumar Jha,15980,Department of Production and Industrial Engineering,"National Institute of Technology, Jamshedpur",19,2,7
Dr                                                                                Arvind Kumar Lal Srivastava,55239,Department of Civil Engineering,"National Institute of Technology, Jamshedpur",163,7,15
Dr                                                                                Simanchal Kar,92755,Department of Production and Industrial engineering,"National Institute of Technology, Jamshedpur",196,7,9
Dr                                                                                Neha  Agnihotri,100486,Department of Physics,"National Institute of Technology, Jamshedpur",222,8,13
Prof                                                                                Sunil Kishore Sahay,15971,Department of Metallurgical and Materials Engineering,"National Institute of Technology, Jamshedpur",208,8,13
Dr                                                                                Akanksha  Shukla,98483,"Department of Humanities, Social Sciences and Management","National Institute of Technology, Jamshedpur",25,3,10
Dr                                                                                Ashish  Das,100484,Department of Production and Industrial engineering,"National Institute of Technology, Jamshedpur",80,6,15
Prof                                                                                Rajendra Prasad Singh,15973,Department of Metallurgical and Materials Engineering,"National Institute of Technology, Jamshedpur",206,6,12
Dr                                                                                Sripati Jha,16003,Department of Mathematics,"National Institute of Technology, Jamshedpur",247,7,11
Dr                                                                                Dulari  Hansdah,92747,Department of Mechanical Engineering,"National Institute of Technology, Jamshedpur",218,7,8
Prof                                                                                Anand Mukut Tigga,15979,Department of Production and Industrial Engineering,"National Institute of Technology, Jamshedpur",102,6,6
Dr                                                                                Shailesh Kumar Prasad,55233,Department of Chemistry,"National Institute of Technology, Jamshedpur",240,8,9
Dr                                                                                Ranjit Prasad,55278,Department of Metallurgical and Materials Engineering,"National Institute of Technology, Jamshedpur",103,5,12
Dr                                                                                Ashok Kumar Mandal,92757,Department of Mechanical Engineering,"National Institute of Technology, Jamshedpur",57,5,6
Dr                                                                                Sangeeta Kumari,94287,Department of Civil Engineering,"National Institute of Technology, Jamshedpur",31,4,8
Dr                                                                                SANJAY KUMAR,100932,Department of Electrical Engineering,"National Institute of Technology, Jamshedpur",224,5,11
Dr                                                                                Hathiram Nenavath,241934,Department of Electronics and Communication Engineering,"National Institute of Technology, Jamshedpur",377,5,9
Dr                                                                                Vinay Kumar,92861,Department of Computer Science and Engineering,"National Institute of Technology, Jamshedpur",85,4,10
Dr                                                                                Keshav Kumar  Sharma,103230,Department of Civil Engineering,"National Institute of Technology, Jamshedpur",1,1,4
Dr                                                                                Malay Niraj,15960,Department of Mechanical Engineering,"National Institute of Technology, Jamshedpur",14,2,8
Dr                                                                                Madan Mohan Prasad,55241,Department of Civil Engineering,"National Institute of Technology, Jamshedpur",114,4,5
Dr                                                                                ANANYO BHATTACHARYA,100757,Department of Electrical Engineering,"National Institute of Technology, Jamshedpur",5,2,3
Dr                                                                                Aravind  Gali,92799,Department of Metallurgical and Materials Engineering,"National Institute of Technology, Jamshedpur",N/A,N/A,6
Dr                                                                                Mrutyunjay Rout,100474,Department of Electronics and Communication Engineering,"National Institute of Technology, Jamshedpur",91,4,5
Dr                                                                                Ratnesh Kumar Mishra,100520,,"National Institute of Technology, Jamshedpur",1,1,8
Dr                                                                                Shubham Tripathi,316464,Department of Production and Industrial Engineering,"National Institute of Technology, Jamshedpur",61,4,6
Dr                                                                                Ashok Kumar Khan,15893,Department of Civil Engineering,"National Institute of Technology, Jamshedpur",9,1,2
Dr                                                                                Dinesh Kumar,92761,Department of Production and Industrial engineering,"National Institute of Technology, Jamshedpur",45,4,5
Dr                                                                                CHINTALACHERUVU RAO,100496,Department of Civil Engineering,"National Institute of Technology, Jamshedpur",18,1,6
Dr                                                                                Subodh Behari Lal Seksena,15905,Department of Electrical Engineering,"National Institute of Technology, Jamshedpur",61,2,6
Dr                                                                                Jichil Majhi,304369,Department of Metallurgical and Materials Engineering,"National Institute of Technology, Jamshedpur",59,3,6
Dr                                                                                ASHISH KUMAR SAHU,314207,Department of Computer Science and Engineering,"National Institute of Technology, Jamshedpur",71,4,3
Dr                                                                                SHAILESH KUMAR JHA,327178,Department of Mechanical Engineering,"National Institute of Technology, Jamshedpur",8,2,5
Mr                                                                                Shashi Ranjan Pandey,55251,Department of Civil Engineering,"National Institute of Technology, Jamshedpur",51,3,3
Dr                                                                                Prabhat Kumar,88733,Department of Chemistry,"National Institute of Technology, Jamshedpur",8,1,4
Dr                                                                                Maninder Kapoor,55225,"Department of Humanities, Social Sciences and Management","National Institute of Technology, Jamshedpur",N/A,N/A,2
Dr                                                                                Rakesh Pratap Singh,55237,Department of Civil Engineering,"National Institute of Technology, Jamshedpur",2,N/A,2
Dr                                                                                Swagatadeb  Sahoo,101532,Department of Electronics and Communication Engineering,"National Institute of Technology, Jamshedpur",10,2,3
Mr                                                                                Bibeka Nanda Kundu,16013,Department of Physics,"National Institute of Technology, Jamshedpur",25,2,2
Dr                                                                                Poulami  Maji,99108,Department of Metallurgical and Materials Engineering,"National Institute of Technology, Jamshedpur",24,2,2
Dr                                                                                Debshri Swargiary,304691,Department of Civil Engineering,"National Institute of Technology, Jamshedpur",18,2,2
Prof                                                                                Hari Narayan Singh,15885,Department of Mechanical Engineering,"National Institute of Technology, Jamshedpur",N/A,N/A,N/A
Mr                                                                                Nigam Prakash,15895,Department of Civil Engineering,"National Institute of Technology, Jamshedpur",N/A,N/A,N/A
Prof                                                                                Arun Kumar Singh,15911,Department of Electrical Engineering,"National Institute of Technology, Jamshedpur",N/A,N/A,N/A
Mr                                                                                Sushil Kumar Gupta,15912,Department of Electrical Engineering,"National Institute of Technology, Jamshedpur",N/A,N/A,N/A
Mr                                                                                Alok Priyadarshi,15922,Department of Electrical Engineering,"National Institute of Technology, Jamshedpur",N/A,N/A,N/A
Dr                                                                                Akhilesh Kumar,15924,Department of Electronics and Communication Engineering,"National Institute of Technology, Jamshedpur",N/A,N/A,N/A
Mr                                                                                Bhut Nath Singh Munda,15927,Department of Electronics and Communication Engineering,"National Institute of Technology, Jamshedpur",N/A,N/A,N/A
Dr                                                                                Krishna Dev Prasad Singh,15965,Department of Mechanical Engineering,"National Institute of Technology, Jamshedpur",N/A,N/A,N/A
Dr                                                                                Mahesh Kumar Agarwal,15972,Department of Metallurgical and Materials Engineering,"National Institute of Technology, Jamshedpur",N/A,N/A,N/A
Dr                                                                                Hari Shankar Prasad,16005,Department of Mathematics,"National Institute of Technology, Jamshedpur",N/A,N/A,N/A
Dr                                                                                Rajiv Bhushan,55226,"Department of Humanities, Social Sciences and Management","National Institute of Technology, Jamshedpur",N/A,N/A,N/A
Dr                                                                                Anand Kumar Choudhary,55234,Department of Chemistry,"National Institute of Technology, Jamshedpur",N/A,N/A,N/A
Dr                                                                                Akhileshwar Kumar Singh,55243,Department of Civil Engineering,"National Institute of Technology, Jamshedpur",N/A,N/A,N/A
Dr                                                                                Prahlad Prasad,55246,Department of Civil Engineering,"National Institute of Technology, Jamshedpur",N/A,N/A,N/A
Dr                                                                                Sajjan Kumar Paswan,55250,Department of Civil Engineering,"National Institute of Technology, Jamshedpur",N/A,N/A,N/A
Prof                                                                                Jay Narayan Yadav,55266,Department of Mechanical Engineering,"National Institute of Technology, Jamshedpur",N/A,N/A,N/A
Mr                                                                                Dilip Kumar,55274,Department of Electronics and Communication Engineering,"National Institute of Technology, Jamshedpur",N/A,N/A,N/A
Mr                                                                                Ajay Kumar Singh,55276,Department of Physics,"National Institute of Technology, Jamshedpur",N/A,N/A,N/A
Mr                                                                                Chandra Shekhar Choudhary,55280,Department of Metallurgical and Materials Engineering,"National Institute of Technology, Jamshedpur",N/A,N/A,N/A
Mr                                                                                Binod Kumar Singh,55281,Department of Metallurgical and Materials Engineering,"National Institute of Technology, Jamshedpur",N/A,N/A,N/A
Dr                                                                                Bipin  Kumar,92753,Department of Mechanical Engineering,"National Institute of Technology, Jamshedpur",N/A,N/A,N/A
Dr                                                                                Seeram  Madhuri,98666,Department of Civil Engineering,"National Institute of Technology, Jamshedpur",N/A,N/A,N/A
Dr                                                                                Moumita Mondal,100503,Department of Chemistry,"National Institute of Technology, Jamshedpur",N/A,N/A,N/A
Dr                                                                                Krishnadeo Singh,100513,Department of Mechanical Engineering,"National Institute of Technology, Jamshedpur",N/A,N/A,N/A
Dr                                                                                Doreswamy,101533,"Department of Humanities, Social Sciences and Management","National Institute of Technology, Jamshedpur",N/A,N/A,N/A
Dr                                                                                Shwati  Sudha,101534,"Department of Humanities, Social Sciences and Management","National Institute of Technology, Jamshedpur",N/A,N/A,N/A
Dr                                                                                Tushar  Banerjee,101550,Department of Production and Industrial engineering,"National Institute of Technology, Jamshedpur",N/A,N/A,N/A
Dr                                                                                Sriram Karthick Raja P,308345,Department of Civil Engineering,"National Institute of Technology, Jamshedpur",N/A,N/A,N/A
Surajit Kundu,314541,Department of Electronics and Communication Engineering,"National Institute of Technology, Jamshedpur",N/A,N/A,N/A
Dr                                                                                Simanta Kumar Samal,314544,Electrical engineering,"National Institute of Technology, Jamshedpur",N/A,N/A,N/A
Dr                                                                                Prahlad Prasad,404470,Department of Civil Engineering,"National Institute of Technology, Jamshedpur",N/A,N/A,N/A
Dr                                                                                Prahlad Prasad,404470,Department of Civil Engineering,"National Institute of Technology, Jamshedpur",N/A,N/A,N/A
