Name,Vidwan ID,Department,College,Total Citations,H Index,Journal Articles
Dr                                                                                Ajayan J,428515,Department of Electrical and Communication Engineering,SR University,1817,23,169
Dr                                                                                Pankaj Kumar,425389,Department of Mechanical Engineering,SR University,1199,19,102
Dr                                                                                Vaseem Akram Shaik,270796,Department of Electrical and Communication Engineering,SR University,886,16,54
Dr                                                                                Geetha Manoharan,433461,School of Buisness,SR University,516,13,6
Dr                                                                                Arun Sekar Rajasekaran,423662,Department of Electrical and Communication Engineering,SR University,343,10,108
Dr                                                                                Shamshuddin M D,265368,Department of Mathematics,SR University,1968,28,120
Dr                                                                                Purushotham Endla,233683,"Dept. of  Physics , School of Sciences",SR University,132,7,73
Dr                                                                                Rajendra Prasad Ch,425868,Department of Electrical and Communication Engineering,SR University,494,14,40
Prof                                                                                S V N Pammi,282468,,SR University,2951,29,70
Dr                                                                                Vedik B,268418,Department of Electrical and Electronics Engineering,SR University,718,18,41
Dr                                                                                Shyamala G,279001,Department of Civil Engineering,SR University,243,11,35
Dr                                                                                Murthi P,427466,Department of Civil Engineering,SR University,433,11,34
Dr                                                                                Vijaya Prakash Rajanala,407589,School of Computer Science and Artificial Intelligence,SR University,67,4,30
Dr                                                                                Shivani Goel,432337,School of Computer Science and Artificial Intelligence,SR University,1014,19,26
Dr                                                                                Chandan Shiva,418252,Department of Electrical and Electronics Engineering,SR University,1076,22,38
Dr                                                                                Rajesh Kumar K,278872,Department of Civil Engineering,SR University,404,11,39
Dr                                                                                P Chandra Shaker Reddy,250645,CS &AI;,SR University,626,18,38
Dr                                                                                Sreedhar Kollem,427563,Department of Electrical and Communication Engineering,SR University,288,9,30
"Dr. Pamulapati Anuradha Associate Professor, ECE Dept.",439821,,SR University,N/A,N/A,1
Dr                                                                                L Maria Irudaya Leo Joseph,425438,Department of Electrical and Communication Engineering,SR University,63,5,17
Dr                                                                                Poongodi K,427428,Department of Civil Engineering,SR University,317,11,16
Dr                                                                                Thirumala Rao Gurugubelli,281838,Department of Physics,SR University,595,15,31
Dr                                                                                Venkataramana Veeramsetty,432779,Department of Electrical and Electronics Engineering,SR University,338,12,25
Dr                                                                                Koppula Vijaya Kumar,209423,Computer science and Artificial Intelligence,SR University,150,8,17
Dr                                                                                Ramesh Babu Damarla,425480,School of Buisness,SR University,106,7,29
Dr                                                                                Malathy V,432592,Department of Electrical and Communication Engineering,SR University,61,5,11
Mr                                                                                Komuravelly Sudheer Kumar,431044,School of Computer Science and Artificial Intelligence,SR University,216,7,18
Dr                                                                                Pramod Kumar Poladi,425510,School of Computer Science and Artificial Intelligence,SR University,237,9,9
Dr                                                                                Anima Ghosh,427366,Department of Physics,SR University,646,15,25
Dr                                                                                Mohammed Ali Shaik,427338,School of Computer Science and Artificial Intelligence,SR University,276,9,3
Dr                                                                                Tarun Juluru,254112,Department of Electrical and Communication Engineering,SR University,75,5,13
Dr                                                                                Thaherbasha Shaik,262042,Department of Electrical and Communication Engineering,SR University,9,2,5
Dr                                                                                Sheshikala Martha,179309,School of Computer Science and Artificial Intelligence,SR University,240,7,9
Dr                                                                                Ram Deshmukh,180733,Department of Electrical and Electronics Engineering,SR University,166,5,13
Dr                                                                                Ravichander Janapati,427464,Department of Electrical and Communication Engineering,SR University,101,6,10
Mr                                                                                Rajeshwar Rao Arabelli,428878,Department of Electrical and Communication Engineering,SR University,180,6,4
Mr                                                                                V Thirupathi,447766,CS and AI,SR University,84,4,14
Mr                                                                                Srinivas Aluvala,425800,School of Computer Science and Artificial Intelligence,SR University,130,5,11
Mr                                                                                Kanegonda Ravi Chythanya,419316,School of Computer Science and Artificial Intelligence,SR University,121,5,10
Dr                                                                                Kiran Kumar Eranki L N,427334,School of Computer Science and Artificial Intelligence,SR University,66,4,3
Dr                                                                                Bhavana Jamalpur,427436,School of Computer Science and Artificial Intelligence,SR University,53,4,14
Mr                                                                                Srinivas Samala,427498,Department of Electrical and Communication Engineering,SR University,51,4,9
Dr                                                                                Sachidananda Sen,429050,Department of Electrical and Electronics Engineering,SR University,269,7,4
Dr                                                                                Mujahid Irfan M D,427355,Department of Electrical and Electronics Engineering,SR University,95,5,9
Mr                                                                                Syed Nawaz Pasha,432875,School of Computer Science and Artificial Intelligence,SR University,152,7,7
Mr                                                                                Naresh Kumar S,324313,School of Computer Science and Artificial Intelligence,SR University,183,8,11
Mr                                                                                Srikanth Y,427532,Department of Electrical and Communication Engineering,SR University,38,4,2
Dr                                                                                KANAPARTHI SURESH KUMAR,430602,School of Computer Science and Artificial Intelligence,SR University,41,4,11
Dr                                                                                P V Raja Shekar,431307,Department of Physics,SR University,172,6,16
Dr                                                                                Mamta Pandey,262653,,SR University,138,6,15
Dr                                                                                Chidurala Saiprakash,429281,Department of Electrical and Electronics Engineering,SR University,117,5,3
Dr                                                                                Vinod Kumar Venkiteswaran,264954,Department of Mechanical Engineering,SR University,105,7,7
Dr                                                                                Mahesh V,433438,Department of Mechanical Engineering,SR University,157,8,6
Dr                                                                                Zameer Gulzar,427321,School of Computer Science and Artificial Intelligence,SR University,151,4,10
Mr                                                                                Chakradhar Adupa,430583,Department of Electrical and Communication Engineering,SR University,38,3,1
Dr                                                                                Rakesh S,430593,School of Sciences,SR University,87,4,16
Dr                                                                                Srishailam Kanugula,430940,Department of Physics,SR University,87,6,18
Mr                                                                                Khaja Mannanuddin,427341,School of Computer Science and Artificial Intelligence,SR University,63,2,2
Mrs                                                                                Shilpa Narlagiri,432777,Department of Electrical and Communication Engineering,SR University,13,2,5
Dr                                                                                Raj Kumar Samudrala,427390,Department of Physics,SR University,170,7,13
Mr                                                                                Govil Alok,180688,Department of Design,SR University,70,5,6
Mr                                                                                Nagendar Yamsani,427680,School of Computer Science and Artificial Intelligence,SR University,91,5,6
Mr                                                                                Swamy Yadav Golla,428762,Department of Civil Engineering,SR University,59,5,6
Dr                                                                                Ravi Kiran G,430327,Department of Mathematics,SR University,71,4,9
Dr                                                                                Kafila M,430550,School of Buisness,SR University,70,4,9
Dr                                                                                Mallesham Bandi,428512,Department of Physics,SR University,128,6,10
Dr                                                                                Sumit Gupta,274815,Department of Electrical and Communication Engineering,SR University,67,3,7
Mr                                                                                Sandeep Gupta,428252,Department of Mechanical Engineering,SR University,46,3,7
Dr                                                                                Balarama Krishna Chebolu,430340,Department of Mathematics,SR University,31,3,8
Dr                                                                                Srikanth Velpula,178899,Department of Electrical and Electronics Engineering,SR University,86,5,9
Dr                                                                                Rajchandar K,427348,School of Computer Science and Artificial Intelligence,SR University,4,1,4
Mr                                                                                Vijay Kumar Bura,427832,School of Computer Science and Artificial Intelligence,SR University,77,4,2
Dr                                                                                Archana Reddy,432712,Department of Mathematics,SR University,17,2,4
Dr                                                                                Himavarshini Nallala,254156,School of Sciences,SR University,N/A,N/A,7
Mr                                                                                Chanti Yerrolla,407627,School of Computer Science and Artificial Intelligence,SR University,73,5,3
Mr                                                                                Girirajan B,425771,Department of Electrical and Communication Engineering,SR University,40,3,5
Dr                                                                                Kiran Kumar Thula,427340,Department of Mathematics,SR University,153,5,10
Dr                                                                                Sachin Kumar Yadav,427352,School of Computer Science and Artificial Intelligence,SR University,29,3,8
Dr                                                                                Nagaraju Macherla,427388,Department of Physics,SR University,36,2,8
Dr                                                                                Satheesh Raju G,428676,School of Buisness,SR University,28,3,5
Mr                                                                                Neduri Prabhanjan,428759,Department of Civil Engineering,SR University,20,2,6
Dr                                                                                Sritam S,428789,Department of Civil Engineering,SR University,82,3,6
Dr                                                                                Rajya Laxmi Muddasani,430551,School of Buisness,SR University,23,3,5
Mr                                                                                B Bhaskar,432811,School of Computer Science and Artificial Intelligence,SR University,54,5,5
Dr                                                                                Tithli Sadhu,427456,School of Agriculture,SR University,28,3,9
Dr                                                                                Subodh Kumar,273360,Department of Mechanical Engineering,SR University,98,3,4
Dr                                                                                Nageena Parveen Syed,427426,Department of Electrical and Communication Engineering,SR University,2,1,6
Dr                                                                                Shashank Rebelli,428715,Department of Electrical and Communication Engineering,SR University,26,3,5
Dr                                                                                Nigitha D,429023,Department of Civil Engineering,SR University,40,3,5
Mr                                                                                Subhajit Panda,430636,Department of Mathematics,SR University,6,2,8
Dr                                                                                Subbarao Medabalimi,433484,Department of Mechanical Engineering,SR University,24,3,7
Dr                                                                                Gurunadham Goli,290288,School of Buisness,SR University,2,1,4
Dr                                                                                Vijaya Gunturu,427432,Department of Electrical and Communication Engineering,SR University,24,3,N/A
Dr                                                                                Bohra Nitin Kumar,429213,Department of Mechanical Engineering,SR University,189,5,7
Mr                                                                                M D Golam Mortuja,215653,Department of Mathematics,SR University,13,1,3
Dr                                                                                Shanker Chandre,407402,School of Computer Science and Artificial Intelligence,SR University,N/A,N/A,1
Dr                                                                                Praveena Devi Nagireddy,425485,Department of Mechanical Engineering,SR University,51,3,2
Mr                                                                                Radhakrishnan Paramasivam,427369,School of Computer Science and Artificial Intelligence,SR University,3,1,2
Dr                                                                                Sammaiah Pulla,485607,Department of Mechanical Engineering,SR University,N/A,N/A,2
Dr                                                                                Suman Kumar Naredla,427320,School of Buisness,SR University,19,2,4
