Name,Vidwan ID,Department,College,Total Citations,H Index,Journal Articles
Dr                                                                                Ritu  Tiwari,193850,Department of Computer Science and Engineering,"Indian Institute of Information Technology, Pune",1380,20,63
Dr                                                                                Sandeep  Mishra,193859,Department of Computer Science and Engineering,"Indian Institute of Information Technology, Pune",183,8,15
Dr                                                                                Rahul  Dixit,193855,Department of Computer Science and Engineering,"Indian Institute of Information Technology, Pune",196,8,10
Dr                                                                                Bhupendra  Singh,193852,Department of Computer Science and Engineering,"Indian Institute of Information Technology, Pune",38,3,5
Dr                                                                                Darshan V Medhane,193856,Department of Computer Science and Engineering,"Indian Institute of Information Technology, Pune",277,6,6
Dr                                                                                Apoorva  Mishra,193854,Department of Computer Science and Engineering,"Indian Institute of Information Technology, Pune",106,6,5
Dr                                                                                Ranjith  Nair,193858,Department of Computer Science and Engineering,"Indian Institute of Information Technology, Pune",267,6,5
Dr                                                                                Tanmoy  Hazra,193851,Department of Computer Science and Engineering,"Indian Institute of Information Technology, Pune",N/A,N/A,N/A
Dr                                                                                Sanjeev  Sharma,193853,Department of Computer Science and Engineering,"Indian Institute of Information Technology, Pune",N/A,N/A,N/A
Dr                                                                                Nagendra  Kushwaha,193857,Department of Computer Science and Engineering,"Indian Institute of Information Technology, Pune",N/A,N/A,N/A
