Name,Vidwan ID,Department,College,Total Citations,H Index,Journal Articles
"Prof                                                                                Raghunath Sahoo, FInstP",62142,Department of Physics,Indian Institute of Technology Indore,50329,116,659
Dr                                                                                Shaikh M. Mobin,60464,Department of Chemistry,Indian Institute of Technology Indore,18732,65,555
Prof                                                                                 Ram Bilas Pachori,49413,Department of Electrical Engineering,Indian Institute of Technology Indore,18659,77,343
Dr                                                                                Ankhi Roy,62132,Department of Physics,Indian Institute of Technology Indore,23579,73,500
Dr                                                                                Amit Kumar,62106,Department of Biosciences and Biomedical Engineering,Indian Institute of Technology Indore,8234,44,393
Prof                                                                                 Vimal Bhatia,49416,Department of Electrical Engineering,Indian Institute of Technology Indore,3225,29,186
Dr                                                                                Rajesh Kumar,62110,Department of Physics,Indian Institute of Technology Indore,11367,43,280
Dr                                                                                Biswarup Pathak,62122,Department of Chemistry,Indian Institute of Technology Indore,6108,42,264
Dr                                                                                Parasharam Maruti Shirage,62178,Department of Metallurgical Engineering and Materials Science,Indian Institute of Technology Indore,4858,39,192
Dr                                                                                Anirban Sengupta,93753,Department of Computer Science and Engineering,Indian Institute of Technology Indore,1465,20,86
Dr                                                                                Sanjay Kumar Singh,62121,Department of Chemistry,Indian Institute of Technology Indore,6129,41,204
Dr                                                                                Suhas S. Joshi,11209,Department of Mechanical Engineering,Indian Institute of Technology Indore,5857,39,178
Prof                                                                                Neelesh Kumar Jain,62252,Department of Mechanical Engineering,Indian Institute of Technology Indore,2834,27,136
Dr                                                                                Iyamperumal Anand Palani,62176,Department of Mechanical Engineering,Indian Institute of Technology Indore,2229,25,147
Dr                                                                                Hem Chandra Jha,93705,Department of Biosciences and Biomedical Engineering,Indian Institute of Technology Indore,2008,26,148
Prof                                                                                 Narendra S. Chaudhari,49402,Department of Computer Science and Engineering,Indian Institute of Technology Indore,1278,19,65
Dr                                                                                Sunil Kumar,93803,Department of Metallurgical Engineering and Materials Science,Indian Institute of Technology Indore,1144,20,159
Prof                                                                                 Abhinav Kranti,49414,Department of Electrical Engineering,Indian Institute of Technology Indore,3476,32,109
Dr                                                                                Somaditya Sen,62155,Department of Physics,Indian Institute of Technology Indore,2177,26,124
Prof                                                                                 Rajneesh Misra,62114,Department of Chemistry,Indian Institute of Technology Indore,5775,44,174
Dr                                                                                Sudip Chakraborty,95487,Department of Physics,Indian Institute of Technology Indore,4962,39,166
Dr                                                                                M. Tanveer,93813,Department of Mathematics,Indian Institute of Technology Indore,3614,29,129
Dr                                                                                Amit Shukla,113215,"Department of Astronomy, Astrophysics and Space Engineering",Indian Institute of Technology Indore,2422,24,77
Dr                                                                                Santosh Kumar Vishvakarma,62177,Department of Electrical Engineering,Indian Institute of Technology Indore,1589,19,100
Dr                                                                                Santosh Kumar Sahu,62276,Department of Mechanical Engineering,Indian Institute of Technology Indore,1512,22,105
Dr                                                                                Abhijit Ghosh,93799,Department of Metallurgical Engineering and Materials Science,Indian Institute of Technology Indore,1589,21,129
Prof                                                                                Shaibal Mukherjee,62166,Department of Electrical Engineering,Indian Institute of Technology Indore,1883,25,124
Dr                                                                                Saptarshi Ghosh,93779,Department of Electrical Engineering,Indian Institute of Technology Indore,2642,26,66
Dr                                                                                Sudeshna Chattopadhyay,62129,Department of Physics,Indian Institute of Technology Indore,2772,27,130
Prof                                                                                 Sandeep Chaudhary,93733,Department of Civil Engineering,Indian Institute of Technology Indore,2929,26,113
Dr                                                                                Pavan Kumar Kankar,93831,Department of Mechanical Engineering,Indian Institute of Technology Indore,2875,29,75
Dr                                                                                Rupesh S. Devan,60142,Department of Metallurgical Engineering and Materials Science,Indian Institute of Technology Indore,5737,44,127
Dr                                                                                Prabhat Kumar Upadhyay,93775,Department of Electrical Engineering,Indian Institute of Technology Indore,1389,18,70
Dr                                                                                Abhirup Datta,93691,"Department of Astronomy, Astrophysics and Space Engineering",Indian Institute of Technology Indore,967,14,62
Dr                                                                                Mukesh Kumar,93777,Department of Electrical Engineering,Indian Institute of Technology Indore,976,18,85
Prof                                                                                Pankaj R. Sagdeo,62151,Department of Physics,Indian Institute of Technology Indore,2837,31,124
Dr                                                                                Manish Kumar Goyal,93737,Department of Civil Engineering,Indian Institute of Technology Indore,2294,28,112
Prof                                                                                Sarika Jalan,93833,Department of Physics,Indian Institute of Technology Indore,1918,25,111
Dr                                                                                Vipul Singh,62172,Department of Electrical Engineering,Indian Institute of Technology Indore,1274,20,98
Dr                                                                                Apurba Kumar Das,62116,Department of Chemistry,Indian Institute of Technology Indore,4165,30,112
Dr                                                                                Satyanarayan Patel,113221,Department of Mechanical Engineering,Indian Institute of Technology Indore,2565,22,98
Dr                                                                                Aruna Tiwari,62156,Department of Computer Science and Engineering,Indian Institute of Technology Indore,2181,18,49
Dr                                                                                Surya Prakash,89889,Department of Computer Science and Engineering,Indian Institute of Technology Indore,1213,17,51
Dr                                                                                Neelima Devarakonda Satyam,93739,Department of Civil Engineering,Indian Institute of Technology Indore,1375,25,80
Dr                                                                                Sharad Gupta,93699,Department of Biosciences and Biomedical Engineering,Indian Institute of Technology Indore,1035,19,65
Dr                                                                                Shailesh Kundalwal,93823,Department of Mechanical Engineering,Indian Institute of Technology Indore,2336,27,81
Dr                                                                                Ritunesh Kumar,62273,Department of Mechanical Engineering,Indian Institute of Technology Indore,1788,23,64
Prof                                                                                 Suman Mukhopadhyay,62102,Department of Chemistry,Indian Institute of Technology Indore,2137,27,89
Prof                                                                                Ganti S. Murthy,113223,Department of Biosciences and Biomedical Engineering,Indian Institute of Technology Indore,3120,28,53
Dr                                                                                Hari Hablani,95481,"Department of Astronomy, Astrophysics and Space Engineering",Indian Institute of Technology Indore,743,13,43
Dr                                                                                Sampak Samanta,62118,Department of Chemistry,Indian Institute of Technology Indore,2624,30,84
Prof                                                                                 Anand Parey,49404,Department of Mechanical Engineering,Indian Institute of Technology Indore,2593,26,59
Dr                                                                                Avinash Sonavane,93713,Department of Biosciences and Biomedical Engineering,Indian Institute of Technology Indore,8934,28,63
Dr                                                                                Ajay Kumar Kushwaha,93797,Department of Metallurgical Engineering and Materials Science,Indian Institute of Technology Indore,1731,24,62
Dr                                                                                Parimal Kar,93711,Department of Biosciences and Biomedical Engineering,Indian Institute of Technology Indore,1172,22,70
Prof                                                                                 Krushna R. Mavani,62140,Department of Physics,Indian Institute of Technology Indore,771,15,59
Prof                                                                                Vinod Kumar,93783,Department of Metallurgical Engineering and Materials Science,Indian Institute of Technology Indore,972,18,53
Dr                                                                                Srimanta  Pakhira,99803,Department of Physics,Indian Institute of Technology Indore,1456,22,68
Dr                                                                                Anjan Chakraborty,62117,Department of Chemistry,Indian Institute of Technology Indore,2409,30,68
Dr                                                                                Saurabh Das,93697,"Department of Astronomy, Astrophysics and Space Engineering",Indian Institute of Technology Indore,540,14,45
Dr                                                                                Mirza Saqib Baig,93707,Department of Biosciences and Biomedical Engineering,Indian Institute of Technology Indore,1731,21,49
Prof                                                                                Neminath Hubballi,93763,Department of Computer Science and Engineering,Indian Institute of Technology Indore,702,15,22
Dr                                                                                Trapti Jain,62170,Department of Electrical Engineering,Indian Institute of Technology Indore,1099,18,33
Dr                                                                                Bhargav Pradeep Vaidya,93693,"Department of Astronomy, Astrophysics and Space Engineering",Indian Institute of Technology Indore,701,14,48
Dr                                                                                Selvakumar Sermadurai,113209,Department of Chemistry,Indian Institute of Technology Indore,1248,19,55
Dr                                                                                Preeti Anand Bhobe,62146,Department of Physics,Indian Institute of Technology Indore,910,16,55
Dr                                                                                Swaminathan R,93781,Department of Electrical Engineering,Indian Institute of Technology Indore,474,12,25
Prof                                                                                Debayan Sarkar,94559,Department of Chemistry,Indian Institute of Technology Indore,895,12,50
Dr                                                                                Suman Majumdar,93695,"Department of Astronomy, Astrophysics and Space Engineering",Indian Institute of Technology Indore,1079,20,46
Dr                                                                                Abhijeet Balwantrao Joshi,93715,Department of Biosciences and Biomedical Engineering,Indian Institute of Technology Indore,664,15,31
Dr                                                                                Dipak Kumar Roy,93729,Department of Chemistry,Indian Institute of Technology Indore,1804,24,49
Dr                                                                                Vivek Kanhangad,62237,Department of Electrical Engineering,Indian Institute of Technology Indore,1788,21,28
Dr                                                                                Sumanta Samal,93785,Department of Metallurgical Engineering and Materials Science,Indian Institute of Technology Indore,643,14,48
Dr                                                                                Chelvam Venkatesh,93723,Department of Chemistry,Indian Institute of Technology Indore,1223,18,45
Prof                                                                                Santosh Sattappa Hosmani,90437,Department of Metallurgical Engineering and Materials Science,Indian Institute of Technology Indore,695,16,36
Dr                                                                                Somnath Dey,93761,Department of Computer Science and Engineering,Indian Institute of Technology Indore,463,12,27
Dr                                                                                Vijay A  S,255672,Department of Electrical Engineering,Indian Institute of Technology Indore,274,9,17
Dr                                                                                Bodhisatwa Mazumdar,93765,Department of Computer Science and Engineering,Indian Institute of Technology Indore,863,12,22
Dr                                                                                Sunil Kumar Boda,255669,Department of Biosciences and Biomedical Engineering,Indian Institute of Technology Indore,1588,19,39
Dr                                                                                Tridib Kumar Sarma,93717,Department of Chemistry,Indian Institute of Technology Indore,1672,25,47
Dr                                                                                Abhishek shrivastava,93751,Department of Computer Science and Engineering,Indian Institute of Technology Indore,177,8,22
Dr                                                                                Devendra Deshmukh,93821,Department of Mechanical Engineering,Indian Institute of Technology Indore,607,11,37
Dr                                                                                Bhupesh Kumar Lad,62270,Department of Mechanical Engineering,Indian Institute of Technology Indore,487,13,29
Dr                                                                                Krishna Mohan Kumar,251137,Department of Mechanical Engineering,Indian Institute of Technology Indore,1867,23,38
Dr                                                                                Ruchi Sharma,62168,School of Humanities and Social Sciences,Indian Institute of Technology Indore,444,13,41
Dr                                                                                Swadesh Kumar Sahoo,62124,Department of Mathematics,Indian Institute of Technology Indore,373,10,42
Dr                                                                                 Ayan Mondal,246540,Department of Computer Science and Engineering,Indian Institute of Technology Indore,576,13,26
Dr                                                                                Mritunjay Verma,491317,Department of Physics,Indian Institute of Technology Indore,204,7,27
Dr                                                                                Tushar Kanti Mukherjee,62120,Department of Chemistry,Indian Institute of Technology Indore,888,19,44
Dr                                                                                Santanu Manna,113213,Department of Mathematics,Indian Institute of Technology Indore,410,12,40
Dr                                                                                Mohd. Arshad,165464,Department of Mathematics,Indian Institute of Technology Indore,165,9,33
Dr                                                                                Ankur Miglani,113224,Department of Mechanical Engineering,Indian Institute of Technology Indore,552,16,35
Dr                                                                                Titas Chanda,427883,Department of Physics,Indian Institute of Technology Indore,619,14,41
Dr                                                                                Amod C Umarikar,62164,Department of Electrical Engineering,Indian Institute of Technology Indore,793,13,19
Dr                                                                                Satya Silendra Bulusu,93721,Department of Chemistry,Indian Institute of Technology Indore,2500,24,39
Dr                                                                                Lalit Borana,93735,Department of Civil Engineering,Indian Institute of Technology Indore,544,14,31
Dr                                                                                Soumi Chattopadhyay,139135,Department of Computer Science and Engineering,Indian Institute of Technology Indore,143,6,6
Dr                                                                                Sumit Gautam,255670,Department of Electrical Engineering,Indian Institute of Technology Indore,257,9,10
Dr                                                                                Sanjram Premjit Khanganba,93835,School of Humanities and Social Sciences,Indian Institute of Technology Indore,28,3,20
Dr                                                                                Pritee Sharma,62167,School of Humanities and Social Sciences,Indian Institute of Technology Indore,620,11,31
Dr                                                                                Mohd. Farooq Azam,93741,Department of Civil Engineering,Indian Institute of Technology Indore,1658,18,34
Dr                                                                                Mrigendra Dubey,93789,Department of Metallurgical Engineering and Materials Science,Indian Institute of Technology Indore,604,16,37
Dr                                                                                Jayaprakash Murugesan,93791,Department of Metallurgical Engineering and Materials Science,Indian Institute of Technology Indore,295,10,23
Dr                                                                                Manoneeta Chakraborty,113208,"Department of Astronomy, Astrophysics and Space Engineering",Indian Institute of Technology Indore,187,7,27
Dr                                                                                Kiran Bala,93703,Department of Biosciences and Biomedical Engineering,Indian Institute of Technology Indore,1276,17,29
Dr                                                                                Puneet Gupta,93769,Department of Computer Science and Engineering,Indian Institute of Technology Indore,492,12,19
Dr                                                                                Abhishek Rajput,93745,Department of Civil Engineering,Indian Institute of Technology Indore,265,10,23
Dr                                                                                Lokesh Basavarajappa,490452,Department of Biosciences and Biomedical Engineering,Indian Institute of Technology Indore,186,8,14
Dr                                                                                Amrendra Kumar Singh,93725,Department of Chemistry,Indian Institute of Technology Indore,398,11,32
Dr                                                                                Harekrishna Yadav,113216,Department of Mechanical Engineering,Indian Institute of Technology Indore,226,9,26
Dr                                                                                Dipankar Das,113219,Department of Physics,Indian Institute of Technology Indore,554,14,28
Dr                                                                                Priyank Sharma,245953,Department of Civil Engineering,Indian Institute of Technology Indore,187,7,17
Dr                                                                                Ravinder .,527435,Department of Civil Engineering,Indian Institute of Technology Indore,371,12,16
Dr                                                                                Prashant Kodgire,62103,Department of Biosciences and Biomedical Engineering,Indian Institute of Technology Indore,399,12,21
Dr                                                                                Dhinakaran Shanmugam,62115,Department of Mechanical Engineering,Indian Institute of Technology Indore,1195,21,28
Dr                                                                                Kapil Ahuja,93755,Department of Computer Science and Engineering,Indian Institute of Technology Indore,228,8,23
Dr                                                                                Srivathsan Vasudevan,93773,Department of Electrical Engineering,Indian Institute of Technology Indore,155,8,20
Dr                                                                                Bapan Ghosh,113211,Department of Mathematics,Indian Institute of Technology Indore,458,13,30
Dr                                                                                Balasubramanyam Appina,229017,Department of Electrical Engineering,Indian Institute of Technology Indore,220,7,11
Dr                                                                                Md. Aquil Khan,62130,Department of Mathematics,Indian Institute of Technology Indore,276,10,15
Dr                                                                                Dhirendra Kumar Rai,93795,Department of Metallurgical Engineering and Materials Science,Indian Institute of Technology Indore,371,10,30
Dr                                                                                Indrasen Singh,93825,Department of Mechanical Engineering,Indian Institute of Technology Indore,354,11,29
Dr                                                                                Debajyoti Sarkar,113220,Department of Physics,Indian Institute of Technology Indore,288,8,29
Dr                                                                                Narendra Nath  Patra,245968,"Department of Astronomy, Astrophysics and Space Engineering",Indian Institute of Technology Indore,224,10,29
Dr                                                                                Hitendra Kumar,491293,Department of Biosciences and Biomedical Engineering,Indian Institute of Technology Indore,696,14,22
Prof                                                                                Subhendu Rakshit,62135,Department of Physics,Indian Institute of Technology Indore,621,12,26
Dr                                                                                Ashootosh Sakharam  Mandpe,246541,Department of Civil Engineering,Indian Institute of Technology Indore,313,9,16
Dr                                                                                SIVARAJ MOHANA SUNDARAM,490449,Department of Biosciences and Biomedical Engineering,Indian Institute of Technology Indore,269,10,22
Dr                                                                                Abhinav Raghuvanshi,93727,Department of Chemistry,Indian Institute of Technology Indore,177,7,27
Dr                                                                                Umesh Achyutrao Kshirsagar,113210,Department of Chemistry,Indian Institute of Technology Indore,856,15,27
Dr                                                                                Bibekananda Maji,113218,Department of Mathematics,Indian Institute of Technology Indore,57,4,27
Dr                                                                                Unmesh Khati,255673,"Department of Astronomy, Astrophysics and Space Engineering",Indian Institute of Technology Indore,176,8,14
Dr                                                                                Antony Vijesh,62128,Department of Mathematics,Indian Institute of Technology Indore,91,5,24
Dr                                                                                Eswara Prasad Korimilli,93793,Department of Metallurgical Engineering and Materials Science,Indian Institute of Technology Indore,1290,16,24
Dr                                                                                Aniruddha Singh Kushwaha,255674,Department of Computer Science and Engineering,Indian Institute of Technology Indore,102,6,10
Dr                                                                                K V Vamsi,367473,Department of Metallurgical Engineering and Materials Science,Indian Institute of Technology Indore,229,10,17
Dr                                                                                Deepak Gupta,507842,,Indian Institute of Technology Indore,440,12,25
Dr                                                                                Kazi Sabiruddin,62202,Department of Mechanical Engineering,Indian Institute of Technology Indore,420,11,25
Dr                                                                                Satyajit Chatterjee,93819,Department of Mechanical Engineering,Indian Institute of Technology Indore,296,11,26
Dr                                                                                Mayur Shirish,245972,Department of Civil Engineering,Indian Institute of Technology Indore,469,13,16
Dr                                                                                Nirmala Menon,62158,School of Humanities and Social Sciences,Indian Institute of Technology Indore,24,3,17
Dr                                                                                Saikat Sarkar,93743,Department of Civil Engineering,Indian Institute of Technology Indore,107,6,20
Dr                                                                                Ananya Ghoshal,93843,School of Humanities and Social Sciences,Indian Institute of Technology Indore,N/A,N/A,8
Dr                                                                                Kalandi C Pradhan,165451,School of Humanities and Social Sciences,Indian Institute of Technology Indore,14,3,21
Dr                                                                                Aman Khurana,491348,Department of Mechanical Engineering,Indian Institute of Technology Indore,332,12,20
Dr                                                                                Siddarth Savyasachi Malu,62148,"Department of Astronomy, Astrophysics and Space Engineering",Indian Institute of Technology Indore,495,8,14
Dr                                                                                Ram Sajeevan Maurya,113212,Department of Metallurgical Engineering and Materials Science,Indian Institute of Technology Indore,188,7,19
Dr                                                                                Vinay Kumar Gupta,113214,Department of Mathematics,Indian Institute of Technology Indore,134,7,14
Dr                                                                                Dan Sathiaraj,113222,Department of Mechanical Engineering,Indian Institute of Technology Indore,954,13,18
Dr                                                                                Subhadeep Paladhi,367494,Department of Electrical Engineering,Indian Institute of Technology Indore,85,5,12
Dr                                                                                Guru Prakash,93749,Department of Civil Engineering,Indian Institute of Technology Indore,156,7,18
Dr                                                                                Hemant Borkar,93801,Department of Metallurgical Engineering and Materials Science,Indian Institute of Technology Indore,216,6,18
Prof                                                                                Niraj Kumar Shukla,93807,Department of Mathematics,Indian Institute of Technology Indore,61,5,22
Dr                                                                                Yuvraj Kumar Madhukar,93829,Department of Mechanical Engineering,Indian Institute of Technology Indore,315,8,17
Dr                                                                                Kaustav Bakshi,93747,Department of Civil Engineering,Indian Institute of Technology Indore,55,4,15
Dr                                                                                Dudekukla Althaf Basha,113217,Department of Metallurgical Engineering and Materials Science,Indian Institute of Technology Indore,356,13,21
Dr                                                                                Nagendra Kumar,165443,Department of Computer Science and Engineering,Indian Institute of Technology Indore,108,6,13
Dr                                                                                Janakiraman S,245965,Department of Mechanical Engineering,Indian Institute of Technology Indore,382,11,16
Dr                                                                                Soumen Ghosh,367491,Department of Chemistry,Indian Institute of Technology Indore,1083,12,18
Dr                                                                                Akshay Pratap Singh,491322,Department of Civil Engineering,Indian Institute of Technology Indore,104,7,16
Dr                                                                                Subhra Mazumdar,527432,Department of Computer Science and Engineering,Indian Institute of Technology Indore,298,6,5
Dr                                                                                Gourinath Banda,93759,Department of Computer Science and Engineering,Indian Institute of Technology Indore,85,5,7
Dr                                                                                Rinkee Chopra,229605,Department of Electrical Engineering,Indian Institute of Technology Indore,120,7,10
Dr                                                                                Sourav Chandra,507749,Department of Biosciences and Biomedical Engineering,Indian Institute of Technology Indore,99,6,11
Dr                                                                                Akshaya Kumar,93839,School of Humanities and Social Sciences,Indian Institute of Technology Indore,72,5,15
Dr                                                                                Gourab Sil,165440,Department of Civil Engineering,Indian Institute of Technology Indore,123,6,11
Dr                                                                                Ranveer Singh,165445,Department of Computer Science and Engineering,Indian Institute of Technology Indore,39,3,17
Dr                                                                                Sidharth Sharma,260568,Department of Computer Science and Engineering,Indian Institute of Technology Indore,67,4,8
Dr                                                                                Khushuboo Devi Tiwari,491337,Department of Metallurgical Engineering and Materials Science,Indian Institute of Technology Indore,61,5,12
Dr                                                                                Sk. Safique Ahmad,62123,Department of Mathematics,Indian Institute of Technology Indore,106,6,15
Dr                                                                                Dishari Chattaraj,174770,School of Humanities and Social Sciences,Indian Institute of Technology Indore,28,2,13
Dr                                                                                Mohanasundari Thangave,246539,School of Humanities and Social Sciences,Indian Institute of Technology Indore,6,2,11
Dr                                                                                Sanjeev Singh,93815,Department of Mathematics,Indian Institute of Technology Indore,71,5,14
Dr                                                                                Girish Chandra Verma,113207,Department of Mechanical Engineering,Indian Institute of Technology Indore,284,7,9
Dr                                                                                Chandan Halder,286053,Department of Metallurgical Engineering and Materials Science,Indian Institute of Technology Indore,115,6,14
Dr                                                                                Naresh Kumar Kumawat,305453,Department of Physics,Indian Institute of Technology Indore,1000,11,8
Dr                                                                                Nisheeth Kumar Prasad,305715,Department of Metallurgical Engineering and Materials Science,Indian Institute of Technology Indore,118,6,12
Dr                                                                                Ashish  Rajak,172632,Department of Mechanical Engineering,Indian Institute of Technology Indore,75,5,9
Dr                                                                                Subhrangsu Mandal,305713,Department of Computer Science and Engineering,Indian Institute of Technology Indore,19,3,4
Dr                                                                                Ranjith Poobalan,491263,Department of Metallurgical Engineering and Materials Science,Indian Institute of Technology Indore,78,5,10
Dr                                                                                Manavendra Mahato,62147,Department of Physics,Indian Institute of Technology Indore,128,6,10
Dr                                                                                Ashok Kumar Mocherla,93845,,Indian Institute of Technology Indore,N/A,N/A,5
Dr                                                                                Alestin Mawrie,110588,Department of Physics,Indian Institute of Technology Indore,139,6,10
Dr                                                                                Chandresh Kumar Maurya,165450,Department of Computer Science and Engineering,Indian Institute of Technology Indore,60,5,4
Dr                                                                                Sourav Mitra,388542,Department of Mathematics,Indian Institute of Technology Indore,9,2,10
Dr                                                                                Sumit Chandra Mishra,527438,Department of Mathematics,Indian Institute of Technology Indore,N/A,N/A,3
Dr                                                                                Neeraj Mishra,93837,School of Humanities and Social Sciences,Indian Institute of Technology Indore,104,3,7
Dr                                                                                Debopriya Mukherjee,367467,Department of Mathematics,Indian Institute of Technology Indore,50,4,8
Dr                                                                                Lokesh Kumar Dewangan,491343,Department of Electrical Engineering,Indian Institute of Technology Indore,28,3,2
Dr                                                                                Bivas Dutta,507783,Department of Physics,Indian Institute of Technology Indore,205,7,9
Dr                                                                                Onkar S. Game,271517,Department of Physics,Indian Institute of Technology Indore,194,5,7
Dr                                                                                Vijai Laxmi,305714,Department of Mechanical Engineering,Indian Institute of Technology Indore,70,5,5
Dr                                                                                Sridharan Balakrishnan,507770,Department of Civil Engineering,Indian Institute of Technology Indore,102,5,6
Dr                                                                                Ashisha Kumar,93809,Department of Mathematics,Indian Institute of Technology Indore,69,4,6
Dr                                                                                Priyansh Singh,165435,Department of Civil Engineering,Indian Institute of Technology Indore,39,4,4
Dr                                                                                Kedarmal Verma,239569,School of Humanities and Social Sciences,Indian Institute of Technology Indore,4,2,6
Dr                                                                                Vijay Kumar Sohani,93811,Department of Mathematics,Indian Institute of Technology Indore,19,3,6
Dr                                                                                Charitha Cherugondi,95486,Department of Mathematics,Indian Institute of Technology Indore,84,4,5
Dr                                                                                Mayank Chouksey,507824,Department of Mechanical Engineering,Indian Institute of Technology Indore,25,3,6
Dr                                                                                Vivek Verma,507832,Department of Metallurgical Engineering and Materials Science,Indian Institute of Technology Indore,36,3,5
Dr                                                                                Anand Parkash,93805,Department of Mathematics,Indian Institute of Technology Indore,9,2,5
Dr                                                                                Shomik Dasgupta,93841,School of Humanities and Social Sciences,Indian Institute of Technology Indore,1,N/A,3
Dr                                                                                Vibhor Pandhare,427887,Department of Mechanical Engineering,Indian Institute of Technology Indore,550,N/A,4
Dr                                                                                Sharad Kumar Singh,483082,Department of Electrical Engineering,Indian Institute of Technology Indore,6,2,2
Dr                                                                                Dibyendu Mondal,527442,Department of Mathematics,Indian Institute of Technology Indore,3,1,4
Dr                                                                                Pravarthana Dhanapal,286057,Department of Chemistry,Indian Institute of Technology Indore,31,1,3
Dr                                                                                Sansuma Brahma,367457,School of Humanities and Social Sciences,Indian Institute of Technology Indore,N/A,N/A,2
Dr                                                                                Chidella Upendra,62173,School of Humanities and Social Sciences,Indian Institute of Technology Indore,N/A,N/A,1
Dr                                                                                Anjali Rao,210951,"Department of Astronomy, Astrophysics and Space Engineering",Indian Institute of Technology Indore,N/A,N/A,N/A
Dr                                                                                Thapasya J,245963,School of Humanities and Social Sciences,Indian Institute of Technology Indore,N/A,N/A,N/A
Dr                                                                                Aratrika Das,245967,School of Humanities and Social Sciences,Indian Institute of Technology Indore,N/A,N/A,N/A
Dr                                                                                Priyanka Singh,427882,"Department of Astronomy, Astrophysics and Space Engineering",Indian Institute of Technology Indore,N/A,N/A,N/A
Dr                                                                                Ramu Baadiga,490456,Department of Civil Engineering,Indian Institute of Technology Indore,N/A,N/A,N/A
Dr                                                                                Priyamvada .,491267,Department of Mathematics,Indian Institute of Technology Indore,N/A,N/A,N/A
Dr                                                                                Dibbendu Roy,491303,Department of Electrical Engineering,Indian Institute of Technology Indore,N/A,N/A,N/A
Dr                                                                                Rajan Singh,527444,Department of Chemistry,Indian Institute of Technology Indore,N/A,N/A,N/A
