Name,Vidwan ID,Department,College,Total Citations,H Index,Journal Articles
Dr                                                                                Anirban Saha,202201,School of Physics and Materials Science,Shoolini University,36805,97,495
Dr                                                                                Deepak Kumar,194088,School of Pharmaceutical Sciences,Shoolini University,1934,22,158
Dr                                                                                Sadanand Pandey,446383,School of Bio-Engineering and Food Technology,Shoolini University,7516,45,130
Dr                                                                                Pardeep Singh,202289,School of Advanced Chemical Sciences,Shoolini University,9860,59,162
Dr                                                                                Gaurav Sharma,202237,School of Advanced Chemical Sciences,Shoolini University,11002,63,188
Dr                                                                                Pankaj Raizada,202287,School of Advanced Chemical Sciences,Shoolini University,8097,53,148
Dr                                                                                Amit Kumar,202198,School of Advanced Chemical Sciences,Shoolini University,8761,57,164
Dr                                                                                Radheshyam Rai,281432,School of Physics and Materials Science,Shoolini University,1840,23,83
Dr                                                                                Saurabh Kulshrestha,202334,School of Biotechnology,Shoolini University,1262,20,60
Dr                                                                                Radha,202305,School of Biological and Environmental Sciences,Shoolini University,807,17,30
Dr                                                                                Dinesh Kumar,202236,School of Bio Engineering and Food Technology,Shoolini University,1370,20,55
Dr                                                                                Poonam Negi,202296,School of Pharmaceutical Sciences,Shoolini University,2233,26,43
Dr                                                                                Pooja Dhiman,202294,School of Physics and Materials Science,Shoolini University,1596,20,52
Dr                                                                                S. S. Chandel,202326,"School of Mechanical, Civil and Electrical Engineering",Shoolini University,5534,33,49
Prof                                                                                Sunil Puri,207978,School of Biological and Environmental Sciences,Shoolini University,1072,18,67
Dr                                                                                Kamal Dev,202254,School of Biotechnology,Shoolini University,584,14,67
Dr                                                                                Raj Kumar,202307,"School of Mechanical, Civil and Electrical Engineering",Shoolini University,1107,22,60
Dr                                                                                Anurag  Rana,289166,,Shoolini University,13,2,61
Dr                                                                                Anuradha Sourirajan,202209,School of Biotechnology,Shoolini University,886,16,59
Dr                                                                                Anita Sudhaik,202202,School of Advanced Chemical Sciences,Shoolini University,2801,25,48
Dr                                                                                Rohit Jasrotia,202322,School of Physics and Materials Science,Shoolini University,591,16,50
Dr                                                                                Gaurav Gupta,202240,,Shoolini University,285,8,24
Dr                                                                                Debajyoti Bose,76737,School of Biotechnology,Shoolini University,478,13,43
Dr                                                                                Rohit Goyal,202321,School of Pharmaceutical Sciences,Shoolini University,648,13,34
Mr                                                                                Ritesh Verma,202319,School of Physics and Materials Science,Shoolini University,592,14,42
Dr                                                                                Somesh Sharma,202343,School of Bio Engineering and Food Technology,Shoolini University,600,12,33
Dr                                                                                Mamta Shandilya,202264,School of Physics and Materials Science,Shoolini University,567,13,40
Dr                                                                                Deepak Kapoor,202229,School of Pharmaceutical Sciences,Shoolini University,946,14,24
Dr                                                                                Pradeep Kumar,202298,School of Biotechnology,Shoolini University,511,11,24
Dr                                                                                Praveen Kumar Verma,275499,School of Advanced Chemical Sciences,Shoolini University,913,16,41
Dr                                                                                Prem Prakash  Sharma,275502,School of Advanced Chemical Sciences,Shoolini University,855,17,46
Dr                                                                                Gaurav Saxena,202238,School of Biotechnology,Shoolini University,939,12,9
Dr                                                                                Rachna Verma,202304,School of Biological and Environmental Sciences,Shoolini University,540,13,22
Mr                                                                                Sunil Kumar,202350,"Yogananda School of AI, Computer and Data Sciences",Shoolini University,305,9,35
Dr                                                                                Ram Prakash Dwivedi,202312,"School of Mechanical, Civil and Electrical Engineering",Shoolini University,788,11,28
Dr                                                                                Rohit Sharma,208003,School of Biotechnology,Shoolini University,559,16,27
Dr                                                                                Azhar Khan,202218,,Shoolini University,325,10,32
Dr                                                                                Pooja Shandilya,202292,School of Advanced Chemical Sciences,Shoolini University,2264,23,29
Dr                                                                                Pawan Kumar,202291,School of Physics and Materials Science,Shoolini University,86,7,23
Mr                                                                                Harsh Kumar,202246,School of Biotechnology,Shoolini University,564,14,18
Dr                                                                                Nitika Thakur,202281,School of Biotechnology,Shoolini University,73,5,21
Dr                                                                                Santanu Mukherjee,202331,School of Agriculture,Shoolini University,565,15,27
Dr                                                                                Pinky Satija,207941,School of Advanced Chemical Sciences,Shoolini University,268,9,40
Ms                                                                                Shweta Sharma,202342,School of Advanced Chemical Sciences,Shoolini University,2448,24,29
Dr                                                                                Lokender  Kumar,281414,School of Biotechnology,Shoolini University,334,11,24
Dr                                                                                Aditi Sharma,202194,School of Pharmaceutical Sciences,Shoolini University,309,9,18
Dr                                                                                J.M. Julka,202251,School of Biological and Environmental Sciences,Shoolini University,247,6,29
Dr                                                                                Rupak Nagraik,202325,School of Bio Engineering and Food Technology,Shoolini University,314,12,18
Dr                                                                                Arunava Poddar,202213,"School of Mechanical, Civil and Electrical Engineering",Shoolini University,133,6,25
Dr                                                                                Navsal Kumar,207947,"School of Mechanical, Civil and Electrical Engineering",Shoolini University,201,8,27
Dr                                                                                P. K. Chauhan,202285,School of Bio Engineering and Food Technology,Shoolini University,292,10,22
Dr                                                                                Robin Thakur,202320,"School of Mechanical, Civil and Electrical Engineering",Shoolini University,120,7,18
Ms                                                                                Vasudha Hasija,202357,School of Advanced Chemical Sciences,Shoolini University,1542,16,15
Dr                                                                                Neeraj Gandotra,202279,"Yogananda School of AI, Computer and Data Sciences",Shoolini University,90,5,12
Mr                                                                                Abhinandan Kumar,202193,School of Advanced Chemical Sciences,Shoolini University,1197,13,12
Mr                                                                                Amar Rao,202195,School of Business Management and Liberal Arts,Shoolini University,290,9,23
Dr                                                                                Navneet Kumar Upadhyay,202276,School of Pharmaceutical Sciences,Shoolini University,227,9,21
Prof                                                                                Pankaj Vaidya,202288,"Yogananda School of AI, Computer and Data Sciences",Shoolini University,57,5,8
Dr                                                                                Nitin Kumar,202283,"School of Mechanical, Civil and Electrical Engineering",Shoolini University,199,7,14
Dr                                                                                Prashant  Malik,281426,"School of Mechanical, Civil and Electrical Engineering",Shoolini University,231,10,15
Mr                                                                                Abhishek Kumar Sharma,186137,School of Pharmaceutical Sciences,Shoolini University,283,8,9
Dr                                                                                Amita Kumari,202199,School of Biological and Environmental Sciences,Shoolini University,50,4,16
Prof                                                                                Prem Kumar Khosla,207977,School of Biological and Environmental Sciences,Shoolini University,254,6,16
Dr                                                                                Satish Gupta,202333,School of Agriculture,Shoolini University,92,4,17
Dr                                                                                Brij Bhushan Sharma,202224,"Yogananda School of AI, Computer and Data Sciences",Shoolini University,224,9,7
Dr                                                                                Sunil Kumar,194170,School of Pharmaceutical Sciences,Shoolini University,127,6,13
Dr                                                                                Arun Parashar,202212,School of Pharmaceutical Sciences,Shoolini University,421,9,14
Dr                                                                                Diksha Chauhan,275485,"School of Mechanical, Civil and Electrical Engineering",Shoolini University,70,5,10
Ms                                                                                Suman,202348,"Yogananda School of AI, Computer and Data Sciences",Shoolini University,56,3,8
Ms                                                                                 Shweta Sharma,207990,School of Agriculture,Shoolini University,261,6,9
Mr                                                                                Prashanta Kumar  Deb,281421,School of Pharmaceutical Sciences,Shoolini University,143,5,10
Dr                                                                                Richa Kaushal,208795,School of Biotechnology,Shoolini University,109,7,15
Dr                                                                                Raj Kumar Saini,202308,"School of Mechanical, Civil and Electrical Engineering",Shoolini University,42,4,3
Mr                                                                                Sashank Thapa,202332,"School of Mechanical, Civil and Electrical Engineering",Shoolini University,73,5,10
Dr                                                                                Narinder Verma,202275,School of Business Management and Liberal Arts,Shoolini University,121,4,5
Dr                                                                                Anuj Kumar Poonia,207998,School of Biotechnology,Shoolini University,44,4,8
Dr                                                                                Amar Raj Singh Suri,202196,"School of Mechanical, Civil and Electrical Engineering",Shoolini University,168,7,8
Dr                                                                                Bhaskar Goel,202221,"School of Mechanical, Civil and Electrical Engineering",Shoolini University,76,7,8
Dr                                                                                Chandresh Kumari,202226,School of Biotechnology,Shoolini University,35,3,6
Dr                                                                                Namita Saini,202273,"Yogananda School of AI, Computer and Data Sciences",Shoolini University,36,3,6
Dr                                                                                Sonia,202344,"Yogananda School of AI, Computer and Data Sciences",Shoolini University,60,5,4
Dr                                                                                Ashwani Kumar,202216,"School of Mechanical, Civil and Electrical Engineering",Shoolini University,34,4,7
Dr                                                                                Sunil Kumar Sharma,202351,School of Advanced Chemical Sciences,Shoolini University,315,6,10
Mr                                                                                Sushil Kumar,202353,"School of Mechanical, Civil and Electrical Engineering",Shoolini University,41,3,8
Ms                                                                                 Aaliya Ali,207988,School of Biotechnology,Shoolini University,65,5,4
Dr                                                                                Abhilash Pathania,202192,"School of Mechanical, Civil and Electrical Engineering",Shoolini University,96,7,5
Dr                                                                                Prerna Bhardwaj,202302,School of Biological and Environmental Sciences,Shoolini University,188,8,1
Dr                                                                                Chander Mohan Gupta,202225,School of Law,Shoolini University,10,2,3
Dr                                                                                Jyoti Mehta,202253,School of Biotechnology,Shoolini University,54,5,8
Ms                                                                                Nitisha Sharma,202284,"School of Mechanical, Civil and Electrical Engineering",Shoolini University,13,2,9
Mr                                                                                Shard .,202337,School of Business Management and Liberal Arts,Shoolini University,N/A,N/A,3
Dr                                                                                Dipika  Rana,281433,School of Biological and Environmental Sciences,Shoolini University,43,2,6
Dr                                                                                Vinay kumar  Rachappanavar,289104,School of Agriculture,Shoolini University,31,1,3
Dr                                                                                Hemlata Kaurav,202248,School of Pharmaceutical Sciences,Shoolini University,32,3,3
Dr                                                                                Sandeep Singh,202329,School of Business Management and Liberal Arts,Shoolini University,16,2,3
Dr                                                                                Yashwant Negi,202363,School of Agriculture,Shoolini University,18,3,7
Ms                                                                                Himanshu Gandhi,275493,School of Pharmaceutical Sciences,Shoolini University,94,4,2
Dr                                                                                Priyanka Kumari,289149,School of Biological and Environmental Sciences,Shoolini University,6,2,6
Ms                                                                                Chetna Kumari,202227,School of Pharmaceutical Sciences,Shoolini University,121,6,4
Dr                                                                                Kesari Singh,202256,School of Business Management and Liberal Arts,Shoolini University,N/A,N/A,4
