Name,Vidwan ID,Department,College,Total Citations,H Index,Journal Articles
Prof                                                                                Datta Madamwar,163410,P D Patel Institute of Applied Sciences (PDPIAS),Charotar University of Science and Technology,9727,53,434
Prof                                                                                Pankaj Joshi,163487,International Centre for Cosmology ICC,Charotar University of Science and Technology,4542,39,281
Dr                                                                                CK Sumesh,156361,P D Patel Institute of Applied Sciences (PDPIAS),Charotar University of Science and Technology,1849,28,204
Prof                                                                                R M Patel,156546,P D Patel Institute of Applied Sciences (PDPIAS),Charotar University of Science and Technology,680,16,212
Dr                                                                                Arpan Desai,161470,Chandubhai S. Patel Institute of Technology (CSPIT),Charotar University of Science and Technology,1669,23,139
Prof                                                                                Ramesh Upadhyay,156375,Dr K C Patel Research and Development centre KRADLE,Charotar University of Science and Technology,3000,29,160
Dr                                                                                Kinnari Parekh,156383,Dr K C Patel Research and Development centre KRADLE,Charotar University of Science and Technology,1302,19,152
Dr                                                                                Pratik Pataniya,196140,P D Patel Institute of Applied Sciences (PDPIAS),Charotar University of Science and Technology,2390,32,157
Dr                                                                                Atul Patel,48991,Smt. Chandaben Mohanbhai Patel Institute of Computer Applications (CMPICA),Charotar University of Science and Technology,274,7,90
Dr                                                                                Yogeshwar Kosta,260567,Chandubhai S. Patel Institute of Technology CSPIT,Charotar University of Science and Technology,796,16,55
Dr                                                                                Trushit Upadhyaya,161263,Chandubhai S. Patel Institute of Technology CSPIT,Charotar University of Science and Technology,1109,19,79
Dr                                                                                Vijaykumar Chaudhary,161226,Chandubhai S. Patel Institute of Technology CSPIT,Charotar University of Science and Technology,177,6,48
Dr                                                                                Amit Thakkar,157508,Chandubhai S. Patel Institute of Technology CSPIT,Charotar University of Science and Technology,110,6,61
Dr                                                                                Chintan Bhatt,161339,Chandubhai S. Patel Institute of Technology CSPIT,Charotar University of Science and Technology,399,10,27
Dr                                                                                Mrunali Patel,163413,Ramanbhai Patel College of Pharmacy (RPCP),Charotar University of Science and Technology,888,19,58
Dr                                                                                Hardik Modi,147023,Chandubhai S. Patel Institute of Technology CSPIT,Charotar University of Science and Technology,256,4,50
Dr                                                                                Umang Shah,162057,Ramanbhai Patel College of Pharmacy (RPCP),Charotar University of Science and Technology,185,8,53
Dr                                                                                Jitendra Chaudhari,161478,Chandubhai S. Patel Institute of Technology CSPIT,Charotar University of Science and Technology,59,5,51
Dr                                                                                Parth Shah,124948,Chandubhai S. Patel Institute of Technology CSPIT,Charotar University of Science and Technology,239,8,32
Dr                                                                                Gajanan Patange,161298,Chandubhai S. Patel Institute of Technology CSPIT,Charotar University of Science and Technology,39,3,44
Prof                                                                                Rashmin Patel,161527,Ramanbhai Patel College of Pharmacy (RPCP),Charotar University of Science and Technology,833,18,45
Dr                                                                                Keyur Mahant,162363,Chandubhai S. Patel Institute of Technology CSPIT,Charotar University of Science and Technology,175,8,45
Dr                                                                                Amit V Patel,161504,Chandubhai S. Patel Institute of Technology CSPIT,Charotar University of Science and Technology,240,9,46
Dr                                                                                Nikita Bhatt,162190,Chandubhai S. Patel Institute of Technology CSPIT,Charotar University of Science and Technology,14,3,35
Dr                                                                                Mehul Patel,162196,Ramanbhai Patel College of Pharmacy (RPCP),Charotar University of Science and Technology,130,8,42
Dr                                                                                Atanu Banerjee,156822,Dr K C Patel Research and Development centre KRADLE,Charotar University of Science and Technology,391,8,51
Dr                                                                                Sagarkumar Patel,161487,Chandubhai S. Patel Institute of Technology CSPIT,Charotar University of Science and Technology,59,4,35
Dr                                                                                Sanskruti Patel,162638,Smt. Chandaben Mohanbhai Patel Institute of Computer Applications (CMPICA),Charotar University of Science and Technology,24,3,41
Dr                                                                                Jimitkumar Patel,155547,P D Patel Institute of Applied Sciences (PDPIAS),Charotar University of Science and Technology,126,7,48
Dr                                                                                Shweta Dabhi,156431,P D Patel Institute of Applied Sciences (PDPIAS),Charotar University of Science and Technology,452,12,39
Prof                                                                                Alpesh Vala,161477,Chandubhai S. Patel Institute of Technology CSPIT,Charotar University of Science and Technology,177,8,37
Dr                                                                                Vanarajsinh Solanki,156403,Dr K C Patel Research and Development centre KRADLE,Charotar University of Science and Technology,205,10,39
Dr                                                                                Kamleshbhai Chauhan,161297,Chandubhai S. Patel Institute of Technology CSPIT,Charotar University of Science and Technology,97,4,30
Prof                                                                                Palash Mandal,154244,Biological Sciences,Charotar University of Science and Technology,922,13,28
Dr                                                                                Gayatri Patel,161745,Ramanbhai Patel College of Pharmacy (RPCP),Charotar University of Science and Technology,309,10,32
Dr                                                                                Nilay Solanki,163485,Ramanbhai Patel College of Pharmacy (RPCP),Charotar University of Science and Technology,83,4,37
Dr                                                                                Anamika Jha,154263,P D Patel Institute of Applied Sciences (PDPIAS),Charotar University of Science and Technology,115,6,21
Dr                                                                                Ashish Patel,162164,Ramanbhai Patel College of Pharmacy (RPCP),Charotar University of Science and Technology,157,7,23
Dr                                                                                Prakash V,163539,Ashok and Rita Patel Institute of Physiotherapy (ARIP),Charotar University of Science and Technology,40349,17,39
Dr                                                                                Dweepna Garg,161326,Devang Patel Institute of Advance Technology and Research (DEPSTAR),Charotar University of Science and Technology,120,6,18
Dr                                                                                Himanshu Patel,161978,Chandubhai S. Patel Institute of Technology CSPIT,Charotar University of Science and Technology,6,2,38
Prof                                                                                Manan Raval,162361,Ramanbhai Patel College of Pharmacy (RPCP),Charotar University of Science and Technology,70,5,38
Dr                                                                                Samir Patel,162173,Ramanbhai Patel College of Pharmacy (RPCP),Charotar University of Science and Technology,32,4,39
Dr                                                                                Abhinav Parashar,363114,P D Patel Institute of Applied Sciences (PDPIAS),Charotar University of Science and Technology,402,13,24
Dr                                                                                Mayur Sutaria,161259,Chandubhai S. Patel Institute of Technology CSPIT,Charotar University of Science and Technology,122,7,24
Dr                                                                                Shailesh Khant,162355,Smt. Chandaben Mohanbhai Patel Institute of Computer Applications (CMPICA),Charotar University of Science and Technology,16,2,5
Prof                                                                                Darshan Patel,163870,Bapubhai Desaibhai Patel Institute of Paramedical Sciences (BDIPS),Charotar University of Science and Technology,377,12,30
Dr                                                                                Dattatraya Subhedar,161376,Chandubhai S. Patel Institute of Technology CSPIT,Charotar University of Science and Technology,156,5,24
Dr                                                                                Parth Thakor,275395,Bapubhai Desaibhai Patel Institute of Paramedical Sciences (BDIPS),Charotar University of Science and Technology,690,14,32
Dr                                                                                Niraj Vyas,163403,Ramanbhai Patel College of Pharmacy (RPCP),Charotar University of Science and Technology,41,4,29
Dr                                                                                Neeraj Jain,154239,P D Patel Institute of Applied Sciences (PDPIAS),Charotar University of Science and Technology,604,12,26
Dr                                                                                Prabhin Sukumaran,161471,Chandubhai S. Patel Institute of Technology CSPIT,Charotar University of Science and Technology,97,4,25
Mr                                                                                Parth Goel,161535,Devang Patel Institute of Advance Technology and Research (DEPSTAR),Charotar University of Science and Technology,130,7,9
Ms                                                                                Arpita Shah,162153,Chandubhai S. Patel Institute of Technology CSPIT,Charotar University of Science and Technology,43,3,20
Dr                                                                                Killol Vishnuprasad Pandya,161678,Chandubhai S. Patel Institute of Technology (CSPIT),Charotar University of Science and Technology,118,7,13
Dr                                                                                Jalpa Suthar,161381,,Charotar University of Science and Technology,15,2,25
Dr                                                                                Arpita Patel,161468,Chandubhai S. Patel Institute of Technology CSPIT,Charotar University of Science and Technology,23,2,17
Dr                                                                                P Ratan Khuman,162641,Ashok and Rita Patel Institute of Physiotherapy (ARIP),Charotar University of Science and Technology,5,1,20
Dr                                                                                Ravish Patel,163489,Ramanbhai Patel College of Pharmacy (RPCP),Charotar University of Science and Technology,492,10,18
Dr                                                                                Chitra Patel,279896,P D Patel Institute of Applied Sciences (PDPIAS),Charotar University of Science and Technology,43,2,9
Dr                                                                                Krunal Kachhia,156351,P D Patel Institute of Applied Sciences (PDPIAS),Charotar University of Science and Technology,76,6,23
Dr                                                                                Dhara Patel,161489,Chandubhai S. Patel Institute of Technology CSPIT,Charotar University of Science and Technology,100,6,16
Mr                                                                                Mohammed Husain Bohara,162162,Chandubhai S. Patel Institute of Technology CSPIT,Charotar University of Science and Technology,35,4,11
Dr                                                                                Vishal B.  Purohit,357836,P D Patel Institute of Applied Sciences (PDPIAS),Charotar University of Science and Technology,331,10,24
Dr                                                                                Bhavtosh Kikani,150571,P D Patel Institute of Applied Sciences (PDPIAS),Charotar University of Science and Technology,359,10,16
Dr                                                                                Archita Patel,240032,Ramanbhai Patel College of Pharmacy (RPCP),Charotar University of Science and Technology,34,N/A,21
Dr                                                                                Sagar Chokshi,161284,Chandubhai S. Patel Institute of Technology CSPIT,Charotar University of Science and Technology,75,4,17
Dr                                                                                Amit Nayak,161323,,Charotar University of Science and Technology,N/A,N/A,2
Dr                                                                                Janki N Thakker,154242,P D Patel Institute of Applied Sciences (PDPIAS),Charotar University of Science and Technology,878,9,18
Dr                                                                                Manan Shah,154428,P D Patel Institute of Applied Sciences (PDPIAS),Charotar University of Science and Technology,171,6,13
Dr                                                                                Anjana Kothari,156386,Dr K C Patel Research and Development centre KRADLE,Charotar University of Science and Technology,309,11,19
Mr                                                                                Mihir Patel,161251,Chandubhai S. Patel Institute of Technology CSPIT,Charotar University of Science and Technology,8,2,23
Dr                                                                                Upeshkumar Patel,161506,Chandubhai S. Patel Institute of Technology CSPIT,Charotar University of Science and Technology,111,6,13
Dr                                                                                Ritseh Patel,162684,Chandubhai S. Patel Institute of Technology CSPIT,Charotar University of Science and Technology,15,2,15
Dr                                                                                Purvi Prajapati,159905,Chandubhai S. Patel Institute of Technology CSPIT,Charotar University of Science and Technology,20,3,13
Dr                                                                                Manthan S. Manavadaria,162640,Chandubhai S. Patel Institute of Technology CSPIT,Charotar University of Science and Technology,5,1,17
Dr                                                                                Kanwar Preet Kaur,406184,Chandubhai S. Patel Institute of Technology (CSPIT),Charotar University of Science and Technology,65,4,14
Dr                                                                                Nilesh Dubey,161290,Devang Patel Institute of Advance Technology and Research (DEPSTAR),Charotar University of Science and Technology,60,4,8
Dr                                                                                Dharmendrasinh Chauhan,161531,Chandubhai S. Patel Institute of Technology CSPIT,Charotar University of Science and Technology,26,3,15
Dr                                                                                Abhishek Dadhania,156252,P D Patel Institute of Applied Sciences (PDPIAS),Charotar University of Science and Technology,313,10,20
Dr                                                                                Jigar Sarda,161234,Chandubhai S. Patel Institute of Technology CSPIT,Charotar University of Science and Technology,19,2,14
Dr                                                                                Amit Patel,161377,Ramanbhai Patel College of Pharmacy (RPCP),Charotar University of Science and Technology,34,3,11
Dr                                                                                Falguni Raval,161472,Chandubhai S. Patel Institute of Technology CSPIT,Charotar University of Science and Technology,82,6,15
Dr                                                                                Vijaykumar Panchal,162176,Chandubhai S. Patel Institute of Technology CSPIT,Charotar University of Science and Technology,393,10,16
Dr                                                                                Kanubhai Patel,162297,Smt. Chandaben Mohanbhai Patel Institute of Computer Applications (CMPICA),Charotar University of Science and Technology,159,5,5
Dr                                                                                Jagruti Desai,163502,Ramanbhai Patel College of Pharmacy (RPCP),Charotar University of Science and Technology,228,10,18
Dr                                                                                MARU MINAXI S,357143,P D Patel Institute of Applied Sciences (PDPIAS),Charotar University of Science and Technology,154,6,19
Dr                                                                                Joydeep Chakraborty,429720,P D Patel Institute of Applied Sciences (PDPIAS),Charotar University of Science and Technology,141,1,19
Dr                                                                                Sanjaykumar Panjabi,155497,P D Patel Institute of Applied Sciences (PDPIAS),Charotar University of Science and Technology,23,3,14
Dr                                                                                Khushal Patel,216733,Bapubhai Desaibhai Patel Institute of Paramedical Sciences (BDIPS),Charotar University of Science and Technology,54,3,19
Dr                                                                                Priyanka Patel,157782,Chandubhai S. Patel Institute of Technology (CSPIT),Charotar University of Science and Technology,22,1,14
Dr                                                                                Nilaykumar Patel,161243,Chandubhai S. Patel Institute of Technology CSPIT,Charotar University of Science and Technology,5,1,17
Dr                                                                                Surbala Lourembam,162629,Ashok and Rita Patel Institute of Physiotherapy (ARIP),Charotar University of Science and Technology,5,1,18
Dr                                                                                Janki K. Patel,154257,P D Patel Institute of Applied Sciences (PDPIAS),Charotar University of Science and Technology,112,4,8
Dr                                                                                Kamesh Viswanathan Baskaran,156406,Dr K C Patel Research and Development centre KRADLE,Charotar University of Science and Technology,51,5,15
Dr                                                                                Bimal Patel,157601,Chandubhai S. Patel Institute of Technology CSPIT,Charotar University of Science and Technology,34,3,11
Dr                                                                                Swayamprakash Patel,162142,Ramanbhai Patel College of Pharmacy (RPCP),Charotar University of Science and Technology,10,2,11
Dr                                                                                Dharmendra Patel,162146,Smt. Chandaben Mohanbhai Patel Institute of Computer Applications (CMPICA),Charotar University of Science and Technology,21,4,12
Mr                                                                                Santosh Ojha,162765,Bapubhai Desaibhai Patel Institute of Paramedical Sciences (BDIPS),Charotar University of Science and Technology,9,2,16
Dr                                                                                Pranav Vyas,162302,Smt. Chandaben Mohanbhai Patel Institute of Computer Applications (CMPICA),Charotar University of Science and Technology,5,1,10
