Name,Vidwan ID,Department,College,Total Citations,H Index,Journal Articles
Prof                                                                                Muthusamy Lakshmanan,55299,Department of Physics,Bharathidasan University,11921,55,376
Prof                                                                                M Selvam,33753,Department of Commerce and Financial Studies,Bharathidasan University,228,9,183
Dr                                                                                P Santhanam,81109,Department of Marine Science,Bharathidasan University,1158,18,195
Dr                                                                                Ranganathan Chandrakasan,66031,Department of Library and Information Science,Bharathidasan University,29,2,137
Dr                                                                                R Ramesh Babu,81161,,Bharathidasan University,3704,35,170
"Dr                                                                                K. Jeganathan FASCh, FinstP",81131,School of Physics,Bharathidasan University,3471,28,179
Dr                                                                                D Ramesh,81167,Department of Geography,Bharathidasan University,3692,35,161
Dr                                                                                Murugaian Senthilvelan,61023,Department of Nonlinear Dynamics,Bharathidasan University,2433,26,165
Dr                                                                                M Durairaj,81005,Department of Computer Science and Engineering,Bharathidasan University,309,7,124
Dr                                                                                R Rajaram,81111,Department of Marine Science,Bharathidasan University,2327,28,132
Prof                                                                                 K  Natarajaseenivasan,81135,Department of Microbiology,Bharathidasan University,2972,29,129
Dr                                                                                Thiruppathi Senthil Kumar,69049,Department of Botany,Bharathidasan University,420,11,117
Dr                                                                                T. C Sabari Girisun,81163,Department of Physics,Bharathidasan University,1890,27,129
Dr                                                                                Jeyapragash B,62853,Department of Library and Information Science,Bharathidasan University,18,2,68
"Prof                                                                                R Ramesh, FRSC",80973,Department of Chemistry,Bharathidasan University,3860,39,129
Prof                                                                                S Rajasekar,81155,Department of Physics,Bharathidasan University,2315,28,116
"Prof                                                                                S Muthusamy, FASCh, FRSC",43351,Department of Chemistry,Bharathidasan University,2466,26,112
Dr                                                                                Paulsamy Muruganandam,92125,Department of Physics,Bharathidasan University,2186,23,95
Dr                                                                                R Balasubramani,81091,,Bharathidasan University,56,4,75
Dr                                                                                Paulsamy Muruganandam,81159,Department of Medical Physics,Bharathidasan University,2240,24,92
Dr                                                                                K Anbarasu,81103,Department of Marine Biotechnology,Bharathidasan University,899,17,80
Dr                                                                                R Arthur James,81107,Department of Marine Science,Bharathidasan University,1044,19,77
Prof                                                                                Kumpati Premkumar,80947,Department of Biomedical Science,Bharathidasan University,3826,31,83
Prof                                                                                Shanmugam Achiraman,81061,Department of Environmental Biotechnology,Bharathidasan University,2008,22,80
Prof                                                                                Thirumurugan Ramasamy,80913,Department of Animal Science,Bharathidasan University,1524,24,76
Dr                                                                                M Manickavasagam,80961,Department of Biotechnology,Bharathidasan University,2533,28,74
Prof                                                                                A Ilangovan,80975,Department of Chemistry,Bharathidasan University,1621,23,73
Prof                                                                                S Srinivasaragavan,81087,Department of Library and Information Science,Bharathidasan University,9,2,54
Dr                                                                                M Surulinathi,81089,Department of Library and Information Science,Bharathidasan University,116,6,60
Dr                                                                                P Chellapandi,80937,Department of Bioinformatics,Bharathidasan University,569,12,55
Dr                                                                                T Sivasudha,81059,Department of Environmental Biotechnology,Bharathidasan University,1295,22,52
Dr                                                                                N Manoharan,81113,Department of Marine Science,Bharathidasan University,787,16,57
Prof                                                                                Koilmani Emmanuvel Rajan,66217,Department of Animal Science,Bharathidasan University,92,5,54
Dr                                                                                G. J. Leema Rose,444612,Performing Arts,Bharathidasan University,N/A,N/A,25
Dr                                                                                M Sathiyabama,80969,Department of Botany,Bharathidasan University,1770,23,50
Dr                                                                                V Thiagarajan,80979,Department of Chemistry,Bharathidasan University,1228,20,46
Dr                                                                                M Vasanthy,81063,Department of Environmental Biotechnology,Bharathidasan University,284,8,37
Dr                                                                                K Srinivasan,80977,Department of Chemistry,Bharathidasan University,1305,16,51
Dr                                                                                Mahesh  Kandasamy,80917,Department of Animal Science,Bharathidasan University,1330,21,32
Prof                                                                                R Babu Rajendran,81053,Department of Environmental Biotechnology,Bharathidasan University,2729,27,49
Prof                                                                                Palanivel K,81169,Centre for Remote Sensing,Bharathidasan University,4,1,24
Dr                                                                                K Thamaraiselvi,81057,Department of Environmental Biotechnology,Bharathidasan University,2438,17,40
Dr                                                                                A Antony Joseph Velanganni,80933,Department of Biochemistry,Bharathidasan University,N/A,N/A,45
Dr                                                                                M Govindaraju,81055,Department of Environmental Biotechnology,Bharathidasan University,1244,19,43
Dr                                                                                G  Muralitharan,81139,Department of Microbiology,Bharathidasan University,521,12,38
Dr                                                                                R Mohanraj,81069,Department of Environmental Management,Bharathidasan University,959,18,33
Dr                                                                                S Selvaraj,80941,Department of Bioinformatics,Bharathidasan University,2095,21,34
"Dr                                                                                R. VIJAYAKUMAR Associate Professor of Microbiology, CDOE, Bharathidasan University",488962,Department of Microbiology,Bharathidasan University,93,4,27
Prof                                                                                A Tamilselvan,81119,Department of Mathematics,Bharathidasan University,188,7,35
Dr                                                                                C Durairajan,81123,Department of Mathematics,Bharathidasan University,53,4,34
Dr                                                                                C Lakshumanan,81171,Centre for Remote Sensing,Bharathidasan University,350,11,32
Dr                                                                                E George Dharma Prakash Raj,80997,,Bharathidasan University,45,4,11
Prof                                                                                Shanmugam Narkunaraja,80943,Department of Biomedical Science,Bharathidasan University,N/A,N/A,27
Prof                                                                                S Sekar,81085,Department of Industrial Biotechnology,Bharathidasan University,894,11,24
Dr                                                                                L.C Nehru,81133,Department of Medical Physics,Bharathidasan University,608,15,24
Dr                                                                                J Saranvanavel,81173,Department of Remote Sensing,Bharathidasan University,175,8,23
Prof                                                                                 M Balamurugan,80991,Department of Computer Science and Engineering,Bharathidasan University,1085,18,18
Smt                                                                                Dr. M. Premavathy Palanivel,332750,"English, CDOE",Bharathidasan University,N/A,N/A,25
Dr                                                                                SUMATHI THIYAGARAJAN,491555,Department of Tamil Studies,Bharathidasan University,N/A,N/A,13
Dr                                                                                M Prashanthi Devi,81073,Department of Environmental Management,Bharathidasan University,245,8,14
Dr                                                                                V Rajesh Kannan,81137,Department of Microbiology,Bharathidasan University,633,12,18
Dr                                                                                M Babu,80923,,Bharathidasan University,38,4,17
Dr                                                                                 J Gayathri,80989,Department of Commerce and Financial Studies,Bharathidasan University,48,4,18
Dr                                                                                A Muthamilselvan,81175,Centre for Remote Sensing,Bharathidasan University,31,2,20
Dr                                                                                Loganathan Nagarajan,80981,Department of Chemistry,Bharathidasan University,312,9,20
Dr                                                                                JEGANKUMAR RAJAGOPAL,65883,Department of Geography,Bharathidasan University,209,8,10
Dr                                                                                T Priya,81051,Department of English and other Foreign Languages,Bharathidasan University,334,11,19
Dr                                                                                Sumathy P,489452,Department of Computer Science and Engineering,Bharathidasan University,19,2,10
Dr                                                                                M Babu BDU,498618,Department of Bharathidasan School of Management,Bharathidasan University,35,4,14
Dr                                                                                K. S Jayachandran,80939,Department of Bioinformatics,Bharathidasan University,215,7,15
Dr                                                                                 J. O Jeryda Gnanajane Eljo,81183,,Bharathidasan University,N/A,N/A,15
Dr                                                                                D Nirmala,81185,Department of Social Work,Bharathidasan University,109,5,7
"Dr. R. MALATHI CDOE, BDU",491465,Department of Biotechnology,Bharathidasan University,N/A,N/A,17
Dr                                                                                C Nithya,81145,Department of Microbiology,Bharathidasan University,773,13,15
Prof                                                                                A Lakshmi Prabha,80967,Department of Botany,Bharathidasan University,188,5,13
Dr                                                                                Y Srinivasa Rao,81083,Department of  History,Bharathidasan University,N/A,N/A,8
Dr                                                                                V Piramanantham,81125,,Bharathidasan University,39,4,10
Dr                                                                                Srinivasa Rao  Yenda,488699,Department of History,Bharathidasan University,N/A,N/A,8
Dr                                                                                S Amutha,81025,Department of Educational Technology,Bharathidasan University,224,8,10
Dr                                                                                S Rajakumar,81105,Department of Marine Biotechnology,Bharathidasan University,139,7,8
Dr                                                                                S. D Saraswathy,80951,Department of Biomedical Science,Bharathidasan University,149,3,9
Dr                                                                                K Sathiyamurthy,80955,Department of Biomedical Science,Bharathidasan University,45,3,9
Dr                                                                                M Muthuselvam,80959,Department of Biotechnology,Bharathidasan University,299,5,9
Dr                                                                                S Shanmugaapriya,80953,Department of Biomedical Science,Bharathidasan University,60,5,7
Dr                                                                                R Sakthivel,81079,Department of Geology,Bharathidasan University,861,7,6
"Mrs                                                                                A S SHAHANAZ  PARVEEN M.A,M.Phil, NET",277255,"English, CDOE",Bharathidasan University,N/A,N/A,2
Dr                                                                                KATHIRAVAN R,322833,Department of Remote Sensing,Bharathidasan University,12,1,6
Prof                                                                                M Ravichandran,80921,Department of Environmental Management,Bharathidasan University,10,2,5
Prof                                                                                E Ramganesh,81017,Department of Educational Technology,Bharathidasan University,7,1,5
"Dr                                                                                M. ELAMPIRAI Assistant Professor,CDOE, BDU",488500,Department of Bharathidasan School of Management,Bharathidasan University,N/A,N/A,5
Dr                                                                                P.S Srinivasan,81121,Department of Mathematics,Bharathidasan University,67,2,4
Dr                                                                                S Ganesan,81011,Department of Economics,Bharathidasan University,102,3,3
Prof                                                                                V Sethuramalingam,81177,Department of Social Work,Bharathidasan University,10,2,4
Dr                                                                                RAMANI KALIDASAN,64743,Department of Physical Education,Bharathidasan University,4,2,3
Dr                                                                                M  Lalli,80995,Department of Computer Science and Engineering,Bharathidasan University,10,2,1
Dr                                                                                Sudha Malairajan,319741,Department of English,Bharathidasan University,N/A,N/A,3
Dr                                                                                N Prasanna,81013,Department of Economics,Bharathidasan University,4,2,1
Dr                                                                                S. K Panneer Selvam,81041,Department of Education,Bharathidasan University,1,1,2
Dr                                                                                N Amsaveni,81093,Department of Library and Information Science,Bharathidasan University,30,2,2
Prof                                                                                 A Palanisamy,81149,Department of Physical Education,Bharathidasan University,23,2,2
