Name,Vidwan ID,Department,College,Total Citations,H Index,Journal Articles
Dr                                                                                Asadi Siva Sankar,77371,Department of Civil Engineering,"Vignans Foundation for Science, Technology and Research",897,13,197
Prof                                                                                T.C. Venkateswarulu,84135,Department of Biotechnology,"Vignans Foundation for Science, Technology and Research",1017,13,65
Dr                                                                                Raju M V,82043,Department of Civil Engineering,"Vignans Foundation for Science, Technology and Research",204,8,92
Dr                                                                                Ranga Rao Ambati,83913,Department of Biotechnology,"Vignans Foundation for Science, Technology and Research",1299,15,26
Ms                                                                                R S M Lakshmi Patibandla,224784,Department of Information Technology,"Vignans Foundation for Science, Technology and Research",90,4,33
Dr                                                                                Raghavendra Kumar Gunda,225822,Department of Pharmaceutical Sciences,"Vignans Foundation for Science, Technology and Research",70,4,66
Dr                                                                                Indira Mikkili,82765,Department of Biotechnology,"Vignans Foundation for Science, Technology and Research",442,11,55
Mr                                                                                Subbarao Mopidevi,82955,Department of Electrical Engineering,"Vignans Foundation for Science, Technology and Research",74,4,33
Mr                                                                                Polamraju VS Sobhan,82925,Department of Electrical Engineering,"Vignans Foundation for Science, Technology and Research",77,4,33
Dr                                                                                K Venkata Krishna Kishore,82145,Department of Information Technology,"Vignans Foundation for Science, Technology and Research",318,9,27
Dr                                                                                Subbarayudu Thunga,89901,Department of Management Studies,"Vignans Foundation for Science, Technology and Research",N/A,N/A,38
Prof                                                                                Prabhakara Rao Koya,84341,Department of Sciences and Humanities,"Vignans Foundation for Science, Technology and Research",888,16,45
Dr                                                                                N S Sampath Kumar,80719,Department of Biotechnology,"Vignans Foundation for Science, Technology and Research",863,17,36
Dr                                                                                Devaraju Subramani,83857,Department of Sciences and Humanities,"Vignans Foundation for Science, Technology and Research",880,18,45
Dr                                                                                Ranganadha Reddy,450036,Department of Biotechnology,"Vignans Foundation for Science, Technology and Research",N/A,N/A,N/A
Mrs                                                                                Kurra Santhisri,227206,Department of Information Technology,"Vignans Foundation for Science, Technology and Research",36,2,22
Prof                                                                                Madhusudhanrao Vallabhaneni,221520,Department of Chemical Engineering,"Vignans Foundation for Science, Technology and Research",58,4,36
Dr                                                                                Anandarup Goswami,495608,Chemistry,"Vignans Foundation for Science, Technology and Research",732,4,37
Dr                                                                                Anjani Devi Chintagunta,143224,Department of Biotechnology,"Vignans Foundation for Science, Technology and Research",415,12,25
Mr                                                                                Rakada Vijay Babu Attuluri,82657,Department of Electrical Engineering,"Vignans Foundation for Science, Technology and Research",116,6,33
Dr                                                                                KALAIARASI GANESAN,167191,Advanced Computer Science and Engineering,"Vignans Foundation for Science, Technology and Research",3,1,25
Dr                                                                                Sudheer Kumar Katari,323021,Department of Biotechnology,"Vignans Foundation for Science, Technology and Research",N/A,N/A,35
Dr                                                                                CH N S Sai Pavan Kumar,451334,Department of Sciences and Humanities,"Vignans Foundation for Science, Technology and Research",N/A,N/A,2
Dr                                                                                Bharat Kumar Tripuramallu,83271,Department of Sciences and Humanities,"Vignans Foundation for Science, Technology and Research",631,16,34
Mr                                                                                Ramu Samineni,143524,Department of Pharmaceutical Sciences,"Vignans Foundation for Science, Technology and Research",2,1,32
Dr                                                                                K Srikanth,83943,Department of Biotechnology,"Vignans Foundation for Science, Technology and Research",562,14,28
Dr                                                                                Sathish Kumar Konidala,144182,Department of Pharmaceutical Sciences,"Vignans Foundation for Science, Technology and Research",14,1,29
Dr                                                                                Jithendra Chimakurthy,82423,Department of Pharmaceutical Sciences,"Vignans Foundation for Science, Technology and Research",136,5,17
Dr                                                                                Kamepalli Sujatha,453765,Department of Information Technology,"Vignans Foundation for Science, Technology and Research",57,4,16
Dr                                                                                Sudip Mandal,123348,Department of Sciences and Humanities,"Vignans Foundation for Science, Technology and Research",400,11,28
Dr                                                                                Ravi Kumar Kottalanka,83269,Department of Sciences and Humanities,"Vignans Foundation for Science, Technology and Research",392,12,27
Dr                                                                                Pagala Bangaraiah,82965,Department of Chemical Engineering,"Vignans Foundation for Science, Technology and Research",77,5,26
Dr                                                                                Satish Kumar Satti,400287,Department of Computer Science and Engineering,"Vignans Foundation for Science, Technology and Research",46,3,17
Ms                                                                                Rachananjali Kunamneni,82659,Department of Electrical Engineering,"Vignans Foundation for Science, Technology and Research",20,3,14
Dr                                                                                Vijayaraghavan V,82759,Department of Electronics and Communication Engineering,"Vignans Foundation for Science, Technology and Research",14,3,18
Mr                                                                                Nageswara Rao Gude,83251,Department of Sciences and Humanities,"Vignans Foundation for Science, Technology and Research",N/A,N/A,16
Dr                                                                                Sowri Babu Kotikala,84063,Department of Sciences and Humanities,"Vignans Foundation for Science, Technology and Research",512,12,15
Dr                                                                                Laavanya M,82761,Department of Electronics and Communication Engineering,"Vignans Foundation for Science, Technology and Research",40,3,16
Dr                                                                                Mannam Ramanjaneyulu,83753,Department of Sciences and Humanities,"Vignans Foundation for Science, Technology and Research",233,9,17
Mr                                                                                Tirupataiah Chereddy,84115,Department of Sciences and Humanities,"Vignans Foundation for Science, Technology and Research",74,6,13
John Babu,451165,Biotechnology,"Vignans Foundation for Science, Technology and Research",N/A,N/A,N/A
Dr                                                                                Nerella Ruben,83905,Department of Civil Engineering,"Vignans Foundation for Science, Technology and Research",203,8,6
Dr                                                                                Sudam Sekhar P,83319,Department of Sciences and Humanities,"Vignans Foundation for Science, Technology and Research",28,3,7
Dr                                                                                Kubera Sampath Kumar S,182710,Department of Chemical Engineering,"Vignans Foundation for Science, Technology and Research",53,5,12
Dr                                                                                Siva Koti Reddy Manukonda,453791,Department of Management Studies,"Vignans Foundation for Science, Technology and Research",N/A,N/A,13
BaraniTharan VSBEC,527622,Department of Computer Science and Engineering,"Vignans Foundation for Science, Technology and Research",N/A,N/A,6
Dr                                                                                Balamurugan Karnan,82413,Department of Mechanical Engineering,"Vignans Foundation for Science, Technology and Research",45,4,6
Dr                                                                                Parthiban S,83255,Department of Sciences and Humanities,"Vignans Foundation for Science, Technology and Research",N/A,N/A,12
Dr                                                                                Vinay Kumar Domakonda,83259,Department of Mechanical Engineering,"Vignans Foundation for Science, Technology and Research",154,5,9
Prof                                                                                Madhusudhan Rao Bandlamudi,83491,Management Studies,"Vignans Foundation for Science, Technology and Research",N/A,N/A,12
Dr                                                                                 Nune,83553,Department of Sciences and Humanities,"Vignans Foundation for Science, Technology and Research",205,7,12
Mr                                                                                Siva Jagadish Kumar Munagala,82689,Department of Chemical Engineering,"Vignans Foundation for Science, Technology and Research",35,4,11
Dr                                                                                Pusapati Siva Prasad,84197,Department of Sciences and Humanities,"Vignans Foundation for Science, Technology and Research",6,2,11
Dr                                                                                Chaitanya Priya,454469,Department of Sciences and Humanities,"Vignans Foundation for Science, Technology and Research",N/A,N/A,11
Mr                                                                                Bharath Kumar Narukullapati,143278,Department of Electrical Engineering,"Vignans Foundation for Science, Technology and Research",17,3,10
Dr                                                                                Ch  Amarendra,229189,Department of Computer Science and Engineering,"Vignans Foundation for Science, Technology and Research",43,4,6
Prof                                                                                Satyanarayana Dusanapudi,452498,Mechanical Engineering,"Vignans Foundation for Science, Technology and Research",8,1,9
Dr                                                                                Lam Ratna Raju,453739,Department of Mechanical Engineering,"Vignans Foundation for Science, Technology and Research",13,1,7
Mr                                                                                Siva Koteswararao Chinnam,82769,Department of Information Technology,"Vignans Foundation for Science, Technology and Research",19,2,8
Mr                                                                                Jagan Rao,83207,Department of Mechanical Engineering,"Vignans Foundation for Science, Technology and Research",6,2,4
Mr                                                                                John Raja Ravi Kiran Kopelli,96594,"Academics, Assessment and Awards","Vignans Foundation for Science, Technology and Research",N/A,N/A,2
Ms                                                                                Ravali Bade,123988,Department of Civil Engineering,"Vignans Foundation for Science, Technology and Research",1,1,6
Mr                                                                                Siva Rama Satyanarayana Gadamsetty,163090,Department of Electronics and Communication Engineering,"Vignans Foundation for Science, Technology and Research",31,3,2
Dr                                                                                Sugandhi K,507247,Department of Computer Science and Engineering,"Vignans Foundation for Science, Technology and Research",4,1,6
Mrs                                                                                Jhansi Lakshmi P,83053,Department of Computer Science and Engineering,"Vignans Foundation for Science, Technology and Research",N/A,N/A,N/A
Dr                                                                                Jakeer Hussain Shaik,83343,Department of Electronics and Communication Engineering,"Vignans Foundation for Science, Technology and Research",N/A,N/A,1
Ms                                                                                Sai Manogna Kolukula,206986,Applied Engineering,"Vignans Foundation for Science, Technology and Research",N/A,N/A,4
Mr                                                                                Ravipati Venkata Ramana,84571,Department of Civil Engineering,"Vignans Foundation for Science, Technology and Research",N/A,N/A,3
Mr                                                                                Anirudh M,84579,Department of Civil Engineering,"Vignans Foundation for Science, Technology and Research",N/A,N/A,3
Mr                                                                                Kottnana Janaki Ram,89051,Department of Electronics and Communication Engineering,"Vignans Foundation for Science, Technology and Research",12,N/A,N/A
Mr                                                                                Anandha Kumar D,82907,Department of Information Technology,"Vignans Foundation for Science, Technology and Research",N/A,N/A,2
Mr                                                                                Janardhan Reddy,82231,Department of Information Technology,"Vignans Foundation for Science, Technology and Research",N/A,N/A,1
Ms                                                                                Anitha Reddy Bogasamudram,82983,Applied Engineering,"Vignans Foundation for Science, Technology and Research",N/A,N/A,N/A
Ms                                                                                PRIYANKA MUKKALA,85247,CIVIL ENGINEERING,"Vignans Foundation for Science, Technology and Research",2,1,N/A
Mr                                                                                Bibek Bahadur Shrestha,184190,Applied Engineering,"Vignans Foundation for Science, Technology and Research",N/A,N/A,1
Mr                                                                                B Venkatesh,82655,Department of Chemical Engineering,"Vignans Foundation for Science, Technology and Research",N/A,N/A,N/A
Mr                                                                                Bala Krishna Kethineni,82675,Department of Electrical Engineering,"Vignans Foundation for Science, Technology and Research",N/A,N/A,N/A
Dr                                                                                Usha Rani Nelakuditi,82737,Department of Electronics and Communication Engineering,"Vignans Foundation for Science, Technology and Research",N/A,N/A,N/A
Mr                                                                                Kazipeta Praveenkumar,82943,Department of Information Technology,"Vignans Foundation for Science, Technology and Research",N/A,N/A,N/A
Dr                                                                                Ramesh Naidu Mandapati,83011,Department of Chemical Engineering,"Vignans Foundation for Science, Technology and Research",N/A,N/A,N/A
Dr                                                                                Shaik Sadulla,83075,Department of Electronics and Communication Engineering,"Vignans Foundation for Science, Technology and Research",N/A,N/A,N/A
Mr                                                                                V Ramakrishna Sajja,83133,Department of Computer Science and Engineering,"Vignans Foundation for Science, Technology and Research",N/A,N/A,N/A
Mr                                                                                Peteti Syam Sundar Manikanta Babu,83179,Applied Engineering,"Vignans Foundation for Science, Technology and Research",N/A,N/A,N/A
Dr                                                                                Gamini Suresh,83253,Department of Mechanical Engineering,"Vignans Foundation for Science, Technology and Research",N/A,N/A,N/A
Mr                                                                                V Omprakash Yakkala,83265,Department of Sciences and Humanities,"Vignans Foundation for Science, Technology and Research",N/A,N/A,N/A
Dr                                                                                Palakolanua Ramana Reddy,83341,Department of Sciences and Humanities,"Vignans Foundation for Science, Technology and Research",N/A,N/A,N/A
Prof                                                                                Madhuri K,83379,Department of Sciences and Humanities,"Vignans Foundation for Science, Technology and Research",N/A,N/A,N/A
Dr. Parthasarathy R,83747,Science and Humanities,"Vignans Foundation for Science, Technology and Research",N/A,N/A,N/A
Dr                                                                                Jaladi Nitchal Kiran,83959,PHYSICS,"Vignans Foundation for Science, Technology and Research",N/A,N/A,N/A
Prof                                                                                Modem Sreenivasulu,84051,Department of Sciences and Humanities,"Vignans Foundation for Science, Technology and Research",N/A,N/A,N/A
Mr                                                                                Karri Mariadas,84069,Department of Sciences and Humanities,"Vignans Foundation for Science, Technology and Research",N/A,N/A,N/A
Mr                                                                                Ravindra Babu Kvb,84117,Department of Sciences and Humanities,"Vignans Foundation for Science, Technology and Research",N/A,N/A,N/A
Venkata Manoj Kumar Uppuluri,84137,Science and Humanities,"Vignans Foundation for Science, Technology and Research",N/A,N/A,N/A
Dr                                                                                Vijaya Kumar Chavan,84163,Department of Sciences and Humanities,"Vignans Foundation for Science, Technology and Research",N/A,N/A,N/A
Dr                                                                                Sireesha Malladi,84201,Department of Sciences and Humanities,"Vignans Foundation for Science, Technology and Research",N/A,N/A,N/A
Mr                                                                                Ravibabu Velaga,84321,Department of Sciences and Humanities,"Vignans Foundation for Science, Technology and Research",N/A,N/A,N/A
Mr                                                                                Mahalingam C,84553,Department of Civil Engineering,"Vignans Foundation for Science, Technology and Research",N/A,N/A,N/A
Mr                                                                                Shiva Rama Krishna,84557,Department of Civil Engineering,"Vignans Foundation for Science, Technology and Research",N/A,N/A,N/A
Mr                                                                                Polu Sathish,84559,Department of Civil Engineering,"Vignans Foundation for Science, Technology and Research",N/A,N/A,N/A
Mr                                                                                Surendhar S V,84567,Department of Civil Engineering,"Vignans Foundation for Science, Technology and Research",N/A,N/A,N/A
