Name,Vidwan ID,Department,College,Total Citations,H Index,Journal Articles
Prof                                                                                Gireesha. B J,81807,Department of Mathematics,Kuvempu University,8652,55,434
Prof                                                                                B E Kumara Swamy,81881,Department of Industrial Chemistry,Kuvempu University,7249,47,298
Prof                                                                                Y Arthoba Nayaka,81871,Department of Chemistry,Kuvempu University,3157,29,166
Dr                                                                                H.S Bhojya Naik,82153,Department of Industrial Chemistry,Kuvempu University,3157,30,262
Dr                                                                                T.V. Venkatesha,81867,Department of Chemistry,Kuvempu University,5156,39,224
Dr                                                                                J Keshavayya,81869,Department of Chemistry,Kuvempu University,1824,22,135
Dr                                                                                Krishna V,81791,Department of Biotechnology,Kuvempu University,4553,24,220
Prof                                                                                Venkatesha Venkatesha,81809,Department of Mathematics,Kuvempu University,433,12,193
Mr.                                                                                Narasimhamurthy Senajji  Kampalappa,43256,,Kuvempu University,30,3,182
Dr                                                                                Rajeshwara Achur,81885,Department of Biochemistry,Kuvempu University,1619,23,126
Dr                                                                                Nellikatte S Siddesh,81971,Department of Kannada,Kuvempu University,N/A,N/A,35
Dr                                                                                Shivanna M B,81781,Department of Applied Botany,Kuvempu University,1206,18,125
Dr                                                                                B.S Biradar,81839,Department of Library and Information Science,Kuvempu University,93,5,73
Dr                                                                                Rajaram R Hegde,81943,Department of History  and Archaeology,Kuvempu University,N/A,N/A,43
Dr                                                                                Sannappa J,81825,Department of Physics,Kuvempu University,56,2,75
Dr                                                                                Yadav D Bodke,81873,Department of Chemistry,Kuvempu University,976,18,124
Dr                                                                                Hiremani Naik,81919,Department of Business Administration,Kuvempu University,N/A,N/A,94
Dr                                                                                Narayana Jogattappa,81857,Department of Environmental Science,Kuvempu University,98,4,98
Prof                                                                                Vijaya Kumara,81777,Department of Wild Life Management,Kuvempu University,20,N/A,67
Dr                                                                                Jayanna H S,81823,Department of Physics,Kuvempu University,N/A,N/A,77
Dr                                                                                Padmamma S,81841,Department of Library and Information Science,Kuvempu University,2,1,41
Dr                                                                                Riaz Mahmood,81793,Department of Biotechnology,Kuvempu University,4081,19,98
Dr                                                                                S. Venkatesh,81915,Department of Commerce,Kuvempu University,N/A,N/A,52
Dr                                                                                Ravindranath N Kadam,81959,Department of Economics,Kuvempu University,N/A,N/A,72
Dr                                                                                Prabhakar C J,81815,Department of Computer Science,Kuvempu University,85,4,33
Prof                                                                                Chanabasappa S Bagewadi,22433,Department of Mathematics,Kuvempu University,531,12,78
Prof                                                                                Hina Kousar,81861,,Kuvempu University,16,2,80
Dr                                                                                Prashantha Nayaka G,81969,Department of Kannada,Kuvempu University,N/A,N/A,20
Dr                                                                                B S Gunjal,81963,Department of Social Work,Kuvempu University,N/A,N/A,15
Dr                                                                                Jayarama Bhat Beedubail,81955,Department of Economics,Kuvempu University,N/A,N/A,29
Dr                                                                                Yogendra K,81859,Department of Environmental Science,Kuvempu University,43,3,74
Dr                                                                                Krishnappa M,81779,Department of Applied Botany,Kuvempu University,388,10,78
Dr                                                                                S V Krishnamurthy,272694,Department of Environmental Science,Kuvempu University,404,13,63
Dr                                                                                Shivayogeeswar Neelagund,81889,Department of Biochemistry,Kuvempu University,275,10,64
Dr                                                                                Yogish S N,81957,Department of Economics,Kuvempu University,N/A,N/A,44
Dr                                                                                Poornananda D S,81947,Department of Journalism and Mass Communication,Kuvempu University,N/A,N/A,28
Dr                                                                                Raja Naika,81785,Department of Applied Botany,Kuvempu University,40,4,53
Dr                                                                                Ashok R Lamani,81827,Department of Physics,Kuvempu University,232,8,25
Dr                                                                                Venkateshwarlu M,81771,Department of Applied Zoology,Kuvempu University,10,1,61
Dr                                                                                Krishnamurthy Y L,81783,Department of Applied Botany,Kuvempu University,494,10,52
Dr                                                                                Jagannath K Dange,81901,Department of Education,Kuvempu University,N/A,N/A,38
Dr                                                                                Ramesh H.N,81921,Department of Business Administration,Kuvempu University,N/A,N/A,49
Dr                                                                                Dharani Kumar P,81843,Department of Library and Information Science,Kuvempu University,16,3,31
Dr                                                                                B. Thippeswamy,81805,Department of Microbiology,Kuvempu University,346,9,60
Dr                                                                                Vasantakumar Pai K,81877,Department of Industrial Chemistry,Kuvempu University,933,14,53
Dr                                                                                Sathish Kumar,81951,Department of Journalism and Mass Communication,Kuvempu University,N/A,N/A,31
Dr                                                                                Shivanad Kelaginamani,81967,Department of Kannada,Kuvempu University,N/A,N/A,20
Dr                                                                                Ramachandra Y L,81795,Department of Biotechnology,Kuvempu University,4262,20,54
Dr                                                                                Gajanana Prabhu B,81905,Department of Physical Education,Kuvempu University,N/A,N/A,28
Dr                                                                                Uddagatti Venkatesha,81941,Department of Political Science,Kuvempu University,N/A,N/A,15
Dr                                                                                Hosetti B.B,81769,Department of Applied Zoology,Kuvempu University,644,11,46
Dr                                                                                Govindaraju .,81853,Department of Applied Geology,Kuvempu University,1,1,39
Prof                                                                                N D Satyanarayan,147998,Department of Pharmaceutical Chemistry,Kuvempu University,623,10,45
Dr                                                                                Chandrashekarappa K N,81851,Department of Applied Geology,Kuvempu University,63,2,23
Dr                                                                                Venkatesh  P,81813,Department of Mathematics,Kuvempu University,196,8,41
Dr                                                                                Syed Ashfaq Ahmed,81849,Department of Applied Geology,Kuvempu University,443,10,33
Dr                                                                                Basavaraj Jagadale,81835,Department of Electronics,Kuvempu University,65,4,31
Dr                                                                                Sudha .,81831,Department of Physics,Kuvempu University,309,7,38
Dr                                                                                Gurulingiah .M,81927,Department of Sociology,Kuvempu University,N/A,N/A,29
Dr                                                                                Talavara Venkatesh,81875,Department of Chemistry,Kuvempu University,176,9,37
Dr                                                                                Patil Sanganagouda S,81897,Department of Education,Kuvempu University,N/A,N/A,26
Dr                                                                                Santhosh Kumar K T,81845,Department of Library and Information Science,Kuvempu University,N/A,N/A,5
Dr                                                                                Keshava Sharma K,81965,Department of Kannada,Kuvempu University,N/A,N/A,23
Dr                                                                                Shwetha Alavandi,81775,Department of Applied Zoology,Kuvempu University,23,3,29
Dr                                                                                Ravindra Gouda S M,81913,Department of Physical Education,Kuvempu University,N/A,N/A,13
Dr                                                                                Anjanappa. B.H,81931,Department of Sociology,Kuvempu University,N/A,N/A,18
Dr                                                                                A. Shanmukha,81939,Department of Political Science,Kuvempu University,N/A,N/A,21
Dr                                                                                Sarvamangala G,81945,Department of History  and Archaeology,Kuvempu University,N/A,N/A,6
Dr                                                                                Ravindra Gadkar,81961,Department of Social Work,Kuvempu University,N/A,N/A,19
Dr                                                                                Chandrashekhar K,81937,Department of Political Science,Kuvempu University,N/A,N/A,N/A
Dr                                                                                Niranjana Pathappa,81891,Department of Biochemistry,Kuvempu University,268,9,26
Dr                                                                                Binoy T A,81917,Department of Tourism Administration,Kuvempu University,N/A,N/A,16
Dr                                                                                Shrishail,81789,Department of Applied Botany,Kuvempu University,1,1,19
Dr                                                                                Sathisha G J,81887,Department of Biochemistry,Kuvempu University,79,3,24
Ms                                                                                Kavya N S,448006,Department of Mathematics,Kuvempu University,61,4,22
Dr                                                                                N.B. Thippeswamy,81803,Department of Microbiology,Kuvempu University,27,3,19
Dr                                                                                Yogish Naik G R,81819,Department of Computer Science,Kuvempu University,N/A,N/A,19
Dr                                                                                Basavarajappa S.H,81863,Department of Environmental Science,Kuvempu University,N/A,N/A,15
Dr                                                                                Varghese P A,81949,Department of Journalism and Mass Communication,Kuvempu University,N/A,N/A,18
Dr                                                                                Madhuri G R,81837,Department of Electronics,Kuvempu University,N/A,N/A,14
Dr                                                                                Kumaraswamy H M,81801,Department of Biotechnology,Kuvempu University,287,3,13
Dr                                                                                S.Abdul Javeed,81935,Department of Political Science,Kuvempu University,N/A,N/A,10
Dr                                                                                Rachel Bari,81973,Department of English,Kuvempu University,N/A,N/A,11
Dr                                                                                M. Ravikumar,81817,Department of Computer Science,Kuvempu University,6,2,8
Dr                                                                                Chandrakantha G,81847,Department of Applied Geology,Kuvempu University,73,2,14
Itte Pushpavathi,81883,Department of Industrial Chemistry,Kuvempu University,129,5,14
Dr                                                                                Nagaraja,81773,Department of Applied Zoology,Kuvempu University,20,1,11
Dr                                                                                Shruthikeerthi M.A,81987,Department of Sanskrit,Kuvempu University,N/A,N/A,3
Dr                                                                                Hulikal Shivashankara  Santosh Kumar,81799,,Kuvempu University,N/A,N/A,13
Dr                                                                                Prakash S M,81903,Department of Physical Education,Kuvempu University,N/A,N/A,2
Dr                                                                                Shreedhar S,81989,,Kuvempu University,1,1,4
Dr                                                                                Namratha.M Mogaral,81975,Department of English,Kuvempu University,N/A,N/A,6
Dr                                                                                Somashekar G Malammanavar,81787,Department of Applied Botany,Kuvempu University,13,1,9
Dr                                                                                Devidas G B,81829,Department of Physics,Kuvempu University,N/A,N/A,9
Dr                                                                                Nagya Naik.B.H,81979,Department of English,Kuvempu University,N/A,N/A,6
Dr                                                                                R.H Walmiki,81865,University Library,Kuvempu University,2,1,7
Dr                                                                                Rama Prasad B.V,81977,Department of English,Kuvempu University,N/A,N/A,2
Dr                                                                                Dattatreya M,81981,Department of English,Kuvempu University,N/A,N/A,2
Dr                                                                                Uma Hegde,81983,Department of Hindi,Kuvempu University,N/A,N/A,N/A
Prof                                                                                Geetha C,81899,Department of Education,Kuvempu University,N/A,N/A,1
