Name,Vidwan ID,Department,College,Total Citations,H Index,Journal Articles
"Dr                                                                                Prof. Narendranath S., Department of Mechanical Engineering, NITK",221573,Mechanical Engineering,National Institute of Technology Karnataka,2002,25,151
Dr                                                                                K Chandrasekaran,54544,Computer Science and Engineering,National Institute of Technology Karnataka,733,12,38
Dr                                                                                Karthikeyan A.,62833,Electrical and Electronics Engineering,National Institute of Technology Karnataka,2170,26,147
Dr                                                                                Shashidhar G Koolagudi,54554,Computer Science and Engineering,National Institute of Technology Karnataka,2052,21,38
Dr                                                                                S M Kulkarni,54654,Mechanical Engineering,National Institute of Technology Karnataka,2063,24,125
Dr                                                                                Anand Kumar M.,165352,Information Technology,National Institute of Technology Karnataka,1446,19,30
Prof                                                                                Ram Mohana Reddy Guddeti,141047,Information Technology,National Institute of Technology Karnataka,1683,22,59
Prof                                                                                Annappa Basava,51907,Computer Science and Engineering,National Institute of Technology Karnataka,416,11,51
Prof                                                                                Gangadharan K. V.,54647,Mechanical Engineering,National Institute of Technology Karnataka,816,17,94
Dr                                                                                Hemantha Kumar,54649,Mechanical Engineering,National Institute of Technology Karnataka,1057,19,98
Dr                                                                                K Narayan  Prabhu,54577,Metallurgical and Materials Engineering,National Institute of Technology Karnataka,604,12,103
Prof                                                                                Vijay H. Desai,54688,Mechanical Engineering,National Institute of Technology Karnataka,1712,26,81
Dr                                                                                Debashisha Jena,54593,Electrical and Electronics Engineering,National Institute of Technology Karnataka,1380,17,53
Dr                                                                                B. R. Chandavarkar,82525,Computer Science and Engineering,National Institute of Technology Karnataka,221,7,8
Dr                                                                                Jeyaraj P,54652,Mechanical Engineering,National Institute of Technology Karnataka,2353,28,91
Prof                                                                                S. Anandhan FRSC,54576,Metallurgical and Materials Engineering,National Institute of Technology Karnataka,1519,22,92
Dr                                                                                Ramesh M R,54670,Mechanical Engineering,National Institute of Technology Karnataka,1653,25,82
Prof                                                                                Adka Nityananda Shetty,54542,Chemistry,National Institute of Technology Karnataka,1645,22,103
Dr                                                                                Dattatraya N Gaonkar,54591,Electrical and Electronics Engineering,National Institute of Technology Karnataka,818,16,47
Dr                                                                                Sharnappa Joladarashi,54675,Mechanical Engineering,National Institute of Technology Karnataka,1050,19,60
Prof                                                                                Katta Venkataramana,54605,Civil Engineering,National Institute of Technology Karnataka,1718,11,52
Dr.                                                                                Swapan Bhattacharya,36947,Computer Science and Engineering,National Institute of Technology Karnataka,317,9,20
Dr                                                                                H. S. Nagaraja,54630,Physics,National Institute of Technology Karnataka,2023,25,76
Dr                                                                                Alwyn Roshan Pais,62829,Computer Science and Engineering,National Institute of Technology Karnataka,746,16,39
Dr                                                                                Debabrata Karmakar,54530,Water Resources and Ocean Engineering,National Institute of Technology Karnataka,952,18,50
Dr                                                                                Bibhuti Bhusan Das,54598,Civil Engineering,National Institute of Technology Karnataka,840,15,39
Dr                                                                                Jeny   Rajan,82531,Computer Science and Engineering,National Institute of Technology Karnataka,1513,22,51
Dr                                                                                M S Bhat,54700,Electronics and Communication Engineering,National Institute of Technology Karnataka,244,8,27
Dr                                                                                Gnanasekaran N.,82827,Mechanical Engineering,National Institute of Technology Karnataka,404,11,50
Dr                                                                                Poornesh Kumar K.,176278,Mechanical Engineering,National Institute of Technology Karnataka,1415,21,75
Dr                                                                                Darshak R Trivedi,54550,Chemistry,National Institute of Technology Karnataka,1905,24,74
Dr                                                                                P. Santhi Thilagam,66683,Computer Science and Engineering,National Institute of Technology Karnataka,742,16,29
Dr                                                                                Mohit P Tahiliani,54547,Computer Science and Engineering,National Institute of Technology Karnataka,286,9,8
Prof                                                                                Subba Rao,54612,Water Resources and Ocean Engineering,National Institute of Technology Karnataka,403,10,55
Prof                                                                                Muralidhar Kulkarni,54702,Electronics and Communication Engineering,National Institute of Technology Karnataka,242,8,68
Prof                                                                                Amba Shetty,54526,Water Resources and Ocean Engineering,National Institute of Technology Karnataka,425,11,52
Prof                                                                                Panduranga Vittal K,54611,Electrical and Electronics Engineering,National Institute of Technology Karnataka,338,11,37
Dr                                                                                Udaya Bhat K,54584,Metallurgical and Materials Engineering,National Institute of Technology Karnataka,1152,17,46
Dr                                                                                Arun M,54637,Mechanical Engineering,National Institute of Technology Karnataka,612,15,44
Dr                                                                                Nagamma Patil,54572,Information Technology,National Institute of Technology Karnataka,470,12,25
Dr                                                                                Subhash Chandra Kattimani,54683,Mechanical Engineering,National Institute of Technology Karnataka,1420,23,62
Dr                                                                                D Arumuga Perumal,62814,Mechanical Engineering,National Institute of Technology Karnataka,723,15,45
Dr                                                                                Shashi Bhushan Arya,54580,Metallurgical and Materials Engineering,National Institute of Technology Karnataka,509,14,46
Dr                                                                                Kalpana R,82573,Electrical and Electronics Engineering,National Institute of Technology Karnataka,477,12,23
Prof                                                                                B R Jayalekshmi,54567,Civil Engineering,National Institute of Technology Karnataka,102,5,33
Prof                                                                                Harsha Vardhan,54655,Mining Engineering,National Institute of Technology Karnataka,739,17,54
Dr                                                                                C. D.  Jaidhar,82575,Information Technology,National Institute of Technology Karnataka,728,15,24
Dr                                                                                Krishnamoorthy   K.,82557,Electronics and Communication Engineering,National Institute of Technology Karnataka,610,13,33
Dr                                                                                Ravikiran Kadoli,54672,Mechanical Engineering,National Institute of Technology Karnataka,932,14,47
Dr                                                                                Kumar  G. N.,82479,Mechanical Engineering,National Institute of Technology Karnataka,682,16,45
Dr                                                                                Biswajit R Bhowmik,165394,Computer Science and Engineering,National Institute of Technology Karnataka,323,10,8
Prof                                                                                Lakshman Nandagiri,54589,Water Resources and Ocean Engineering,National Institute of Technology Karnataka,377,10,52
Dr                                                                                Prabu K.,176816,Electronics and Communication Engineering,National Institute of Technology Karnataka,865,18,50
Prof                                                                                Shripati Acharya U.,54699,Electronics and Communication Engineering,National Institute of Technology Karnataka,167,6,13
Dr                                                                                A. V.  Narasimhadhan,82551,Electronics and Communication Engineering,National Institute of Technology Karnataka,264,9,14
Dr                                                                                S M Murigendrappa,54661,Mechanical Engineering,National Institute of Technology Karnataka,417,12,37
Dr                                                                                Udaya Kumar Dalimba,54559,Chemistry,National Institute of Technology Karnataka,1119,20,51
Dr                                                                                Ajay Kumar Yadav,54633,Mechanical Engineering,National Institute of Technology Karnataka,556,15,44
Prof                                                                                Mohan Kumar G. C.,54656,Mechanical Engineering,National Institute of Technology Karnataka,743,13,28
Dr                                                                                Sathyabhama A,54673,Mechanical Engineering,National Institute of Technology Karnataka,364,12,45
Prof                                                                                S.  Shrihari,54714,Civil Engineering,National Institute of Technology Karnataka,651,11,47
Dr                                                                                Biju R Mohan,54565,Information Technology,National Institute of Technology Karnataka,182,8,10
Prof                                                                                Vidya Shetty K.,54541,Chemical Engineering,National Institute of Technology Karnataka,1273,21,51
Prof                                                                                Shubhanga K. N.,54615,Electrical and Electronics Engineering,National Institute of Technology Karnataka,244,7,9
Dr                                                                                Y Suresh,54622,Electrical and Electronics Engineering,National Institute of Technology Karnataka,839,15,30
Dr                                                                                Tukaram Moger,62847,Electrical and Electronics Engineering,National Institute of Technology Karnataka,569,10,18
Dr                                                                                M.  Venkatesan,82519,Computer Science and Engineering,National Institute of Technology Karnataka,282,8,25
Dr                                                                                Basavaraj Talawar,62839,Computer Science and Engineering,National Institute of Technology Karnataka,129,6,16
Dr                                                                                Saumen Mandal,62845,Metallurgical and Materials Engineering,National Institute of Technology Karnataka,424,11,37
Dr                                                                                Bhawana Rudra,165378,Information Technology,National Institute of Technology Karnataka,74,4,14
Dr                                                                                Suresh M Hegde,236334,Mathematical and Computational Sciences,National Institute of Technology Karnataka,245,7,44
Dr                                                                                Ashvini Chaturvedi,54588,Electronics and Communication Engineering,National Institute of Technology Karnataka,429,10,24
Dr                                                                                Geetha V,54570,Information Technology,National Institute of Technology Karnataka,119,6,12
Dr                                                                                Srikanth Bontha,54681,Mechanical Engineering,National Institute of Technology Karnataka,1073,16,36
Dr                                                                                Balan A.S.S.,176269,Mechanical Engineering,National Institute of Technology Karnataka,605,14,29
Prof                                                                                G. S. Dwarakish,54533,Water Resources and Ocean Engineering,National Institute of Technology Karnataka,316,9,27
Dr                                                                                Mangalpady Aruna,54662,Mining Engineering,National Institute of Technology Karnataka,136,7,32
Prof                                                                                Mattur C Narasimhan,54692,Civil Engineering,National Institute of Technology Karnataka,761,15,31
Prof                                                                                T. Laxminidhi,54701,Electronics and Communication Engineering,National Institute of Technology Karnataka,254,9,13
Dr                                                                                Shivananda Nayaka H,54677,Mechanical Engineering,National Institute of Technology Karnataka,456,13,28
Dr                                                                                Pruthviraj   U.,82503,Water Resources and Ocean Engineering,National Institute of Technology Karnataka,94,6,20
Prof                                                                                Gururaj S. Punekar,54595,Electrical and Electronics Engineering,National Institute of Technology Karnataka,168,7,12
Dr                                                                                Anish S,54635,Mechanical Engineering,National Institute of Technology Karnataka,336,12,26
Dr                                                                                Mandeep  Singh,104959,Electronics and Communication Engineering,National Institute of Technology Karnataka,256,11,34
Dr                                                                                Sourav Kanti Addya,152923,Computer Science and Engineering,National Institute of Technology Karnataka,231,8,11
Dr                                                                                Arun Kumar Thalla,54564,Civil Engineering,National Institute of Technology Karnataka,908,12,32
Dr                                                                                Jagannath Nayak,54574,Metallurgical and Materials Engineering,National Institute of Technology Karnataka,560,11,25
Dr                                                                                Rekha S.,54709,Electronics and Communication Engineering,National Institute of Technology Karnataka,120,6,16
Dr                                                                                Vinatha  U,54621,Electrical and Electronics Engineering,National Institute of Technology Karnataka,218,8,12
Prof                                                                                Krishna Prasad,54666,Mechanical Engineering,National Institute of Technology Karnataka,501,14,24
Prof                                                                                Kiran G. Shirlal,54587,Water Resources and Ocean Engineering,National Institute of Technology Karnataka,153,7,31
Dr                                                                                Mohammad Rizwanur Rahman,62840,Metallurgical and Materials Engineering,National Institute of Technology Karnataka,271,8,27
Prof                                                                                K S Babu Narayan,54602,Civil Engineering,National Institute of Technology Karnataka,77,6,28
Dr                                                                                Veershetty Gumtapure,54687,Mechanical Engineering,National Institute of Technology Karnataka,407,11,26
Dr                                                                                Sahu Ranjeet Kumar,176273,Mechanical Engineering,National Institute of Technology Karnataka,271,9,24
Dr                                                                                Keyur Raval,54535,Chemical Engineering,National Institute of Technology Karnataka,328,9,26
Dr                                                                                A S Balu,54561,Civil Engineering,National Institute of Technology Karnataka,202,7,22
Dr                                                                                Basavaraju Manu,54585,Civil Engineering,National Institute of Technology Karnataka,866,12,28
Prof                                                                                M. Govinda Raj,54665,Mining Engineering,National Institute of Technology Karnataka,312,12,26
Dr                                                                                Rathnamala  Rao,82537,Electronics and Communication Engineering,National Institute of Technology Karnataka,100,6,16
Dr                                                                                Chinta Sankar Rao,165766,Chemical Engineering,National Institute of Technology Karnataka,226,8,29
Dr                                                                                Arun Kumar Shettigar,176270,Mechanical Engineering,National Institute of Technology Karnataka,421,12,23
Mr                                                                                Dinesh Naik,54568,Information Technology,National Institute of Technology Karnataka,45,4,4
Prof                                                                                Sitaram Nayak,54722,Civil Engineering,National Institute of Technology Karnataka,617,12,24
Dr                                                                                Krishnan C.M.C.,62834,Electrical and Electronics Engineering,National Institute of Technology Karnataka,85,5,16
Dr                                                                                Vaishakh Nair,165791,Chemical Engineering,National Institute of Technology Karnataka,1174,16,21
Prof                                                                                Varghese George,176149,Civil Engineering,National Institute of Technology Karnataka,301,10,23
Dr                                                                                Palanysamy T.,176115,Civil Engineering,National Institute of Technology Karnataka,104,6,25
Dr                                                                                Gangadhar Mahesh,54600,Civil Engineering,National Institute of Technology Karnataka,207,10,23
Dr                                                                                Mithun Mohan,176111,Civil Engineering,National Institute of Technology Karnataka,109,7,19
Dr                                                                                Md Waseem Ahmad,177282,Electrical and Electronics Engineering,National Institute of Technology Karnataka,303,9,16
Dr                                                                                Kiran M.,165376,Information Technology,National Institute of Technology Karnataka,80,6,5
Dr                                                                                Ravishankar  K S,54579,Metallurgical and Materials Engineering,National Institute of Technology Karnataka,331,8,11
Dr                                                                                Subray R  Hegde,54581,Metallurgical and Materials Engineering,National Institute of Technology Karnataka,513,6,21
Dr                                                                                Manjunatha Sharma K,54606,Electrical and Electronics Engineering,National Institute of Technology Karnataka,52,4,9
Dr                                                                                Nasar  T,82501,Water Resources and Ocean Engineering,National Institute of Technology Karnataka,165,6,15
Dr                                                                                Ravi Raushan,177288,Electrical and Electronics Engineering,National Institute of Technology Karnataka,131,5,11
Prof                                                                                B M Dodamani,54531,Water Resources and Ocean Engineering,National Institute of Technology Karnataka,235,8,15
Dr                                                                                B M Sunil,54566,Civil Engineering,National Institute of Technology Karnataka,315,8,12
Dr                                                                                Preetham Kumar  G V,82833,Metallurgical and Materials Engineering,National Institute of Technology Karnataka,138,7,11
Dr                                                                                Manu .,54594,Water Resources and Ocean Engineering,National Institute of Technology Karnataka,94,5,15
Dr                                                                                Devatha C P,54597,Civil Engineering,National Institute of Technology Karnataka,570,10,18
Dr                                                                                R Madhusudhan,54638,Mathematical and Computational Sciences,National Institute of Technology Karnataka,246,7,9
Dr                                                                                B. Dastagiri  Reddy,165803,Electrical and Electronics Engineering,National Institute of Technology Karnataka,183,7,6
Dr                                                                                A. K. Tripathi,54648,Mining Engineering,National Institute of Technology Karnataka,39,5,17
Dr                                                                                K Ram Chandar,54658,Mining Engineering,National Institute of Technology Karnataka,148,7,14
Dr                                                                                Maneesh Poddar,165790,Chemical Engineering,National Institute of Technology Karnataka,472,11,18
Dr                                                                                Jothi Ramalingam,165681,Mathematical and Computational Sciences,National Institute of Technology Karnataka,92,5,5
Prof                                                                                Nagendrappa H,54608,Electrical and Electronics Engineering,National Institute of Technology Karnataka,84,5,10
Dr                                                                                Vadivuchezhian Kaliveeran,54618,Water Resources and Ocean Engineering,National Institute of Technology Karnataka,70,5,9
Dr                                                                                Yashwant Kashyap,177402,Electrical and Electronics Engineering,National Institute of Technology Karnataka,137,4,13
Dr                                                                                Hari Mahalingam,54527,Chemical Engineering,National Institute of Technology Karnataka,574,9,15
Dr                                                                                Sudhakar C.  Jambagi,82579,Mechanical Engineering,National Institute of Technology Karnataka,257,11,11
Dr                                                                                B Venkatesa Perumal,54590,Electrical and Electronics Engineering,National Institute of Technology Karnataka,212,7,7
Dr                                                                                Ramesh M Kini,54707,Electronics and Communication Engineering,National Institute of Technology Karnataka,21,2,2
Mr                                                                                Prashanth M  H,82511,Civil Engineering,National Institute of Technology Karnataka,36,3,9
Dr                                                                                Shwetha H.R.,165759,Water Resources and Ocean Engineering,National Institute of Technology Karnataka,76,3,7
Dr                                                                                Sridhar G.,176099,Civil Engineering,National Institute of Technology Karnataka,51,4,9
Dr                                                                                Somasekhara Rao Todeti,62826,Mechanical Engineering,National Institute of Technology Karnataka,141,5,6
Dr                                                                                Mahendra Pratap Singh,62827,Computer Science and Engineering,National Institute of Technology Karnataka,51,5,3
Mrs                                                                                Saumya  Hegde,82521,Computer Science and Engineering,National Institute of Technology Karnataka,51,5,2
Dr                                                                                Pavan G. S.,176125,Civil Engineering,National Institute of Technology Karnataka,86,5,7
Dr                                                                                Vinoth Srinivasan,176153,Civil Engineering,National Institute of Technology Karnataka,135,7,9
Dr                                                                                Gangamma S,54523,Chemical Engineering,National Institute of Technology Karnataka,172,5,7
Dr                                                                                Prashantha H Kumar,54706,Electronics and Communication Engineering,National Institute of Technology Karnataka,24,3,7
Dr                                                                                A Senthil Thilak,62849,Mathematical and Computational Sciences,National Institute of Technology Karnataka,6,2,7
Dr                                                                                Suvin P. S.,176265,Mechanical Engineering,National Institute of Technology Karnataka,209,4,7
Dr                                                                                H Suresh Hebbar,54686,Mechanical Engineering,National Institute of Technology Karnataka,248,6,5
Dr                                                                                Vishwanath Kadaba Puttanna,62823,Mathematical And Computational Sciences,National Institute of Technology Karnataka,28,3,4
Dr                                                                                Anupama Surenjan,176037,Civil Engineering,National Institute of Technology Karnataka,146,4,6
Dr                                                                                Jora M   Gonda,82477,Electrical and Electronics Engineering,National Institute of Technology Karnataka,5,2,2
Dr                                                                                Nikhil K. S.,176808,Electronics and Communication Engineering,National Institute of Technology Karnataka,32,3,3
Dr                                                                                Navin Karanth P,54664,Mechanical Engineering,National Institute of Technology Karnataka,36,4,2
Prof                                                                                John D'Souza,54696,Electronics and Communication Engineering,National Institute of Technology Karnataka,2,1,3
Dr                                                                                K.  Varija,82461,Water Resources and Ocean Engineering,National Institute of Technology Karnataka,22,2,5
Ms                                                                                Vani  M,82475,Computer Science and Engineering,National Institute of Technology Karnataka,88,3,2
Dr                                                                                Arun Dominic,165802,Electrical and Electronics Engineering,National Institute of Technology Karnataka,36,2,2
Dr                                                                                H Girirsha Navada,54601,Electrical and Electronics Engineering,National Institute of Technology Karnataka,70,4,1
Ms                                                                                Kalpana G Bhat,54698,Electronics and Communication Engineering,National Institute of Technology Karnataka,8,2,1
Prof                                                                                Rao I R,54613,Electrical and Electronics Engineering,National Institute of Technology Karnataka,2,1,N/A
Dr                                                                                Shrikantha S Rao,54679,Mechanical Engineering,National Institute of Technology Karnataka,54,4,4
Dr                                                                                Sreekumar M.,176143,Civil Engineering,National Institute of Technology Karnataka,11,2,4
Dr                                                                                 B.S.  Raghavendra,82545,Electronics and Communication Engineering,National Institute of Technology Karnataka,41,2,N/A
Prof                                                                                Rajagopala K.,54604,Electrical and Electronics Engineering,National Institute of Technology Karnataka,12,2,1
Mr                                                                                Rohit Rajpal,60305,Mechanical Engineering,National Institute of Technology Karnataka,N/A,N/A,N/A
Dr                                                                                Kumkum   Banerjee,82489,Metallurgical and Materials Engineering,National Institute of Technology Karnataka,N/A,N/A,N/A
Dr                                                                                Manu   Basavaraju,82523,Computer Science and Engineering,National Institute of Technology Karnataka,N/A,N/A,N/A
Dr                                                                                Deepu   Vijayasenan,82539,Electronics and Communication Engineering,National Institute of Technology Karnataka,N/A,N/A,N/A
Mr                                                                                B.  Nagavel,82561,Electronics and Communication Engineering,National Institute of Technology Karnataka,N/A,N/A,N/A
Dr                                                                                Ranjith  M.,82829,Mechanical Engineering,National Institute of Technology Karnataka,N/A,N/A,N/A
Dr                                                                                B  Rajasekaran,82843,Metallurgical and Materials Engineering,National Institute of Technology Karnataka,N/A,N/A,N/A
Dr                                                                                Shashi Bhushan Arya,94279,Metallurgical and Materials Engineering,National Institute of Technology Karnataka,N/A,N/A,N/A
Dr                                                                                Shrutilipi Bhattacharjee,165381,Information Technology,National Institute of Technology Karnataka,N/A,N/A,N/A
Dr                                                                                Falguni Roy,165676,Mathematical and Computational Sciences,National Institute of Technology Karnataka,N/A,N/A,N/A
Dr                                                                                Kedarnath Senapati,165682,Mathematical and Computational Sciences,National Institute of Technology Karnataka,N/A,N/A,N/A
Dr                                                                                Babloo Chaudhary,176090,Civil Engineering,National Institute of Technology Karnataka,N/A,N/A,N/A
Dr                                                                                Vijaya Vengadesh Kumar J.,176103,Civil Engineering,National Institute of Technology Karnataka,N/A,N/A,N/A
Dr                                                                                Khyati Verma,176568,Mechanical Engineering,National Institute of Technology Karnataka,N/A,N/A,N/A
Dr                                                                                Mruthyunjaya Swamy K. B.,176580,Mechanical Engineering,National Institute of Technology Karnataka,N/A,N/A,N/A
Dr                                                                                Parthasarathy P.,176585,Mechanical Engineering,National Institute of Technology Karnataka,N/A,N/A,N/A
Dr                                                                                Saurabh Chandraker,176591,Mechanical Engineering,National Institute of Technology Karnataka,N/A,N/A,N/A
Dr                                                                                Sandeep Kumar,176841,Electronics and Communication Engineering,National Institute of Technology Karnataka,N/A,N/A,N/A
Dr                                                                                Sushil Kumar Pandey,176844,Electronics and Communication Engineering,National Institute of Technology Karnataka,N/A,N/A,N/A
Dr                                                                                Dharavath Kishan,177197,Electrical and Electronics Engineering,National Institute of Technology Karnataka,N/A,N/A,N/A
Dr                                                                                Prajof P.,177286,Electrical and Electronics Engineering,National Institute of Technology Karnataka,N/A,N/A,N/A
Dr                                                                                Shashidhara Mecha Kotian,177289,Electrical and Electronics Engineering,National Institute of Technology Karnataka,N/A,N/A,N/A
Dr                                                                                Vignesh Kumar V.,177399,Electrical and Electronics Engineering,National Institute of Technology Karnataka,N/A,N/A,N/A
