Name,Vidwan ID,Department,College,Total Citations,H Index,Journal Articles
Dr                                                                                Neeraj Kumar,61148,Department of Computer Science and Engineering,Thapar Institute of Engineering and Technology,28931,88,623
Dr                                                                                Om Prakash Pandey,39637,School of Physics and Materials Science,Thapar Institute of Engineering and Technology,8368,40,521
Dr                                                                                Harish Garg,49739,,Thapar Institute of Engineering and Technology,13860,65,443
Dr                                                                                Rajinder Singh Kaler,60637,Department of Electronics and Communication Engineering,Thapar Institute of Engineering and Technology,2509,25,268
Prof                                                                                KK Raina,162105,School of Physics and Materials Science,Thapar Institute of Engineering and Technology,3532,31,216
Dr                                                                                Kulvir Singh,154738,School of Physics and Materials Science,Thapar Institute of Engineering and Technology,2120,22,233
Dr                                                                                M Sudhakar Reddy,146825,Department of Biotechnology,Thapar Institute of Engineering and Technology,5044,37,178
Dr                                                                                Amit  Kumar,60561,School of Mathematics,Thapar Institute of Engineering and Technology,1597,18,132
Prof                                                                                Rafat Siddique,26964,Department of Civil Engineering,Thapar Institute of Engineering and Technology,12458,65,132
Dr                                                                                Bonamali Pal,60437,School of Chemistry and Biochemistry,Thapar Institute of Engineering and Technology,2822,27,144
Dr                                                                                Haripada Bhunia,154483,Department of Chemical Engineering,Thapar Institute of Engineering and Technology,2633,29,120
Dr                                                                                Rajesh Khanna,31497,Department of Electronics and Communication Engineering,Thapar Institute of Engineering and Technology,515,14,96
Dr                                                                                Manoj Kumar Sharma,154743,School of Physics and Materials Science,Thapar Institute of Engineering and Technology,1491,22,98
Dr                                                                                Rajesh Kumar,154559,Department of Computer Science and Engineering,Thapar Institute of Engineering and Technology,1781,20,84
Dr                                                                                Ajay Batish,145965,Department of Mechanical Engineering,Thapar Institute of Engineering and Technology,2051,25,84
Dr                                                                                Sanjai Saxena,44633,Department of Biotechnology,Thapar Institute of Engineering and Technology,893,17,94
Dr                                                                                Rinkle Rani,154542,Department of Computer Science and Engineering,Thapar Institute of Engineering and Technology,951,17,62
Dr                                                                                Soumen Basu,154679,,Thapar Institute of Engineering and Technology,5242,31,99
Dr                                                                                Vijay Luxami,154681,School of Chemistry and Biochemistry,Thapar Institute of Engineering and Technology,2539,27,90
Dr                                                                                Ravi Kiran,27279,School of Humanities and Social Sciences,Thapar Institute of Engineering and Technology,633,13,99
Dr                                                                                Sumit Chandok,154713,School of Mathematics,Thapar Institute of Engineering and Technology,622,15,107
Dr                                                                                Vanish Kumar,287182,Department of Biotechnology,Thapar Institute of Engineering and Technology,1757,20,79
Dr                                                                                Susheel Mittal,44630,School of Chemistry and Biochemistry,Thapar Institute of Engineering and Technology,974,17,96
Dr                                                                                Anil Kumar Verma,154558,Department of Computer Science and Engineering,Thapar Institute of Engineering and Technology,1157,22,63
Dr                                                                                Inderveer Chana,154557,Department of Computer Science and Engineering,Thapar Institute of Engineering and Technology,2440,29,57
Dr                                                                                Deepak Mishra,231150,Department of Electrical and Instrumentation Engineering,Thapar Institute of Engineering and Technology,507,12,55
Dr                                                                                Seema Bawa,32656,Department of Computer Science and Engineering,Thapar Institute of Engineering and Technology,960,16,52
Dr                                                                                Urvinder Singh,151736,Department of Electronics and Communication Engineering,Thapar Institute of Engineering and Technology,1722,23,58
Dr                                                                                Saroj Kumar Mohapatra,154670,Department of Mechanical Engineering,Thapar Institute of Engineering and Technology,497,14,71
Dr                                                                                Ravinder Agarwal,26961,Department of Electrical and Instrumentation Engineering,Thapar Institute of Engineering and Technology,828,16,63
Dr                                                                                N. Tejo Prakash,146945,School of Energy and Environment,Thapar Institute of Engineering and Technology,867,16,68
Dr                                                                                Amjad Ali,154684,School of Chemistry and Biochemistry,Thapar Institute of Engineering and Technology,1335,18,69
Dr                                                                                Kulbir Singh,32635,Department of Electronics and Communication Engineering,Thapar Institute of Engineering and Technology,681,15,64
Dr                                                                                Kamaldeep Paul,154680,School of Chemistry and Biochemistry,Thapar Institute of Engineering and Technology,1596,24,64
Dr                                                                                Anil Kumar,146810,Department of Biotechnology,Thapar Institute of Engineering and Technology,1039,19,65
Dr                                                                                Shalini Batra,154544,Department of Computer Science and Engineering,Thapar Institute of Engineering and Technology,1224,21,48
Dr                                                                                Maninder Singh,154556,,Thapar Institute of Engineering and Technology,886,14,36
Dr                                                                                Sudhanshu Tyagi,154624,Department of Electronics and Communication Engineering,Thapar Institute of Engineering and Technology,4463,34,25
Dr                                                                                Moushmi Ghosh,146844,Department of Biotechnology,Thapar Institute of Engineering and Technology,636,14,54
Dr                                                                                Rajeev Mehta,154485,Department of Chemical Engineering,Thapar Institute of Engineering and Technology,877,15,56
Dr                                                                                Jayant Kolte,154727,School of Physics and Materials Science,Thapar Institute of Engineering and Technology,461,13,57
Dr                                                                                Manoj Baranwal,146831,Department of Biotechnology,Thapar Institute of Engineering and Technology,647,13,51
Dr                                                                                Debajyoti Dutta,154473,Department of Biotechnology,Thapar Institute of Engineering and Technology,626,13,40
Dr                                                                                Souvik Ganguli,154568,Department of Electrical and Instrumentation Engineering,Thapar Institute of Engineering and Technology,269,10,18
Dr                                                                                Munish Kansal,154709,School of Mathematics,Thapar Institute of Engineering and Technology,109,6,58
Dr                                                                                Bhaskar Chandra Mohanty,154735,,Thapar Institute of Engineering and Technology,214,9,65
Dr                                                                                Tarun Nanda,154658,Department of Mechanical Engineering,Thapar Institute of Engineering and Technology,520,15,57
Dr                                                                                Debasish Mandal,154672,School of Chemistry and Biochemistry,Thapar Institute of Engineering and Technology,720,16,62
Dr                                                                                Vinay Kumar,44627,Department of Electronics and Communication Engineering,Thapar Institute of Engineering and Technology,399,9,40
Dr                                                                                Atul Kumar Upadhyay,146813,Department of Biotechnology,Thapar Institute of Engineering and Technology,189,8,36
Dr                                                                                Sharad Saxena,154543,Department of Computer Science and Engineering,Thapar Institute of Engineering and Technology,299,11,35
Dr                                                                                Sanjay Sharma,151697,Department of Electronics and Communication Engineering,Thapar Institute of Engineering and Technology,621,7,51
Dr                                                                                Shailendra Tiwari,154527,Department of Computer Science and Engineering,Thapar Institute of Engineering and Technology,364,11,26
Dr                                                                                Sourav Marik,154728,School of Physics and Materials Science,Thapar Institute of Engineering and Technology,136,5,48
Dr                                                                                Prangya Ranjan Rout,249699,Department of Biotechnology,Thapar Institute of Engineering and Technology,1411,17,32
Dr                                                                                Parteek Kumar,154554,Department of Computer Science and Engineering,Thapar Institute of Engineering and Technology,334,10,34
Dr                                                                                Amit Kumar Kohli,151698,Department of Electronics and Communication Engineering,Thapar Institute of Engineering and Technology,278,10,43
Dr                                                                                Shireesh Kumar Rai,154602,Department of Electronics and Communication Engineering,Thapar Institute of Engineering and Technology,158,7,47
Dr                                                                                Anoop Verma,154688,School of Energy and Environment,Thapar Institute of Engineering and Technology,894,17,49
Dr                                                                                Sandeep Goyal,151638,L. M. Thapar School of Management,Thapar Institute of Engineering and Technology,631,12,37
Dr                                                                                Vishal Srivastava,154591,Department of Electrical and Instrumentation Engineering,Thapar Institute of Engineering and Technology,298,10,28
Dr                                                                                Amit Dhir,154689,School of Energy and Environment,Thapar Institute of Engineering and Technology,710,15,50
Dr                                                                                Hari Shankar Singh,154598,Department of Electronics and Communication Engineering,Thapar Institute of Engineering and Technology,462,12,28
Dr                                                                                Ranjana Prakash,154683,School of Chemistry and Biochemistry,Thapar Institute of Engineering and Technology,302,10,43
Dr                                                                                Karminder  Ghuman,151626,L. M. Thapar School of Management,Thapar Institute of Engineering and Technology,343,4,25
Dr                                                                                Surbhi Sharma,151722,Department of Electronics and Communication Engineering,Thapar Institute of Engineering and Technology,125,6,33
Dr                                                                                Satnam Singh,154685,School of Chemistry and Biochemistry,Thapar Institute of Engineering and Technology,397,13,46
Dr                                                                                Gaurav Goel,226733,School of Energy and Environment,Thapar Institute of Engineering and Technology,701,17,34
Dr                                                                                Varinder Pal Singh,154545,Department of Computer Science and Engineering,Thapar Institute of Engineering and Technology,262,10,34
Dr                                                                                Dinesh Goyal,146815,Department of Biotechnology,Thapar Institute of Engineering and Technology,329,7,42
Dr                                                                                Tejinder Pal Singh,154669,Department of Mechanical Engineering,Thapar Institute of Engineering and Technology,624,15,38
Dr                                                                                Jaswinder Kaur,151788,Department of Electronics and Communication Engineering,Thapar Institute of Engineering and Technology,210,9,33
Dr                                                                                Ankush Kansal,151764,Department of Electronics and Communication Engineering,Thapar Institute of Engineering and Technology,94,5,37
Dr                                                                                Sahaj Saxena,154565,Department of Electrical and Instrumentation Engineering,Thapar Institute of Engineering and Technology,846,14,24
Dr                                                                                Puneet Sharma,154744,School of Physics and Materials Science,Thapar Institute of Engineering and Technology,249,8,42
Dr                                                                                Abhinay Kumar,284479,Department of Civil Engineering,Thapar Institute of Engineering and Technology,247,9,31
Dr                                                                                Mayank Kumar Rai,151725,Department of Electronics and Communication Engineering,Thapar Institute of Engineering and Technology,201,8,30
Dr                                                                                Jhilik Bhattacharya,154509,Department of Computer Science and Engineering,Thapar Institute of Engineering and Technology,346,9,17
Dr                                                                                Surjit Singh,154511,Department of Computer Science and Engineering,Thapar Institute of Engineering and Technology,415,10,20
Dr                                                                                Sudhir Kumar Singh,154481,Department of Chemical Engineering,Thapar Institute of Engineering and Technology,526,7,22
Dr                                                                                Gagandeep Kaur,154592,Department of Electrical and Instrumentation Engineering,Thapar Institute of Engineering and Technology,438,10,29
Dr                                                                                Mukesh Singh,154594,Department of Electrical and Instrumentation Engineering,Thapar Institute of Engineering and Technology,1336,18,20
Prof                                                                                Padmakumar Nair,151649,L. M. Thapar School of Management,Thapar Institute of Engineering and Technology,1934,22,34
Prof                                                                                Sanghamitra Barman,154482,Department of Chemical Engineering,Thapar Institute of Engineering and Technology,238,9,37
Dr                                                                                Shivendra Shivani,154510,Department of Computer Science and Engineering,Thapar Institute of Engineering and Technology,302,11,20
Dr                                                                                Hem Dutt Joshi,151718,Department of Electronics and Communication Engineering,Thapar Institute of Engineering and Technology,338,10,27
Dr                                                                                Avinash Chandra,154477,Department of Chemical Engineering,Thapar Institute of Engineering and Technology,354,11,32
Dr                                                                                Jai Prakash Kushwaha,154479,Department of Chemical Engineering,Thapar Institute of Engineering and Technology,608,13,36
Dr                                                                                Deepak Kumar Dewangan,371979,Department of Computer Science and Engineering,Thapar Institute of Engineering and Technology,254,11,7
Dr                                                                                Shri Ram,52264,Central Library,Thapar Institute of Engineering and Technology,225,8,22
Dr                                                                                Ashutosh Aggarwal,154507,Department of Computer Science and Engineering,Thapar Institute of Engineering and Technology,288,8,29
Dr                                                                                Bharat Garg,154600,Department of Electronics and Communication Engineering,Thapar Institute of Engineering and Technology,166,7,23
Dr                                                                                Chudasama Bhupendrakumar,154742,School of Physics and Materials Science,Thapar Institute of Engineering and Technology,616,12,33
Dr                                                                                Sheikh Adil Edrisi,275008,Thapar School of Liberal Arts and Sciences (TSLAS),Thapar Institute of Engineering and Technology,544,12,21
Dr                                                                                Santar Pal  Singh,201388,Department of Computer Science and Engineering,Thapar Institute of Engineering and Technology,655,10,22
Dr                                                                                Yashwant Singh Patel,219253,Department of Computer Science and Engineering,Thapar Institute of Engineering and Technology,121,7,14
Dr                                                                                Mohd Asim Aftab,154563,Department of Electrical and Instrumentation Engineering,Thapar Institute of Engineering and Technology,476,12,20
Dr                                                                                Surya Prakash,154590,Department of Electrical and Instrumentation Engineering,Thapar Institute of Engineering and Technology,224,10,27
Dr                                                                                Ranjeet Kumar Ranjan,239166,Department of Computer Science and Engineering,Thapar Institute of Engineering and Technology,84,4,18
Dr                                                                                Sanjeev Kumar Ahuja,154478,Department of Chemical Engineering,Thapar Institute of Engineering and Technology,170,8,31
