Name,Vidwan ID,Department,College,Total Citations,H Index,Journal Articles
Dr                                                                                Neeraj Mishra,175239,Department of Pharmacy,"Amity University, Gwalior",2317,25,55
Dr                                                                                RAJEEV SHARMA,332181,Amity Institute of Pharmacy (AIP),"Amity University, Gwalior",676,12,19
Prof                                                                                Kuldeep Singh,44218,Department of Applied Chemistry,"Amity University, Gwalior",475,12,39
Prof                                                                                Raghavendra Sharma,256840,,"Amity University, Gwalior",31,3,25
Dr                                                                                Jovita Kanoujia,174761,Department of Pharmacy,"Amity University, Gwalior",485,13,32
Dr                                                                                Raman Singh,111269,Department of Chemistry,"Amity University, Gwalior",157,6,19
Dr                                                                                Sagar Pamu,373788,Department of Pharmacy,"Amity University, Gwalior",N/A,N/A,15
Dr                                                                                Amit Upadhyay,332218,Department of Pharmacy,"Amity University, Gwalior",N/A,N/A,21
Dr                                                                                Subodh Mendaly,350742,Department of History,"Amity University, Gwalior",N/A,N/A,19
Ms                                                                                Shivangi Sharma,314698,Department of Chemistry,"Amity University, Gwalior",N/A,N/A,14
Prof                                                                                Vivek Jaglan,278775,Amity School of Engineering & Technology,"Amity University, Gwalior",47,2,14
Dr                                                                                Raghvendra Saxena,299343,Amity Institute of Biotechnology,"Amity University, Gwalior",249,7,13
Dr                                                                                Daniel A,282486,Department of Computer Science and Engineering,"Amity University, Gwalior",57,3,6
Dr                                                                                Santosh Kumar Sharma,300148,Department of Mathematics,"Amity University, Gwalior",N/A,N/A,11
Dr                                                                                Sumit Narula,50533,Amity School of Communication,"Amity University, Gwalior",42,2,15
Dr                                                                                Srikanth Pulipeti,96645,,"Amity University, Gwalior",102,3,11
Mr                                                                                Talever  Singh,401233,Amity Institute of pharmacy,"Amity University, Gwalior",1,1,9
Prof                                                                                Swapnil Rai,264293,"Department of Environmental Science, Amity School of LIfe Science","Amity University, Gwalior",82,4,11
Mr                                                                                Arvind Singh Jadon,332351,,"Amity University, Gwalior",9,1,12
Dr                                                                                Shaifali Garg,184980,Management,"Amity University, Gwalior",15,1,7
Dr                                                                                 Deepak Kumar,375672,Department of Psychology,"Amity University, Gwalior",1,1,11
Dr                                                                                Ghanshyam Prasad Dubey,374039,Department of Computer Science and Engineering,"Amity University, Gwalior",18,3,4
Dr                                                                                (Dr) Rakhi singh Chouhan,375617,Department of Law,"Amity University, Gwalior",N/A,N/A,11
Dr                                                                                Pawan Kumar Gupta,173952,,"Amity University, Gwalior",N/A,N/A,9
Dr                                                                                NIMISHA JAIN,332921,Department of Pharmacy,"Amity University, Gwalior",21,2,9
Mr                                                                                MUTHUVEL K,375835,Department of Foreign Languages,"Amity University, Gwalior",N/A,N/A,10
Dr                                                                                Mandeep Kumar  Singh,357234,Department of Pharmacy,"Amity University, Gwalior",48,1,3
Ms                                                                                Jennifer Chandani,375707,Department of Psychology,"Amity University, Gwalior",N/A,N/A,5
Dr                                                                                Kishan Singh  Rathore,376818,Management,"Amity University, Gwalior",N/A,N/A,2
Mr                                                                                manish khule,375673,Department of Computer Science and Engineering,"Amity University, Gwalior",N/A,N/A,6
Dr                                                                                Mini Agrawal,376855,Management,"Amity University, Gwalior",N/A,N/A,5
Prof                                                                                Kuldip Dwivedi,133992,Department of Environmental Science,"Amity University, Gwalior",17,3,5
Mr                                                                                Jamal Basha  Dudekula,263465,Department of Pharmacy,"Amity University, Gwalior",N/A,N/A,4
Vaibhav Agarwal,375664,Department of Computer Science and Engineering,"Amity University, Gwalior",23,3,3
Dr                                                                                Rajat Vaish,171776,Department of Mathematics,"Amity University, Gwalior",3,1,4
Dr                                                                                Prathap M,292865,,"Amity University, Gwalior",1,1,4
Dr                                                                                Reetu Kumari,300147,Department of Mathematics,"Amity University, Gwalior",12,2,4
Dr                                                                                Jangjeet Chahal,375675,Department of Psychology,"Amity University, Gwalior",N/A,N/A,N/A
Dr. Ritu Raj,375680,Department of Psychology,"Amity University, Gwalior",N/A,N/A,4
Dr                                                                                Naveen Sharma,181643,,"Amity University, Gwalior",N/A,N/A,3
Dr                                                                                Ajay Mahor,434321,Department of Pharmacy,"Amity University, Gwalior",4,1,3
Mrs                                                                                Neethu M V,521230,Department of Pharmacy,"Amity University, Gwalior",N/A,N/A,3
Dr                                                                                Ram Babu Tripathi,141824,,"Amity University, Gwalior",N/A,N/A,1
Ms                                                                                Ankita  Kishore,145223,,"Amity University, Gwalior",N/A,N/A,N/A
Mr                                                                                Arun Sharma,171738,Department of Law,"Amity University, Gwalior",N/A,N/A,2
Mr                                                                                manish chitranshi,375712,Department of Architecture and Planning,"Amity University, Gwalior",N/A,N/A,1
Dr                                                                                Kul Prakash,376870,Management,"Amity University, Gwalior",N/A,N/A,1
Dr                                                                                Shweta Saxena,377466,Management,"Amity University, Gwalior",3,1,N/A
Dr                                                                                A C P Tripathi,378264,Department of Communication,"Amity University, Gwalior",N/A,N/A,N/A
Ms                                                                                Neetu Mishra,431553,Amity Business School,"Amity University, Gwalior",N/A,N/A,2
Dr                                                                                Rwitabrata Mallick,133943,,"Amity University, Gwalior",N/A,N/A,1
Dr                                                                                Dinesh Sharma,171775,Department of Computer Science and Engineering,"Amity University, Gwalior",N/A,N/A,1
Mr                                                                                Siddharth Sharma,334678,Department of Communication,"Amity University, Gwalior",6,1,1
Dr                                                                                SHUBHAGATA AWASTHI,340450,AMITY INSTITUTE OF BEHAVIOURAL AND ALLIED SCIENCE,"Amity University, Gwalior",N/A,N/A,N/A
Dr                                                                                Sonia Srivastava,375727,Department of Communication,"Amity University, Gwalior",N/A,N/A,N/A
Dr                                                                                Anil Singh Parihar,376801,Management,"Amity University, Gwalior",N/A,N/A,N/A
Mr                                                                                Ujjwal Kumar Pathak,376830,Management,"Amity University, Gwalior",N/A,N/A,1
Mrs                                                                                Vartika  Saxena,376936,Amity Law School,"Amity University, Gwalior",N/A,N/A,1
Mr                                                                                Ashish Sharma,133617,Department of Architecture and Planning,"Amity University, Gwalior",N/A,N/A,N/A
Dr                                                                                Nidhi Shukla,133947,,"Amity University, Gwalior",N/A,N/A,N/A
Dr                                                                                Hephzibah Beula  John,176603,Amity Business School,"Amity University, Gwalior",N/A,N/A,N/A
Dr                                                                                 Vijay  Srivastava,332207,Law,"Amity University, Gwalior",N/A,N/A,N/A
Ms                                                                                Himani sharma,332267,Department of Psychology,"Amity University, Gwalior",N/A,N/A,N/A
Ms                                                                                Twinkle Rastogi,332569,Department of Fashion Design and Technology,"Amity University, Gwalior",N/A,N/A,N/A
Dr                                                                                manish dubey,334668,Department of Communication,"Amity University, Gwalior",N/A,N/A,N/A
Mr                                                                                Gaurav  Chhabra,334683,Amity School of Communication,"Amity University, Gwalior",N/A,N/A,N/A
Dr                                                                                Abhishek bhardwaj,357329,Department of Environmental Science,"Amity University, Gwalior",N/A,N/A,N/A
Dr                                                                                Anshul Gangele,375590,Mechanical engineering,"Amity University, Gwalior",N/A,N/A,N/A
Grace Sharon joyce,375717,Department of Psychology,"Amity University, Gwalior",N/A,N/A,N/A
Dr                                                                                Udai Prakash Verma,375720,Department of Psychology,"Amity University, Gwalior",N/A,N/A,N/A
Dr                                                                                Sarvesh Rocque,375753,,"Amity University, Gwalior",N/A,N/A,N/A
Mrs                                                                                Madhavi  Tomar,375771,Department of Fashion Design and Technology,"Amity University, Gwalior",N/A,N/A,N/A
Aditya Bhattacharya,375793,Department of Architecture and Planning,"Amity University, Gwalior",N/A,N/A,N/A
Ms                                                                                MINNEE  PRIYA,375834,Department of Foreign Languages,"Amity University, Gwalior",N/A,N/A,N/A
Dr                                                                                BISHAKHA MANDAL,375836,Department of Foreign Languages,"Amity University, Gwalior",N/A,N/A,N/A
Dr                                                                                Archana Sharma,375932,Department of Communication,"Amity University, Gwalior",N/A,N/A,N/A
Dr                                                                                Ajit singh,376809,Management,"Amity University, Gwalior",N/A,N/A,N/A
Dr                                                                                Pranshuman Parashar,376844,Management,"Amity University, Gwalior",N/A,N/A,N/A
Dr. Shweta Saxena,376878,AMITY BUSINESS SCHOOL,"Amity University, Gwalior",N/A,N/A,N/A
Mr                                                                                Rajinder Kumar,376924,Department of Law,"Amity University, Gwalior",N/A,N/A,N/A
Dr                                                                                Pooja Jain,378128,Amity Business School,"Amity University, Gwalior",N/A,N/A,N/A
Dr                                                                                ANAND SHRIVASTAVA,378141,Management,"Amity University, Gwalior",N/A,N/A,N/A
Dr                                                                                Malkhan Singh,378147,Sports,"Amity University, Gwalior",N/A,N/A,N/A
Mr                                                                                Varun Mishra,378229,Department of Computer Science and Engineering,"Amity University, Gwalior",N/A,N/A,N/A
Mr                                                                                DEEPESH PARASHAR,521228,Department of Pharmacy,"Amity University, Gwalior",N/A,N/A,N/A
