Name,Vidwan ID,Department,College,Total Citations,H Index,Journal Articles
Dr                                                                                Tejraj Aminabhavi,220476,School of Advanced Sciences,KLE Technological University,49464,109,762
Dr                                                                                Nagaraj Shetti,217082,School of Advanced Sciences,KLE Technological University,15022,73,336
Dr                                                                                Sharanappa Nandibewoor,194855,School of Advanced Sciences,KLE Technological University,6559,40,416
Dr                                                                                Nagaraj R. Banapurmath,152328,School of Mechanical Engineering,KLE Technological University,4297,32,255
Dr                                                                                Prabhugouda M. Patil,291740,Department of Mathematics,KLE Technological University,2083,31,214
Dr                                                                                Vinayak Neelakanth Gaitonde,152401,School of Mechanical Engineering,KLE Technological University,4662,36,132
Dr                                                                                Narasimha Ayachit,152347,School of Advanced Sciences,KLE Technological University,1178,18,158
Dr                                                                                Shweta Malode,231400,School of Advanced Sciences,KLE Technological University,4397,36,123
Dr                                                                                Uday Muddapur,152321,Department of Biotechnology,KLE Technological University,797,12,136
Dr                                                                                Nagappa Badiger,216989,School of Advanced Sciences,KLE Technological University,1952,22,130
Dr                                                                                Arun Y. Patil,152264,School of Mechanical Engineering,KLE Technological University,582,14,83
Dr                                                                                Nalini C Iyer,159973,School of Electronics and Communication Engineering,KLE Technological University,311,10,17
Dr                                                                                M.R. Shollapur,273484,School of Management Studies and Research,KLE Technological University,N/A,N/A,58
Dr                                                                                Rajnish Kumar,336452,School of Advanced Sciences,KLE Technological University,7104,43,100
Dr                                                                                Prakash S Hiremath,154387,Master of Computer Application,KLE Technological University,1529,22,63
Dr                                                                                Uma Mudenagudi,159972,School of Electronics and Communication Engineering,KLE Technological University,1011,15,12
Dr                                                                                Basavaraj S Anami,294622,School of Computer Science and Engineering,KLE Technological University,560,11,60
Dr                                                                                Shrishail S Kubakaddi,195980,Department of Physics,KLE Technological University,966,15,89
Dr                                                                                Mohanakrishna Gunda,263347,School of Advanced Sciences,KLE Technological University,4576,40,79
Dr                                                                                Sharanabasava V. Ganachari,152362,School of Advanced Sciences,KLE Technological University,1314,19,45
Mr                                                                                Raju A B,152253,Department of Electrical and Electronics Engineering,KLE Technological University,415,9,23
Dr                                                                                B B Kotturshettar,152270,School of Mechanical Engineering,KLE Technological University,334,10,26
Dr                                                                                Narayan D G,152326,School of Computer Science and Engineering,KLE Technological University,1004,14,11
Dr                                                                                N R Patil,159983,Department of Physics,KLE Technological University,959,18,66
Dr                                                                                Ashok Shettar,153238,School of Civil Engineering,KLE Technological University,368,10,33
Dr                                                                                Satyadhyan Chickerur,152274,School of Computer Science and Engineering,KLE Technological University,134,6,20
Dr                                                                                Meena Maralappanavar,152320,School of Computer Science and Engineering,KLE Technological University,549,10,4
Dr                                                                                S Ramesh Karnik,152301,Department of Electrical and Electronics Engineering,KLE Technological University,2737,28,54
Dr                                                                                Sridhar Iyer,345042,KLE MSSCET,KLE Technological University,251,8,41
Dr                                                                                Shashikumar Totad,152384,Department of Automation and Robotics,KLE Technological University,108,6,23
Dr                                                                                Vijayalakshmi M,152392,School of Computer Science and Engineering,KLE Technological University,272,8,9
Dr                                                                                Nirmala S R,152327,School of Electronics and Communication Engineering,KLE Technological University,375,11,27
Dr                                                                                Prakash Tewari,152332,School of Mechanical Engineering,KLE Technological University,1313,17,52
Dr                                                                                Vinayak N Kulkarni,152396,School of Mechanical Engineering,KLE Technological University,264,9,24
Mr                                                                                Uday Kulkarni,152385,School of Computer Science and Engineering,KLE Technological University,143,5,4
Dr                                                                                Saroja V Siddamal,152355,School of Electronics and Communication Engineering,KLE Technological University,98,6,6
Dr                                                                                MAHAMMAD HANIF PAGE,148424,Department of Mathematics,KLE Technological University,24,2,56
Dr                                                                                Ashok M Sajjan,159968,Centre for Material Science,KLE Technological University,749,16,47
Dr                                                                                Shrinivas Desai,152371,School of Computer Science and Engineering,KLE Technological University,131,7,17
Dr                                                                                R M Banakar,153719,School of Electronics and Communication Engineering,KLE Technological University,781,7,3
Dr                                                                                Suneeta Budihal,159976,School of Electronics and Communication Engineering,KLE Technological University,48,4,5
Mr                                                                                Ramesh Ashok Tabib,163625,School of Electronics and Communication Engineering,KLE Technological University,207,8,2
Dr                                                                                Zabin Bagewadi,152404,Department of Biotechnology,KLE Technological University,593,14,46
Dr                                                                                Rajkumar V Raikar,193728,KLE MSSCET,KLE Technological University,970,16,41
Dr                                                                                Rajashri N Khanai,345058,KLE MSSCET,KLE Technological University,174,7,16
Dr                                                                                Madhusudan Kulkarni,268740,School of Electronics and Communication Engineering,KLE Technological University,557,16,31
Dr                                                                                Prema T. Akkasaligar,162710,KLE MSSCET,KLE Technological University,116,7,24
Dr                                                                                Umesh Basanagouda Deshannavar,341016,KLE MSSCET,KLE Technological University,351,11,36
DR                                                                                S S Bhavikatti,153722,School of Civil Engineering,KLE Technological University,126,5,13
Dr                                                                                Padmashree Desai,152331,School of Computer Science and Engineering,KLE Technological University,283,11,3
Dr                                                                                Sujatha  C,175749,School of Computer Science and Engineering,KLE Technological University,137,6,7
Dr                                                                                Prashant N. Patil,285848,Department of Physics,KLE Technological University,83,6,20
Dr                                                                                Vishwanath P Baligar,161190,School of Computer Science and Engineering,KLE Technological University,288,8,11
Dr                                                                                Anand Hunashyal,152258,School of Civil Engineering,KLE Technological University,243,10,21
Mr                                                                                Satish G J,152295,School of Mechanical Engineering,KLE Technological University,127,8,16
Mr                                                                                Rakesh P. Tapaskar,153680,Department of Automation and Robotics,KLE Technological University,120,5,8
Mr                                                                                Kaushik Mallibhat,162828,School of Electronics and Communication Engineering,KLE Technological University,126,6,12
Mr                                                                                Anil R. Shet,152261,Department of Biotechnology,KLE Technological University,60,5,36
Dr                                                                                Shantala Giraddi,152361,School of Computer Science and Engineering,KLE Technological University,153,7,10
Dr                                                                                Suvarna Kanakaraddi,152381,School of Computer Science and Engineering,KLE Technological University,83,5,2
Dr                                                                                Ujwala Patil,159977,School of Electronics and Communication Engineering,KLE Technological University,262,8,5
Mrs                                                                                Prabhavathi Nissimagoudar,153708,School of Electronics and Communication Engineering,KLE Technological University,53,4,4
Mr                                                                                Sharanappa Achappa,152254,Department of Biotechnology,KLE Technological University,47,4,34
Mr                                                                                Raghavendra Shet,163624,School of Electronics and Communication Engineering,KLE Technological University,36,4,16
Dr                                                                                Sangeeta Kolavekar,152353,Department of Physics,KLE Technological University,191,7,25
Dr                                                                                Basavaraj Hungund,159979,Department of Biotechnology,KLE Technological University,551,11,29
Mrs                                                                                Rohini Hongal,163626,School of Electronics and Communication Engineering,KLE Technological University,44,4,15
Mr                                                                                Prakash Hegade,162799,School of Computer Science and Engineering,KLE Technological University,19,3,15
Dr                                                                                Meenaxi M Raikar,152317,School of Computer Science and Engineering,KLE Technological University,218,9,1
Mr                                                                                Satish Chikkamath,163629,School of Electronics and Communication Engineering,KLE Technological University,20,3,6
Dr                                                                                Veerendrakumar Chandrakant Khed,295833,KLE MSSCET,KLE Technological University,415,12,18
Dr                                                                                Anilkumar Nandi,159662,School of Electronics and Communication Engineering,KLE Technological University,135,6,6
Dr                                                                                Priyatamkumar G,153720,School of Electronics and Communication Engineering,KLE Technological University,74,6,4
Ms                                                                                Neelamma Gummagol,488281,Department of Physics,KLE Technological University,151,7,27
Dr                                                                                Deepak Yaraguppi,152275,Department of Biotechnology,KLE Technological University,179,8,27
Dr                                                                                Shivalingsarj Desai,152277,Department of Biotechnology,KLE Technological University,58,4,27
Dr                                                                                Laxmikant Patil,152309,Department of Biotechnology,KLE Technological University,37,3,27
Prof                                                                                Prashant P Revankar,159984,,KLE Technological University,22,3,10
Dr                                                                                Udaykumar Laxman Naik,345040,KLE MSSCET,KLE Technological University,102,6,13
Dr                                                                                Prakashgoud Patil,160869,Master of Computer Application,KLE Technological University,80,5,2
Dr                                                                                Dattaprasad Annasaheb Torse,345039,KLE MSSCET,KLE Technological University,69,5,8
Dr                                                                                Virendra S Malemath,345087,KLE MSSCET,KLE Technological University,258,7,9
Dr                                                                                Uday V Wali,352681,Department of Electrical and Electronics Engineering,KLE Technological University,79,5,4
Mr                                                                                Sunil V Gurlahosur,152382,School of Computer Science and Engineering,KLE Technological University,138,4,1
Mr                                                                                Venkatesh Ramasamy,154986,Centre for Material Science,KLE Technological University,127,6,18
Mr                                                                                Gireesha H M,162825,School of Electronics and Communication Engineering,KLE Technological University,29,3,4
Dr                                                                                R B Shettar,154436,School of Electronics and Communication Engineering,KLE Technological University,48,4,1
Dr                                                                                Ansumalini Panda,252897,School of Management Studies and Research,KLE Technological University,8,1,14
Dr                                                                                V.S Hombalimath,152292,Department of Biotechnology,KLE Technological University,57,4,21
Mr                                                                                Sanjeev Kavale,153704,School of Mechanical Engineering,KLE Technological University,61,4,9
Mrs                                                                                Preeti Baligar,155064,Centre for Engineering Education Research,KLE Technological University,90,5,4
Dr                                                                                Sujata Nandeshwar Patil,240567,,KLE Technological University,90,5,15
Mr                                                                                Mahesh Patil,152312,School of Computer Science and Engineering,KLE Technological University,83,6,2
Mr                                                                                Praveen Dhulavvagol,152335,School of Computer Science and Engineering,KLE Technological University,77,5,5
Dr                                                                                Shankar A. Hallad,152360,Centre for Material Science,KLE Technological University,193,8,12
Dr                                                                                Varsha Koppal,161184,Department of Physics,KLE Technological University,136,8,17
Dr                                                                                Jayalaxmi Naragund,152298,School of Computer Science and Engineering,KLE Technological University,53,3,N/A
Dr                                                                                Krishnaraja Kodancha,152307,School of Mechanical Engineering,KLE Technological University,92,5,8
Dr                                                                                Sachin Karadgi,152350,Department of Automation and Robotics,KLE Technological University,64,6,2
Dr                                                                                Chandrashekkhar Virupaxappa Adake,345016,KLE MSSCET,KLE Technological University,98,3,8
