Name,Vidwan ID,Department,College,Total Citations,H Index,Journal Articles
Dr                                                                                Rudra Sankar Dhar,248029,,"National Institute of Technology, Mizoram",460,6,71
Prof                                                                                Saibal Chatterjee,219553,Research and Consultancy,"National Institute of Technology, Mizoram",524,12,30
Dr                                                                                Pabitra Kumar Biswas,248022,Department of Electrical and Electronics Engineering,"National Institute of Technology, Mizoram",290,10,42
Dr                                                                                Basil Kuriachen,248040,Department of Mechanical Engineering,"National Institute of Technology, Mizoram",998,16,58
Dr                                                                                Chaitali Koley,142288,Department of Electronic and Communication Engineering,"National Institute of Technology, Mizoram",72,5,22
Dr                                                                                Alok Shukla,248041,Department of Physics,"National Institute of Technology, Mizoram",670,16,47
Dr                                                                                Sukanta Roy,344879,Department of Mechanical Engineering,"National Institute of Technology, Mizoram",945,13,16
Dr                                                                                Anumoy Ghosh,248031,Department of Electronic and Communication Engineering,"National Institute of Technology, Mizoram",199,7,17
Prof                                                                                Ajmal Koya Pulikkal,248015,Department of Chemistry,"National Institute of Technology, Mizoram",473,13,35
Dr                                                                                Ranjita Das,248021,Department of Computer Science and Engineering,"National Institute of Technology, Mizoram",77,5,13
Dr                                                                                Kumar Raja Vanapalli,378380,Department of Civil Engineering,"National Institute of Technology, Mizoram",716,10,27
Dr                                                                                Konthoujam Gyanendra Singh,248035,Department of Humanities and Social Science,"National Institute of Technology, Mizoram",2,1,12
Dr                                                                                Bidesh Roy,248016,Department of Mechanical Engineering,"National Institute of Technology, Mizoram",70,5,15
Dr                                                                                Surender Ontela,248037,Department of Mathematics,"National Institute of Technology, Mizoram",219,9,21
Dr                                                                                Bijayananda Mohanty,288398,Department of Civil Engineering,"National Institute of Technology, Mizoram",268,7,16
Dr                                                                                H. Lalhmingsanga,248039,Department of Mechanical Engineering,"National Institute of Technology, Mizoram",290,7,15
Dr                                                                                Bachu Deb,248038,Department of Mechanical Engineering,"National Institute of Technology, Mizoram",32,3,16
Dr                                                                                Pragati Singh,248032,Department of Electronic and Communication Engineering,"National Institute of Technology, Mizoram",19,2,10
Dr                                                                                Saurav Suman,287401,,"National Institute of Technology, Mizoram",115,7,8
Dr                                                                                Sukanta Debnath,248027,Department of Electrical and Electronics Engineering,"National Institute of Technology, Mizoram",72,6,11
Dr                                                                                Sushanta Bordoloi,287299,,"National Institute of Technology, Mizoram",41,4,5
Dr                                                                                Vinay Singh,248036,,"National Institute of Technology, Mizoram",34,3,9
Dr                                                                                Suman Majumder,248023,,"National Institute of Technology, Mizoram",45,4,8
Dr                                                                                Shriman Narayana,288772,Department of Electronic and Communication Engineering,"National Institute of Technology, Mizoram",6,1,7
Dr                                                                                Krishnarti De,248024,Department of Electrical and Electronics Engineering,"National Institute of Technology, Mizoram",40,3,8
Dr                                                                                Upama Das,248028,Department of Electrical and Electronics Engineering,"National Institute of Technology, Mizoram",20,2,6
Dr                                                                                Shuchi Kaparwan,248034,Department of Humanities and Social Science,"National Institute of Technology, Mizoram",3,N/A,7
Dr                                                                                Anagha Bhattacharya,248026,Department of Electrical and Electronics Engineering,"National Institute of Technology, Mizoram",24,2,3
Dr                                                                                Amit Yadav,424457,Department of Civil Engineering,"National Institute of Technology, Mizoram",126,6,10
Dr                                                                                Ricky  Lalthazuala,248018,Department of Civil Engineering,"National Institute of Technology, Mizoram",6,2,4
Dr                                                                                Sandeep Kumar Dash,248020,Department of Computer Science and Engineering,"National Institute of Technology, Mizoram",10,2,5
Dr                                                                                Abhijit Banik,288768,Department of Mechanical Engineering,"National Institute of Technology, Mizoram",132,3,7
Dr                                                                                Lenin Laitonjam,287410,Department of Computer Science and Engineering,"National Institute of Technology, Mizoram",21,3,3
Dr                                                                                Sanasam Vipej  Devi,248019,Department of Civil Engineering,"National Institute of Technology, Mizoram",26,2,5
Dr                                                                                Remika Ngangbam,248033,Department of Electronic and Communication Engineering,"National Institute of Technology, Mizoram",28,3,2
Dr                                                                                Sourav Das,288771,Department of Civil Engineering,"National Institute of Technology, Mizoram",22,3,4
Mr                                                                                ELLAPU BHANU PRAKASH,429464,Department of Electronic and Communication Engineering,"National Institute of Technology, Mizoram",N/A,N/A,2
Dr                                                                                Ramesh Kumar,248025,Department of Electrical and Electronics Engineering,"National Institute of Technology, Mizoram",16,2,2
Ms                                                                                BOLLAPALLI SNEHA,288378,Department of Computer Science and Engineering,"National Institute of Technology, Mizoram",N/A,N/A,1
