Name,Vidwan ID,Department,College,Total Citations,H Index,Journal Articles
Prof                                                                                Bhim Singh,42893,Department of Electrical Engineering,Indian Institute of Technology Delhi,37251,79,1234
Prof                                                                                Bijaya Ketan Panigrahi,53149,Department of Electrical Engineering,Indian Institute of Technology Delhi,16550,63,449
Prof                                                                                Shiban Kishen Koul,60674,Centre for Applied Research in Electronics,Indian Institute of Technology Delhi,2955,24,218
Prof                                                                                Sukumar Mishra,60665,Department of Electrical Engineering,Indian Institute of Technology Delhi,10095,49,184
Prof                                                                                Anurag Singh Rathore,60401,Department of Chemical Engineering,Indian Institute of Technology Delhi,6676,39,310
Prof                                                                                K.S. Rao,10507,Department of Civil Engineering,Indian Institute of Technology Delhi,2315,25,138
Prof                                                                                R. P. Sharma,16871,Department of Energy Science and Engineering,Indian Institute of Technology Delhi,3154,26,355
Dr.                                                                                Santanu Chaudhury,10284,Department of Electrical Engineering,Indian Institute of Technology Delhi,3216,28,100
Prof                                                                                Suddhasatwa Basu,60800,Department of Chemical Engineering,Indian Institute of Technology Delhi,6706,46,302
Prof                                                                                Vasant A. Matsagar,70597,Department of Civil Engineering,Indian Institute of Technology Delhi,4372,36,220
Prof                                                                                Kshitij Gupta,16710,Department of Mechanical Engineering,Indian Institute of Technology Delhi,4787,31,209
Prof                                                                                 Jagadesh Kumar Mamidala,43033,Department of Electrical Engineering,Indian Institute of Technology Delhi,6381,40,143
Prof                                                                                M. Jagadesh Kumar,85761,Department of Electrical Engineering,Indian Institute of Technology Delhi,6381,40,143
Prof                                                                                Bodh Raj Mehta,10615,Department of Physics,Indian Institute of Technology Delhi,5906,37,230
Prof                                                                                Manav R Bhatnagar,61054,Department of Electrical Engineering,Indian Institute of Technology Delhi,4761,38,147
Prof                                                                                Ulrich L. Rohde,85603,Centre for Applied Research in Electronics,Indian Institute of Technology Delhi,1901,15,82
Prof                                                                                Ravibabu Mulaveesala,216092,"Centre for Sensors, Instrumentation and Cyber Physical System Engineering",Indian Institute of Technology Delhi,3317,31,174
Prof                                                                                Veena  Choudhary,85615,Department of Materials Science and Engineering,Indian Institute of Technology Delhi,9763,52,247
Prof                                                                                D. K. Sharma,85699,Department of Energy Science and Engineering,Indian Institute of Technology Delhi,4000,35,236
Prof                                                                                S. G. Deshmukh,16707,Department of Mechanical Engineering,Indian Institute of Technology Delhi,8316,50,189
Prof                                                                                P.Venkateswara Rao,16727,Department of Mechanical Engineering,Indian Institute of Technology Delhi,5542,43,128
Prof                                                                                Rahul Garg,70605,Department of Computer Science and Engineering,Indian Institute of Technology Delhi,5665,40,160
Prof                                                                                Ranjan Kumar Mallik,42761,Department of Electrical Engineering,Indian Institute of Technology Delhi,6172,39,143
Prof                                                                                Apurba Das,60450,Department of Textile Technology,Indian Institute of Technology Delhi,3603,29,215
Prof                                                                                Mummadi Veerachary,70615,Department of Electrical Engineering,Indian Institute of Technology Delhi,3945,25,60
Prof                                                                                Jayashree Bijwe,70645,Centre for Automotive Research and Tribology,Indian Institute of Technology Delhi,8321,49,222
Prof                                                                                Subrat Kar,70617,Department of Electrical Engineering,Indian Institute of Technology Delhi,1241,19,110
Prof                                                                                B.K. Behera,10640,Department of Textile Technology,Indian Institute of Technology Delhi,2750,29,211
Prof                                                                                Brejesh Lall,70623,Department of Electrical Engineering,Indian Institute of Technology Delhi,1071,14,83
Prof                                                                                K.D.P. Nigam,10448,Department of Chemical Engineering,Indian Institute of Technology Delhi,7165,46,190
Prof                                                                                B.D. Gupta,10619,Department of Physics,Indian Institute of Technology Delhi,9951,57,157
Prof                                                                                Narinder Kumar Gupta,10407,Department of Applied Mechanics,Indian Institute of Technology Delhi,4891,40,170
Prof                                                                                Prem Kumar Kalra,70609,Department of Computer Science and Engineering,Indian Institute of Technology Delhi,2892,25,102
Prof                                                                                Pulak Mohan Pandey,70679,Department of Mechanical Engineering,Indian Institute of Technology Delhi,6640,43,185
Prof                                                                                S. N. Naik,16935,Centre for Rural Development and Technology,Indian Institute of Technology Delhi,14374,50,170
Prof                                                                                Ashu Verma,70235,Department of Energy Science and Engineering,Indian Institute of Technology Delhi,2638,30,122
Prof                                                                                Swades Kumar De,70625,Department of Electrical Engineering,Indian Institute of Technology Delhi,3158,27,102
Prof                                                                                Arun Kumar,85807,Department of Civil Engineering,Indian Institute of Technology Delhi,2439,25,155
Prof                                                                                S. K. Saha,16728,Department of Mechanical Engineering,Indian Institute of Technology Delhi,1893,24,56
Prof                                                                                Tapan Kumar Gandhi,70321,Department of Electrical Engineering,Indian Institute of Technology Delhi,6037,28,90
Prof                                                                                I. N. Kar,16676,Department of Electrical Engineering,Indian Institute of Technology Delhi,2947,30,85
Prof                                                                                Sujeet Kumar Sinha,70689,Department of Mechanical Engineering,Indian Institute of Technology Delhi,4085,33,144
Prof                                                                                G Bhuvaneshwari,10552,Department of Electrical Engineering,Indian Institute of Technology Delhi,2253,24,80
Prof                                                                                S.M. Ishtiaque,10635,Department of Textile Technology,Indian Institute of Technology Delhi,1576,18,193
Prof                                                                                Bhuvanesh Gupta,70753,Department of Textile Technology,Indian Institute of Technology Delhi,6965,41,174
Prof                                                                                Tanmoy Chakraborty,302788,Department of Electrical Engineering,Indian Institute of Technology Delhi,2330,25,56
Prof                                                                                Deepak  Kapur,85799,Department of Computer Science and Engineering,Indian Institute of Technology Delhi,3426,31,61
Prof                                                                                Mukesh Khare,10505,Department of Civil Engineering,Indian Institute of Technology Delhi,7300,40,145
Prof                                                                                Ananjan Basu,70509,Centre for Applied Research in Electronics,Indian Institute of Technology Delhi,1175,17,84
Prof                                                                                Abhijit Majumdar,70757,Department of Textile Technology,Indian Institute of Technology Delhi,3877,33,163
Prof                                                                                Arvind Kumar Jain,10502,Department of Civil Engineering,Indian Institute of Technology Delhi,3521,32,134
Dr                                                                                Rangan Banerjee,51998,Department of Energy Science and Engineering,Indian Institute of Technology Delhi,3711,29,94
Prof                                                                                R. Alagirusamy,70763,Department of Textile Technology,Indian Institute of Technology Delhi,2995,29,134
Prof                                                                                Venkata Ramana Gunturi,70585,Department of Civil Engineering,Indian Institute of Technology Delhi,1851,20,118
Prof                                                                                Balaji Srinivasan,70031,Department of Applied Mechanics,Indian Institute of Technology Delhi,1540,18,80
Prof                                                                                S.N. Singh,10418,Department of Applied Mechanics,Indian Institute of Technology Delhi,2082,25,141
Prof                                                                                Sudipto Mukherjee,16724,Department of Mechanical Engineering,Indian Institute of Technology Delhi,764,13,73
Prof                                                                                Santosh Kapuria,53283,Department of Applied Mechanics,Indian Institute of Technology Delhi,3654,33,144
Prof                                                                                Samrat Mukhopadhyay,70193,Department of Textile Technology,Indian Institute of Technology Delhi,2090,23,126
Prof                                                                                Mahesh P. Abegaonkar,70041,Centre for Applied Research in Electronics,Indian Institute of Technology Delhi,1743,23,81
Prof                                                                                Harpal Singh,16839,Centre for Biomedical Engineering,Indian Institute of Technology Delhi,2898,31,152
Prof                                                                                Sivanandam Aravindan,70695,Department of Mechanical Engineering,Indian Institute of Technology Delhi,4206,35,133
Prof                                                                                Sandeep Kumar,202151,Department of Electrical Engineering,Indian Institute of Technology Delhi,686,13,104
Prof                                                                                T.S. Bhatti,16878,Department of Energy Science and Engineering,Indian Institute of Technology Delhi,3256,26,93
Prof                                                                                Amol  Choudhary,99031,Department of Electrical Engineering,Indian Institute of Technology Delhi,1748,25,56
Prof                                                                                Geetam Tiwari,70583,Department of Civil Engineering,Indian Institute of Technology Delhi,3152,29,89
Prof                                                                                Nilanjan Senroy,60787,Department of Electrical Engineering,Indian Institute of Technology Delhi,2671,24,69
Prof                                                                                Samaresh Das,70201,Centre for Applied Research in Electronics,Indian Institute of Technology Delhi,2114,27,106
Prof                                                                                Suresh Bhalla,70581,Department of Civil Engineering,Indian Institute of Technology Delhi,3787,30,77
Prof                                                                                Vinod Kumar,85693,Department of Energy Science and Engineering,Indian Institute of Technology Delhi,5164,40,127
Prof                                                                                Shiv Dutt Joshi,10546,Department of Electrical Engineering,Indian Institute of Technology Delhi,1594,21,83
Prof                                                                                Amit Kumar Jain,70115,Department of Electrical Engineering,Indian Institute of Technology Delhi,1713,21,54
Prof                                                                                Bhabani Kumar Satapathy,70161,Department of Materials Science and Engineering,Indian Institute of Technology Delhi,3214,31,121
Prof                                                                                Prabhu Babu,70207,Centre for Applied Research in Electronics,Indian Institute of Technology Delhi,3825,28,87
Prof                                                                                Ashok Gupta,10500,Department of Civil Engineering,Indian Institute of Technology Delhi,552,11,136
Prof                                                                                Naresh Bhatnagar,16732,Department of Mechanical Engineering,Indian Institute of Technology Delhi,3612,33,119
Prof                                                                                Ranjan Bose,10557,Department of Electrical Engineering,Indian Institute of Technology Delhi,1360,17,64
Prof                                                                                S. Janardhanan,70127,Department of Electrical Engineering,Indian Institute of Technology Delhi,1757,21,44
Prof                                                                                Jayant Jain,70381,Department of Materials Science and Engineering,Indian Institute of Technology Delhi,1608,21,121
Prof                                                                                Arun Kumar,70513,Centre for Applied Research in Electronics,Indian Institute of Technology Delhi,575,12,48
Prof                                                                                Kumar Neeraj Jha,70591,Department of Civil Engineering,Indian Institute of Technology Delhi,3134,26,104
Prof                                                                                Sanjeev Sanghi,10425,Department of Applied Mechanics,Indian Institute of Technology Delhi,493,11,61
Prof                                                                                P.M.V. Subba Rao,16741,Department of Mechanical Engineering,Indian Institute of Technology Delhi,2136,24,88
Prof                                                                                Dipti Ranjan Sahoo,70075,Department of Civil Engineering,Indian Institute of Technology Delhi,1828,25,92
Prof                                                                                Bhupendra Singh Butola,70189,Department of Textile Technology,Indian Institute of Technology Delhi,3312,31,98
Prof                                                                                Virendra Kumar Vijay,70515,Centre for Rural Development and Technology,Indian Institute of Technology Delhi,4750,38,86
Prof                                                                                Kolin Paul,70603,Department of Computer Science and Engineering,Indian Institute of Technology Delhi,1007,19,33
Prof                                                                                V.K. Jain,10549,Department of Electrical Engineering,Indian Institute of Technology Delhi,1078,18,84
Prof                                                                                Ashwini. K. Agrawal,10639,Department of Textile Technology,Indian Institute of Technology Delhi,3016,29,109
Prof                                                                                Shankar Prakriya,11472,Department of Electrical Engineering,Indian Institute of Technology Delhi,979,15,55
Prof                                                                                Anuj Dhawan,70109,Department of Electrical Engineering,Indian Institute of Technology Delhi,2045,25,72
Prof                                                                                Dibakar Rakshit,70237,Department of Energy Science and Engineering,Indian Institute of Technology Delhi,1792,21,89
Prof                                                                                R. Chattopadhyay,10641,Department of Textile Technology,Indian Institute of Technology Delhi,1088,16,102
Prof                                                                                Bhanu Nandan,70185,Department of Textile Technology,Indian Institute of Technology Delhi,2113,27,116
Prof                                                                                Sreedevi Upadhyayula,70533,Department of Chemical Engineering,Indian Institute of Technology Delhi,1586,23,108
Prof                                                                                Badri Prasad Patel,70495,Department of Applied Mechanics,Indian Institute of Technology Delhi,2046,25,105
Prof                                                                                Anupam  Dewan,70491,Department of Applied Mechanics,Indian Institute of Technology Delhi,1872,20,101
Prof                                                                                Abhijit R Abhyankar,60793,Department of Electrical Engineering,Indian Institute of Technology Delhi,1732,20,54
Prof                                                                                Preeti Ranjan Panda,16656,Department of Computer Science and Engineering,Indian Institute of Technology Delhi,1996,21,30
Prof                                                                                Md. S. Wazed Ali,70469,Department of Textile Technology,Indian Institute of Technology Delhi,2110,26,55
Prof                                                                                Rajendar Bahl,85595,Centre for Applied Research in Electronics,Indian Institute of Technology Delhi,547,12,32
Prof                                                                                Prabal Talukdar,70699,Department of Mechanical Engineering,Indian Institute of Technology Delhi,2241,31,100
Prof                                                                                Deepti  Gupta,206476,Department of Textile Technology,Indian Institute of Technology Delhi,2556,26,100
Prof                                                                                Manjeet Jassal,10648,Department of Textile Technology,Indian Institute of Technology Delhi,1923,24,95
Prof                                                                                Ritwick Das,382821,Optics and Photonics Centre,Indian Institute of Technology Delhi,982,18,74
Prof                                                                                Monika Aggarwal,70039,Centre for Applied Research in Electronics,Indian Institute of Technology Delhi,668,13,49
Prof                                                                                Harish Hirani,70707,Department of Mechanical Engineering,Indian Institute of Technology Delhi,2335,31,83
Prof                                                                                Puneet Mahajan,10423,Department of Applied Mechanics,Indian Institute of Technology Delhi,2083,25,88
Prof                                                                                Mallick Rajib  Basu,242568,Department of Civil Engineering,Indian Institute of Technology Delhi,2911,26,77
Prof                                                                                Tanusree Chakraborty,70077,Department of Civil Engineering,Indian Institute of Technology Delhi,1602,24,80
Prof                                                                                R. K. Pandey,70677,Department of Mechanical Engineering,Indian Institute of Technology Delhi,1733,23,93
Prof                                                                                Bishnoi  Shashank,85805,Department of Civil Engineering,Indian Institute of Technology Delhi,2750,21,74
Prof                                                                                Ashok Kumar Srivastava,70505,Department of Biochemical Engineering and Biotechnology,Indian Institute of Technology Delhi,3542,30,92
Prof                                                                                B. Bhattacharjee,10498,Department of Civil Engineering,Indian Institute of Technology Delhi,2344,22,83
Prof                                                                                Josemon Jacob,70657,Department of Materials Science and Engineering,Indian Institute of Technology Delhi,2837,30,104
Prof                                                                                Jayanta Kumar Dutt,70697,Department of Mechanical Engineering,Indian Institute of Technology Delhi,1290,20,60
Prof                                                                                Smruti Ranjan Sarangi,70099,Department of Computer Science and Engineering,Indian Institute of Technology Delhi,2106,17,27
Prof                                                                                Amit Rawal,70191,Department of Textile Technology,Indian Institute of Technology Delhi,1531,23,85
Prof                                                                                Mohammad Ali Haider,70059,Department of Chemical Engineering,Indian Institute of Technology Delhi,2404,27,78
Prof                                                                                Anoop Chawla,16719,Department of Mechanical Engineering,Indian Institute of Technology Delhi,920,12,56
Prof                                                                                Sumedha Chakma,70281,Department of Civil Engineering,Indian Institute of Technology Delhi,469,12,48
Prof                                                                                Anshul  Kumar,16659,Department of Computer Science and Engineering,Indian Institute of Technology Delhi,770,14,21
Prof                                                                                Jagdish Telangrao Shahu,70575,Department of Civil Engineering,Indian Institute of Technology Delhi,1209,19,72
Prof                                                                                Manna   Bappaditya,85809,Department of Civil Engineering,Indian Institute of Technology Delhi,396,10,53
Prof                                                                                Suhail Ahmad,10427,Department of Applied Mechanics,Indian Institute of Technology Delhi,1416,20,54
Prof                                                                                Dipayan Das,70761,Department of Textile Technology,Indian Institute of Technology Delhi,1444,19,82
Prof                                                                                Satinder Paul Singh,16730,Department of Mechanical Engineering,Indian Institute of Technology Delhi,1996,21,69
Prof                                                                                Amit Kumar,70601,Department of Computer Science and Engineering,Indian Institute of Technology Delhi,2532,31,16
Prof                                                                                Gufran Sayeed  Khan,85823,"Centre for Sensors, Instrumentation and Cyber Physical System Engineering",Indian Institute of Technology Delhi,313,10,36
Prof                                                                                Abhisek Dixit,70121,Department of Electrical Engineering,Indian Institute of Technology Delhi,1482,18,42
Dr                                                                                Mashuq -Un-Nabi,70123,Department of Electrical Engineering,Indian Institute of Technology Delhi,794,15,41
Prof                                                                                Anup Singh,70225,Centre for Biomedical Engineering,Indian Institute of Technology Delhi,3096,28,86
Prof                                                                                Manan Suri,70311,Department of Electrical Engineering,Indian Institute of Technology Delhi,1252,14,35
Prof                                                                                Veena Koul,16842,Centre for Biomedical Engineering,Indian Institute of Technology Delhi,2931,34,87
Prof                                                                                Mausam .,70103,Department of Computer Science and Engineering,Indian Institute of Technology Delhi,5157,31,9
Prof                                                                                N M Anoop  Krishnan,70287,Department of Civil Engineering,Indian Institute of Technology Delhi,1590,25,90
Prof                                                                                R.K. Soni,10621,Department of Physics,Indian Institute of Technology Delhi,1062,17,83
Prof                                                                                K. A. Subramanian,70049,Department of Energy Science and Engineering,Indian Institute of Technology Delhi,3566,34,64
Prof                                                                                Neetu Singh,70227,Centre for Biomedical Engineering,Indian Institute of Technology Delhi,2867,27,80
Prof                                                                                Javed Nabibaksha Sheikh,70471,Department of Textile Technology,Indian Institute of Technology Delhi,1183,20,80
Prof                                                                                Arnab  Banerjee,100514,Department of Civil Engineering,Indian Institute of Technology Delhi,914,15,78
Prof                                                                                Rajiv K. Srivastava,70187,Department of Textile Technology,Indian Institute of Technology Delhi,1497,21,84
Prof                                                                                Sourabh Ghosh,70759,Department of Textile Technology,Indian Institute of Technology Delhi,3854,30,71
Prof                                                                                Umesh V. Vazirani,90559,Department of Computer Science and Engineering,Indian Institute of Technology Delhi,6746,39,37
Prof                                                                                Pradeep R Bijwe,10545,Department of Electrical Engineering,Indian Institute of Technology Delhi,2075,25,71
Prof                                                                                Sandeep Sen,70611,Department of Computer Science and Engineering,Indian Institute of Technology Delhi,1495,21,33
Prof                                                                                Shubhendu Bhasin,85781,Department of Electrical Engineering,Indian Institute of Technology Delhi,1519,18,36
Prof                                                                                Deepak Joshi,70231,Centre for Biomedical Engineering,Indian Institute of Technology Delhi,786,16,65
Prof                                                                                V. K. Agarwal,70641,Centre for Automotive Research and Tribology,Indian Institute of Technology Delhi,1216,18,72
Prof                                                                                R.S. Rengasamy,10650,Department of Textile Technology,Indian Institute of Technology Delhi,1299,18,79
Prof                                                                                Anandarup Das,70315,Department of Electrical Engineering,Indian Institute of Technology Delhi,1009,15,37
Prof                                                                                Naresh Tandon,70643,Centre for Automotive Research and Tribology,Indian Institute of Technology Delhi,3585,25,71
Prof                                                                                Arvind Kumar Nema,70571,Department of Civil Engineering,Indian Institute of Technology Delhi,2551,22,69
Prof                                                                                Vamsi K. Komarala,85683,Centre for Energy Studies,Indian Institute of Technology Delhi,1659,23,68
Prof                                                                                Ritu Gupta,404702,Department of Chemistry,Indian Institute of Technology Delhi,1856,23,76
Prof                                                                                Srikanta Bedathur Jagannath,70089,Department of Computer Science and Engineering,Indian Institute of Technology Delhi,996,16,7
Prof                                                                                Nitya Nand Gosvami,70387,Department of Materials Science and Engineering,Indian Institute of Technology Delhi,1822,21,73
Prof                                                                                Kushal Sen,10638,Department of Textile Technology,Indian Institute of Technology Delhi,1445,19,75
Prof                                                                                Jun Bae Seo,70319,Department of Electrical Engineering,Indian Institute of Technology Delhi,717,12,44
Prof                                                                                Abhishek Dixit,70323,Department of Electrical Engineering,Indian Institute of Technology Delhi,708,14,34
Prof                                                                                Vijaykumar Narayandas Baheti,121565,Department of Textile Technology,Indian Institute of Technology Delhi,1359,22,63
Prof                                                                                Chetan Arora,70095,Department of Computer Science and Engineering,Indian Institute of Technology Delhi,972,15,16
Prof                                                                                Dinesh Kalyanasundaram,70221,Centre for Biomedical Engineering,Indian Institute of Technology Delhi,839,17,63
Prof                                                                                Ashish Kamalakar Darpe,70681,Department of Mechanical Engineering,Indian Institute of Technology Delhi,2170,25,59
Prof                                                                                G.B. Reddy,10616,Department of Physics,Indian Institute of Technology Delhi,1223,20,55
Prof                                                                                Aparna  Mehra,61042,Department of Mathematics,Indian Institute of Technology Delhi,927,17,69
Prof                                                                                Manoj Datta,10485,Department of Civil Engineering,Indian Institute of Technology Delhi,675,14,42
Prof                                                                                Saif Khan Mohammed,70117,Department of Electrical Engineering,Indian Institute of Technology Delhi,1799,20,32
Prof                                                                                Sudarsan Ghosh,70703,Department of Mechanical Engineering,Indian Institute of Technology Delhi,2175,25,58
Prof                                                                                Amit Gupta,70171,Department of Mechanical Engineering,Indian Institute of Technology Delhi,1383,19,52
Prof                                                                                Subhashis Banerjee,16647,Department of Computer Science and Engineering,Indian Institute of Technology Delhi,817,16,25
Prof                                                                                Subodh Kumar,70607,Department of Computer Science and Engineering,Indian Institute of Technology Delhi,978,18,43
Prof                                                                                Sunil Jha,70701,Department of Mechanical Engineering,Indian Institute of Technology Delhi,1848,24,54
Prof                                                                                Sampa Saha,70385,Department of Materials Science and Engineering,Indian Institute of Technology Delhi,745,16,44
Prof                                                                                P. V. Madhusudhan Rao,16739,Department of Applied Mechanics,Indian Institute of Technology Delhi,1367,22,48
Prof                                                                                Shouribrata Chatterjee,70125,Department of Electrical Engineering,Indian Institute of Technology Delhi,959,13,27
Prof                                                                                Naveen Garg,49215,Department of Computer Science and Engineering,Indian Institute of Technology Delhi,2751,26,18
Prof                                                                                Dhanya C. T.,70079,Department of Civil Engineering,Indian Institute of Technology Delhi,966,17,48
Prof                                                                                Pushparaj Singh,70203,Centre for Applied Research in Electronics,Indian Institute of Technology Delhi,376,11,37
Prof                                                                                Supreet Singh Bahga,70421,Department of Mechanical Engineering,Indian Institute of Technology Delhi,803,15,54
Prof                                                                                Vivek V. Buwa,70529,Department of Chemical Engineering,Indian Institute of Technology Delhi,1853,22,58
Prof                                                                                Kaushik  Mukherjee,99027,Department of Mechanical Engineering,Indian Institute of Technology Delhi,640,16,36
Prof                                                                                A.K. Gosain,10490,Department of Civil Engineering,Indian Institute of Technology Delhi,2742,25,51
Prof                                                                                Sanjeev Jain,11496,Department of Mechanical Engineering,Indian Institute of Technology Delhi,1730,25,47
Prof                                                                                Aaditeshwar Seth,70091,Department of Computer Science and Engineering,Indian Institute of Technology Delhi,768,13,9
Prof                                                                                Mukul Sarkar,70111,Department of Electrical Engineering,Indian Institute of Technology Delhi,574,13,33
Dr                                                                                Hariprasad Kodamana,70265,Department of Chemical Engineering,Indian Institute of Technology Delhi,601,14,49
Prof                                                                                Sayan Ranu,70293,Department of Computer Science and Engineering,Indian Institute of Technology Delhi,1075,17,15
Prof                                                                                Lakshmi Narayan   Ramasubramanian,99025,Department of Materials Science and Engineering,Indian Institute of Technology Delhi,1297,21,67
Prof                                                                                R. Uma,70051,,Indian Institute of Technology Delhi,345,10,58
Prof                                                                                Sumantra Dutta Roy,70629,Department of Electrical Engineering,Indian Institute of Technology Delhi,764,13,21
Prof                                                                                Trilok Singh,388393,Department of Energy Science and Engineering,Indian Institute of Technology Delhi,1795,20,51
Dr                                                                                Pradipta Mukherjee,508557,Centre for Biomedical Engineering,Indian Institute of Technology Delhi,157,7,26
Prof                                                                                Arnob  Ghosh,99028,Department of Mechanical Engineering,Indian Institute of Technology Delhi,586,11,25
Prof                                                                                Dibyajyoti Ghosh,230328,Department of Materials Science and Engineering,Indian Institute of Technology Delhi,1701,22,65
Prof                                                                                Parag Singla,70101,Department of Computer Science and Engineering,Indian Institute of Technology Delhi,1521,17,8
Prof                                                                                Ankur Gupta,70205,Centre for Applied Research in Electronics,Indian Institute of Technology Delhi,880,16,40
Prof                                                                                Bhagu Ram Chahar,70579,Department of Civil Engineering,Indian Institute of Technology Delhi,1347,21,50
Prof                                                                                Sovik Das,274554,Department of Civil Engineering,Indian Institute of Technology Delhi,1275,23,38
Prof                                                                                Amitabha Bagchi,70105,Department of Computer Science and Engineering,Indian Institute of Technology Delhi,609,12,16
Prof                                                                                Harshan Jagadeesh,70331,Department of Electrical Engineering,Indian Institute of Technology Delhi,419,9,26
Prof                                                                                Huzur Saran,70613,Department of Computer Science and Engineering,Indian Institute of Technology Delhi,984,17,13
Prof                                                                                Jolly Xavier,221855,"Centre for Sensors, Instrumentation and Cyber Physical System Engineering",Indian Institute of Technology Delhi,478,12,22
Prof                                                                                Saroj Kaushik,16658,Department of Computer Science and Engineering,Indian Institute of Technology Delhi,330,9,14
Prof                                                                                Amit Mehndiratta,70229,Centre for Biomedical Engineering,Indian Institute of Technology Delhi,1704,15,53
Prof                                                                                Bipin Kumar,70473,,Indian Institute of Technology Delhi,574,15,47
Prof                                                                                Ayan Bhowmik,224175,Department of Materials Science and Engineering,Indian Institute of Technology Delhi,991,19,50
Prof                                                                                B. Premachandran,70173,Department of Mechanical Engineering,Indian Institute of Technology Delhi,846,15,59
Prof                                                                                Dhiman  Mallick,85757,Department of Electrical Engineering,Indian Institute of Technology Delhi,461,11,31
Prof                                                                                Vivek Venkataraman,70333,Department of Electrical Engineering,Indian Institute of Technology Delhi,1661,19,30
Prof                                                                                Satish Kumar Dubey,70365,"Centre for Sensors, Instrumentation and Cyber Physical System Engineering",Indian Institute of Technology Delhi,381,10,30
Prof                                                                                A.K. Swamy,85811,Department of Civil Engineering,Indian Institute of Technology Delhi,466,12,46
Prof                                                                                Ramkrishan Maheshwari,70313,Department of Electrical Engineering,Indian Institute of Technology Delhi,969,14,18
Prof                                                                                Arpan Gupta,397751,Department of Mechanical Engineering,Indian Institute of Technology Delhi,393,10,34
Prof                                                                                Shalini Gupta,70057,Department of Chemical Engineering,Indian Institute of Technology Delhi,1414,17,48
Prof                                                                                Gazala Habib,70083,Department of Civil Engineering,Indian Institute of Technology Delhi,2652,20,53
Prof                                                                                Anil Kumar Saroha,70523,Department of Chemical Engineering,Indian Institute of Technology Delhi,2548,22,42
Prof                                                                                Subodh Vasant Modak,70693,Department of Mechanical Engineering,Indian Institute of Technology Delhi,740,15,36
Prof                                                                                Maloy Kumar Singha,70487,Department of Applied Mechanics,Indian Institute of Technology Delhi,1327,21,43
Prof                                                                                Sajesh P. Thomas,229436,Department of Chemistry,Indian Institute of Technology Delhi,2786,23,51
Prof                                                                                Sudipan Saha,345394,Yardi school of artificial intelligence,Indian Institute of Technology Delhi,699,11,26
Prof                                                                                Sri Harsha Kota,70289,Department of Civil Engineering,Indian Institute of Technology Delhi,2076,22,42
Prof                                                                                Shahab Fatima,70367,Centre for Automotive Research and Tribology,Indian Institute of Technology Delhi,594,11,31
Prof                                                                                Priyanka Kaushal,89777,Centre for Rural Development and Technology,Indian Institute of Technology Delhi,1286,19,39
Prof                                                                                Shib Shankar Banerjee,204095,Department of Materials Science and Engineering,Indian Institute of Technology Delhi,695,15,46
Prof                                                                                Venkata Vivek Kumar Koppula,214118,Department of Computer Science and Engineering,Indian Institute of Technology Delhi,431,12,2
Prof                                                                                S.C. Rao Sekhara,10576,Department of Mathematics,Indian Institute of Technology Delhi,425,13,42
Prof                                                                                Mayank Kumar,70429,Department of Mechanical Engineering,Indian Institute of Technology Delhi,2642,14,38
Prof                                                                                Sharad K. Gupta,16722,Department of Chemical Engineering,Indian Institute of Technology Delhi,1011,19,48
Prof                                                                                Sandeep Kumar Pathak,70239,Department of Energy Science and Engineering,Indian Institute of Technology Delhi,10420,30,49
Prof                                                                                Maya Ramanath,70291,Department of Computer Science and Engineering,Indian Institute of Technology Delhi,1036,15,6
Prof                                                                                Anupam Shukla,70535,Department of Chemical Engineering,Indian Institute of Technology Delhi,908,20,52
Prof                                                                                D. Ravi Kumar,16737,Department of Mechanical Engineering,Indian Institute of Technology Delhi,781,15,33
Prof                                                                                Madhusudan Singh,70119,Department of Electrical Engineering,Indian Institute of Technology Delhi,2456,15,24
Prof                                                                                M. R. Ravi,16726,Department of Mechanical Engineering,Indian Institute of Technology Delhi,1113,18,30
Prof                                                                                Manojkumar Charandas Ramteke,70061,Department of Chemical Engineering,Indian Institute of Technology Delhi,555,13,40
Prof                                                                                Deo Raj Kaushal,70577,Department of Civil Engineering,Indian Institute of Technology Delhi,962,15,47
Prof                                                                                Ankur Goswami,87701,Department of Materials Science and Engineering,Indian Institute of Technology Delhi,1387,17,41
Prof                                                                                Rajesh Khanna,10463,Department of Chemical Engineering,Indian Institute of Technology Delhi,1968,20,41
Prof                                                                                Ashish Ganguli,85697,Department of Energy Science and Engineering,Indian Institute of Technology Delhi,409,13,46
Prof                                                                                Sudipta Raha  Roy,85817,Department of Chemistry,Indian Institute of Technology Delhi,1819,20,46
Prof                                                                                Rahul Narain,70297,Department of Computer Science and Engineering,Indian Institute of Technology Delhi,1957,24,22
Prof                                                                                R. Ayothiraman,70085,Department of Civil Engineering,Indian Institute of Technology Delhi,527,13,32
Prof                                                                                Jyoti Kumar,70299,Department of Design,Indian Institute of Technology Delhi,267,7,11
Prof                                                                                Sumit Kumar Pramanick,70337,Department of Electrical Engineering,Indian Institute of Technology Delhi,447,13,17
Prof                                                                                Deepak Kumar,70369,Centre for Automotive Research and Tribology,Indian Institute of Technology Delhi,347,13,36
Prof                                                                                K. Chandrashekhar Iyer,70595,Department of Civil Engineering,Indian Institute of Technology Delhi,2084,18,39
Prof                                                                                Rajesh Prasad,10430,Department of Applied Mechanics,Indian Institute of Technology Delhi,312,9,36
Prof                                                                                Sandeep Kumar Jha,70223,Centre for Biomedical Engineering,Indian Institute of Technology Delhi,1389,21,39
Dr                                                                                Jitendra Prasad Khatait,70425,Department of Mechanical Engineering,Indian Institute of Technology Delhi,91,5,21
Prof                                                                                Naresh Varma Datla,70427,Department of Mechanical Engineering,Indian Institute of Technology Delhi,563,14,34
Dr                                                                                Sourav Mandal,85695,Department of Energy Science and Engineering,Indian Institute of Technology Delhi,236,10,36
Prof                                                                                Santanu  Manna,290249,Department of Electrical Engineering,Indian Institute of Technology Delhi,1093,16,40
Dr                                                                                Siddhartha Paul Tiwari,429548,Department of Management Studies,Indian Institute of Technology Delhi,3,1,26
Prof                                                                                Supravat Karak,70241,Department of Energy Science and Engineering,Indian Institute of Technology Delhi,765,13,39
Prof                                                                                Abhijnan  Chakraborty,213450,Department of Computer Science and Engineering,Indian Institute of Technology Delhi,740,13,9
Prof                                                                                Anoop Lal Vyas,61667,"Centre for Sensors, Instrumentation and Cyber Physical System Engineering",Indian Institute of Technology Delhi,496,11,13
Prof                                                                                Sumit Kumar Chattopadhyay,70247,Department of Energy Science and Engineering,Indian Institute of Technology Delhi,428,10,11
Prof                                                                                Nomesh Bhojkumar Bolia,70169,Department of Mechanical Engineering,Indian Institute of Technology Delhi,476,15,38
Prof                                                                                Leena Nebhani,70383,Department of Materials Science and Engineering,Indian Institute of Technology Delhi,799,15,41
Prof                                                                                Rakesh Khosa,10514,Department of Civil Engineering,Indian Institute of Technology Delhi,1066,17,37
Prof                                                                                Munawar A.  Shaik,70063,Department of Chemical Engineering,Indian Institute of Technology Delhi,890,14,32
Prof                                                                                Gourab  Ghatak,253453,Department of Electrical Engineering,Indian Institute of Technology Delhi,195,8,22
Prof                                                                                S. R. Kale,16711,Department of Mechanical Engineering,Indian Institute of Technology Delhi,730,13,32
Prof                                                                                Sitikantha Roy,69949,Department of Applied Mechanics,Indian Institute of Technology Delhi,273,9,30
Prof                                                                                Kaushik Saha,70249,Department of Energy Science and Engineering,Indian Institute of Technology Delhi,463,11,16
Prof                                                                                Soumya Shubhra Nag,85753,Department of Electrical Engineering,Indian Institute of Technology Delhi,385,8,8
Prof                                                                                Arghya Samanta,85841,Department of Applied Mechanics,Indian Institute of Technology Delhi,471,13,40
Dr                                                                                Tuhin Suvra,69977,Department of Chemical Engineering,Indian Institute of Technology Delhi,803,18,37
Prof                                                                                Seshan Srirangarajan,70317,Department of Electrical Engineering,Indian Institute of Technology Delhi,505,10,17
Prof                                                                                Pradyumna  S,85833,Department of Applied Mechanics,Indian Institute of Technology Delhi,1047,17,38
Prof                                                                                Abhishek Sarkar,534036,Department of Materials Science and Engineering,Indian Institute of Technology Delhi,3968,25,39
Prof                                                                                Vipin Kumar,150876,Department of Energy Science and Engineering,Indian Institute of Technology Delhi,1765,23,30
Prof                                                                                Sreyam  Sinha,253471,Department of Electrical Engineering,Indian Institute of Technology Delhi,610,16,4
Prof                                                                                Anjan Ray,16740,Department of Mechanical Engineering,Indian Institute of Technology Delhi,1243,20,23
Prof                                                                                Vangla  Prashanth,85813,Department of Civil Engineering,Indian Institute of Technology Delhi,458,9,30
Prof                                                                                Snehasish Panigrahy,292325,Department of Energy Science and Engineering,Indian Institute of Technology Delhi,529,14,31
Prof                                                                                Sumeet Agarwal,70307,Department of Electrical Engineering,Indian Institute of Technology Delhi,585,12,12
Prof                                                                                Jasleen Lugani,205281,"Centre for Sensors, Instrumentation and Cyber Physical System Engineering",Indian Institute of Technology Delhi,220,8,16
Prof                                                                                Sandeep Kumar Gupta,467066,Department of Chemistry,Indian Institute of Technology Delhi,1189,16,38
Prof                                                                                S. N. Maheshwari,16660,Department of Computer Science and Engineering,Indian Institute of Technology Delhi,788,12,14
Prof                                                                                Suresh Neelakantan,70389,Department of Materials Science and Engineering,Indian Institute of Technology Delhi,452,10,32
Prof                                                                                Arnab  Chanda,99009,Centre for Biomedical Engineering,Indian Institute of Technology Delhi,338,11,28
Prof                                                                                Sachin Kumar B,205294,Centre for Biomedical Engineering,Indian Institute of Technology Delhi,1093,16,29
Prof                                                                                J. Uma Maheswari,70081,Department of Civil Engineering,Indian Institute of Technology Delhi,298,7,10
Prof                                                                                Jyoti Phirani,70259,Department of Chemical Engineering,Indian Institute of Technology Delhi,369,11,22
Prof                                                                                Arpan Chattopadhyay,85763,Department of Electrical Engineering,Indian Institute of Technology Delhi,211,7,15
Prof                                                                                Rohan Paul,121453,Department of Computer Science and Engineering,Indian Institute of Technology Delhi,761,12,6
Prof                                                                                D. T. Shahani,16899,"Centre for Sensors, Instrumentation and Cyber Physical System Engineering",Indian Institute of Technology Delhi,836,13,14
Prof                                                                                Ravi Kumar K,70245,Department of Energy Science and Engineering,Indian Institute of Technology Delhi,926,12,20
Prof                                                                                Bhaskar Mitra,70309,Department of Electrical Engineering,Indian Institute of Technology Delhi,306,9,10
Prof                                                                                Devendra Kumar Dubey,70423,Department of Mechanical Engineering,Indian Institute of Technology Delhi,329,9,24
Prof                                                                                Varun Ramamohan,70435,Department of Mechanical Engineering,Indian Institute of Technology Delhi,82,5,18
Prof                                                                                K Ramachandra Rao,70573,Department of Civil Engineering,Indian Institute of Technology Delhi,428,10,25
Prof                                                                                Abhishek  Das,242553,Department of Mechanical Engineering,Indian Institute of Technology Delhi,452,14,25
Dr                                                                                Neel Kanth Kundu,495841,Centre for Applied Research in Electronics,Indian Institute of Technology Delhi,179,8,20
Prof                                                                                Ajeet Kumar,69951,Department of Applied Mechanics,Indian Institute of Technology Delhi,385,11,34
Prof                                                                                Sorav Bansal,70093,Department of Computer Science and Engineering,Indian Institute of Technology Delhi,709,14,5
Prof                                                                                Manoj M,70283,Department of Civil Engineering,Indian Institute of Technology Delhi,316,10,29
Prof                                                                                Jayanta Bhattacharyya,70233,Centre for Biomedical Engineering,Indian Institute of Technology Delhi,840,14,29
Prof                                                                                Lalan Kumar,70327,Department of Electrical Engineering,Indian Institute of Technology Delhi,246,8,19
Prof                                                                                Paresh P.  Chokshi,85819,Department of Chemical Engineering,Indian Institute of Technology Delhi,323,10,32
Prof                                                                                Sawan Suman Sinha,70029,Department of Applied Mechanics,Indian Institute of Technology Delhi,188,8,27
Prof                                                                                Supratic Gupta,70279,Department of Civil Engineering,Indian Institute of Technology Delhi,90,6,15
Prof                                                                                Debanjan Bhowmik,70329,Department of Electrical Engineering,Indian Institute of Technology Delhi,978,9,20
Prof                                                                                Shaunak Sen,70113,Department of Electrical Engineering,Indian Institute of Technology Delhi,176,6,15
Prof                                                                                Srinivasan Venkataraman,70303,Department of Design,Indian Institute of Technology Delhi,335,9,8
Prof                                                                                Sahil  Bansal,100523,Department of Civil Engineering,Indian Institute of Technology Delhi,229,6,22
Prof                                                                                Rakesh Kumar Palani,148026,Department of Electrical Engineering,Indian Institute of Technology Delhi,151,7,5
Prof                                                                                Keerti Choudhary,214005,Department of Computer Science and Engineering,Indian Institute of Technology Delhi,183,7,6
Prof                                                                                Satyananda Kar,70243,Department of Energy Science and Engineering,Indian Institute of Technology Delhi,95,5,22
Prof                                                                                Deepak Umakant Patil,70325,Department of Electrical Engineering,Indian Institute of Technology Delhi,147,7,10
Prof                                                                                Subodh  Sharma,85803,Department of Computer Science and Engineering,Indian Institute of Technology Delhi,247,9,1
Prof                                                                                Sagar Sarkar,229544,Department of Mechanical Engineering,Indian Institute of Technology Delhi,558,11,20
Prof                                                                                Sumit Sinha Ray,253452,Department of Textile Technology,Indian Institute of Technology Delhi,770,16,25
Prof                                                                                Ankesh Jain,85863,Department of Electrical Engineering,Indian Institute of Technology Delhi,155,7,10
Prof                                                                                Vijayaraghavan M. Chariar,70519,Centre for Rural Development and Technology,Indian Institute of Technology Delhi,448,7,17
Prof                                                                                Gaurav Goel,85821,Department of Chemical Engineering,Indian Institute of Technology Delhi,553,12,26
Prof                                                                                S. K.  Sinha,502310,Department of Civil Engineering,Indian Institute of Technology Delhi,80,5,15
Prof                                                                                G.S. Benipal,10509,Department of Civil Engineering,Indian Institute of Technology Delhi,126,7,23
Prof                                                                                Ragesh Jaiswal,70097,Department of Computer Science and Engineering,Indian Institute of Technology Delhi,410,12,6
Prof                                                                                Vikram Singh,70263,Department of Chemical Engineering,Indian Institute of Technology Delhi,86,6,26
Prof                                                                                Sangeeta Santra,150882,Department of Materials Science and Engineering,Indian Institute of Technology Delhi,161,9,27
Dr                                                                                M N Sai Chand Chakka,277914,Transportation research and injury prevention - centre,Indian Institute of Technology Delhi,380,8,19
Prof                                                                                Ratan Mohan,10461,Department of Chemical Engineering,Indian Institute of Technology Delhi,250,8,23
Prof                                                                                Subhra Datta,70419,Department of Mechanical Engineering,Indian Institute of Technology Delhi,316,11,17
Prof                                                                                Suryanarayana Vikrant Karra,262233,Department of Materials Science and Engineering,Indian Institute of Technology Delhi,486,10,23
Prof                                                                                Md Rushdie Ibne Islam,524602,Department of Applied Mechanics,Indian Institute of Technology Delhi,278,9,19
Prof                                                                                Bahni Ray,70433,Department of Mechanical Engineering,Indian Institute of Technology Delhi,563,10,21
Prof                                                                                Kirti Dhwaj,150764,Centre for Applied Research in Electronics,Indian Institute of Technology Delhi,226,8,8
Prof                                                                                Prateek Gupta,277974,Department of Applied Mechanics,Indian Institute of Technology Delhi,83,5,12
Prof                                                                                Aarat Pratyaksh Kalra,434721,Centre for Biomedical Engineering,Indian Institute of Technology Delhi,285,9,18
Dr                                                                                Richa Bharadwaj,69961,Centre for Applied Research in Electronics,Indian Institute of Technology Delhi,186,7,8
Prof                                                                                Husain Kanchwala,230342,Centre for Automotive Research and Tribology,Indian Institute of Technology Delhi,123,6,15
Dr                                                                                Richa Sharma,69967,Centre for Biomedical Engineering,Indian Institute of Technology Delhi,195,8,20
Prof                                                                                Sushma Santapuri,70197,Department of Applied Mechanics,Indian Institute of Technology Delhi,119,6,17
Prof                                                                                Alok Madan,70587,Department of Civil Engineering,Indian Institute of Technology Delhi,378,8,14
Prof                                                                                Saikat Sarkar,388402,Department of Civil Engineering,Indian Institute of Technology Delhi,108,6,19
Prof                                                                                Rabindra Mohanty,388564,Department of Energy Science and Engineering,Indian Institute of Technology Delhi,441,8,12
Prof                                                                                Sangeeta Kohli,16736,Department of Mechanical Engineering,Indian Institute of Technology Delhi,1177,12,14
Prof                                                                                Debabrata Dasgupta,70431,Department of Mechanical Engineering,Indian Institute of Technology Delhi,271,10,22
Prof                                                                                Nirat Ray,87683,Department of Materials Science and Engineering,Indian Institute of Technology Delhi,519,7,17
Prof                                                                                Rahul  Goyal,100061,Department of Energy Science and Engineering,Indian Institute of Technology Delhi,439,11,10
Prof                                                                                Vireshwar Kumar,161035,Department of Computer Science and Engineering,Indian Institute of Technology Delhi,352,9,6
Prof                                                                                Divya Nayar,202123,Department of Materials Science and Engineering,Indian Institute of Technology Delhi,444,11,19
Prof                                                                                Saptarshi  Basak,213953,Centre for Automotive Research and Tribology,Indian Institute of Technology Delhi,213,8,6
Prof                                                                                Manish  Kumar,253470,"Centre for Sensors, Instrumentation and Cyber Physical System Engineering",Indian Institute of Technology Delhi,357,11,17
Dr                                                                                Deepty Jain,265363,TRIP Centre-Transportation Research and Injury Prevention Programme,Indian Institute of Technology Delhi,191,6,17
Prof                                                                                 Deepak K  Agrawal,274700,Centre for Biomedical Engineering,Indian Institute of Technology Delhi,331,9,16
Prof                                                                                Vigyanshu Mishra,439874,Centre for Applied Research in Electronics,Indian Institute of Technology Delhi,77,5,7
Prof                                                                                Saurabh Saxena,482211,Centre for Automotive Research and Tribology,Indian Institute of Technology Delhi,817,13,19
Prof                                                                                Pavan Prakash Duvvuri,508458,Department of Mechanical Engineering,Indian Institute of Technology Delhi,92,5,10
Dr                                                                                Shriram Hegde,85831,Department of Applied Mechanics,Indian Institute of Technology Delhi,86,5,8
Prof                                                                                Vamsi K. Chalamalla,89739,Department of Applied Mechanics,Indian Institute of Technology Delhi,129,7,19
Prof                                                                                Rahul Mishra,204159,Centre for Applied Research in Electronics,Indian Institute of Technology Delhi,958,12,20
Prof                                                                                Rohit Vaish,244928,Department of Computer Science and Engineering,Indian Institute of Technology Delhi,268,8,N/A
Dr                                                                                Pushpendra Kumar Shukla,517509,,Indian Institute of Technology Delhi,1,1,8
Prof                                                                                S. Arun Kumar,11138,Department of Computer Science and Engineering,Indian Institute of Technology Delhi,118,6,N/A
Prof                                                                                Manabendra Saharia,122432,Department of Civil Engineering,Indian Institute of Technology Delhi,495,8,16
Prof                                                                                Mustafijur  Rahman,204321,Department of Electrical Engineering,Indian Institute of Technology Delhi,182,9,4
Prof                                                                                Awanish Pandey,464429,Optics and Photonics Centre,Indian Institute of Technology Delhi,47,4,9
Prof                                                                                Krishna B  Balasubramanian,213958,Department of Materials Science and Engineering,Indian Institute of Technology Delhi,111,5,14
Prof                                                                                Naveen Kumar Singh,347351,Centre for Biomedical Engineering,Indian Institute of Technology Delhi,383,12,17
Prof                                                                                Nezamuddin N,70285,Department of Civil Engineering,Indian Institute of Technology Delhi,76,5,14
Prof                                                                                Ashish  Chiplunkar,100568,Department of Computer Science and Engineering,Indian Institute of Technology Delhi,117,6,N/A
Prof                                                                                Soutik Betal,204319,Department of Electrical Engineering,Indian Institute of Technology Delhi,144,6,15
Prof                                                                                Anurag Goyal,229546,Department of Mechanical Engineering,Indian Institute of Technology Delhi,361,10,15
Prof                                                                                Saurabh Mani Tripathi,347338,Optics and Photonics Centre,Indian Institute of Technology Delhi,281,3,11
Prof                                                                                Arya V,70277,Department of Civil Engineering,Indian Institute of Technology Delhi,381,8,10
Dr                                                                                Ajay Guleria,70779,Computer Services Centre,Indian Institute of Technology Delhi,89,5,9
Prof                                                                                Kaustubh Beedkar,382835,Department of Computer Science and Engineering,Indian Institute of Technology Delhi,42,4,2
Prof                                                                                Aakash Arora,508610,Centre for Applied Research in Electronics,Indian Institute of Technology Delhi,149,6,7
Dr                                                                                Meenakshi .,69965,Centre for Biomedical Engineering,Indian Institute of Technology Delhi,361,9,11
Dr                                                                                Deepak Kumar,69975,Department of Chemical Engineering,Indian Institute of Technology Delhi,291,9,12
Prof                                                                                Shaurya Shriyam,150744,Department of Mechanical Engineering,Indian Institute of Technology Delhi,115,7,5
Prof                                                                                Prapanch  Nair,214172,Department of Applied Mechanics,Indian Institute of Technology Delhi,98,7,14
Prof                                                                                Deepanshu Shirole,229560,Department of Civil Engineering,Indian Institute of Technology Delhi,162,8,8
Prof                                                                                Lokesh Kumar Kalahasthi,380151,TRIP Centre-Transportation Research and Injury Prevention Programme,Indian Institute of Technology Delhi,135,6,14
Dr                                                                                Rimika Kapoor,69973,Centre for Rural Development and Technology,Indian Institute of Technology Delhi,1177,11,9
Prof                                                                                Manjesh  Kumar,100509,Department of Chemical Engineering,Indian Institute of Technology Delhi,590,10,10
Prof                                                                                Biswarup Mukherjee,150809,Centre for Biomedical Engineering,Indian Institute of Technology Delhi,42,4,5
Prof                                                                                Abhilash Jindal,213460,Department of Computer Science and Engineering,Indian Institute of Technology Delhi,522,9,1
Prof                                                                                Rousan Debbarma,449655,Department of Chemical Engineering,Indian Institute of Technology Delhi,295,9,12
Prof                                                                                Ritwik Bandyopadhyay,495881,Department of Applied Mechanics,Indian Institute of Technology Delhi,244,9,15
Prof                                                                                Debaprasad Sahu,85691,Department of Energy Science and Engineering,Indian Institute of Technology Delhi,62,5,13
Prof                                                                                Nikhil Balaji,213457,Department of Computer Science and Engineering,Indian Institute of Technology Delhi,35,4,2
Prof                                                                                Rajdip Nayek,244952,Department of Applied Mechanics,Indian Institute of Technology Delhi,120,6,10
Prof                                                                                Srinivas Mogili,490591,Department of Civil Engineering,Indian Institute of Technology Delhi,N/A,N/A,11
Prof                                                                                Lucinda Elizabeth  Doyle,100051,Department of Biochemical Engineering and Biotechnology,Indian Institute of Technology Delhi,286,6,7
Dr                                                                                Ashish  Kumar,193940,Department of Computer Science and Engineering,Indian Institute of Technology Delhi,40,3,6
Dr                                                                                JAYRAJ SINGH,238344,Department of Civil Engineering,Indian Institute of Technology Delhi,96,5,7
Prof                                                                                Pramod Ratnakar  Khadilkar,275994,Department of Design,Indian Institute of Technology Delhi,92,4,6
Prof                                                                                Nikhil Walani,349369,Department of Applied Mechanics,Indian Institute of Technology Delhi,N/A,N/A,12
Dr                                                                                Tejinder Kaur,69969,Centre for Biomedical Engineering,Indian Institute of Technology Delhi,200,8,12
Prof                                                                                Jay Dhariwal,90065,Department of Design,Indian Institute of Technology Delhi,62,4,6
Prof                                                                                Soham Sundar  Chakraborty,100564,Department of Computer Science and Engineering,Indian Institute of Technology Delhi,167,7,4
Prof                                                                                Rathin  Biswas,288440,School of Public Policy,Indian Institute of Technology Delhi,34,3,6
Prof                                                                                Pratik Das,516473,Department of Mechanical Engineering,Indian Institute of Technology Delhi,177,7,11
Ms                                                                                P. Jain,16850,Computer Services Centre,Indian Institute of Technology Delhi,185,6,7
Prof                                                                                Krishna Kant Agrawal,70439,Department of Mechanical Engineering,Indian Institute of Technology Delhi,138,4,6
Prof                                                                                Charu Monga,204206,Department of Design,Indian Institute of Technology Delhi,91,3,3
Prof                                                                                Subhendu Dutta,204316,Department of Energy Science and Engineering,Indian Institute of Technology Delhi,130,5,4
Mr                                                                                Subhadip Chakraborty,384873,Electrical Engineering,Indian Institute of Technology Delhi,N/A,N/A,3
Dr                                                                                Saumava Dey,414381,Department of Civil Engineering,Indian Institute of Technology Delhi,46,3,7
Prof                                                                                S.M.K. Rahman,16845,Centre for Biomedical Engineering,Indian Institute of Technology Delhi,134,4,7
Prof                                                                                Prithviraj Mukhopadyay,152987,Department of Mechanical Engineering,Indian Institute of Technology Delhi,199,6,9
Prof                                                                                Narsing Kumar Jha,205948,Department of Applied Mechanics,Indian Institute of Technology Delhi,149,6,9
Prof                                                                                Pramesh Kumar,427567,Department of Civil Engineering,Indian Institute of Technology Delhi,93,6,9
Prof                                                                                Ann Francis,490496,Department of Civil Engineering,Indian Institute of Technology Delhi,48,2,6
Prof                                                                                M K S  VERMA,100505,Department of Chemical Engineering,Indian Institute of Technology Delhi,303,7,9
Prof                                                                                Murali Raman Cholemari,69953,Department of Applied Mechanics,Indian Institute of Technology Delhi,111,5,8
Prof                                                                                Rajendra Kumar,508470,Department of Computer Science and Engineering,Indian Institute of Technology Delhi,10,2,N/A
Prof                                                                                Arjun Sharma,69955,Department of Applied Mechanics,Indian Institute of Technology Delhi,110,4,2
Prof                                                                                Aneesha Sharma,229444,Department of Design,Indian Institute of Technology Delhi,1,1,N/A
Prof                                                                                Vaishnavi Sundararajan,379712,Department of Computer Science and Engineering,Indian Institute of Technology Delhi,11,2,2
Prof                                                                                Priyanka Golia,508467,Department of Computer Science and Engineering,Indian Institute of Technology Delhi,52,4,N/A
Prof                                                                                Sumer Singh,70301,Department of Design,Indian Institute of Technology Delhi,19,2,3
Prof                                                                                Kusum Meena,152983,Department of Mechanical Engineering,Indian Institute of Technology Delhi,99,3,4
Prof                                                                                Prashant Palkar,344324,Department of Mechanical Engineering,Indian Institute of Technology Delhi,17,2,2
Dr                                                                                Ritu Das,69971,Centre for Biomedical Engineering,Indian Institute of Technology Delhi,98,4,5
Prof                                                                                Vivek G Nair,213445,Department of Management Studies,Indian Institute of Technology Delhi,22,3,3
Prof                                                                                Ritabrata Thakur,465137,Department of Applied Mechanics,Indian Institute of Technology Delhi,20,2,4
Prof                                                                                Krishna Raj  Ramachandran Potti,214006,Centre for Automotive Research and Tribology,Indian Institute of Technology Delhi,34,2,N/A
Mr.                                                                                Ram Lal,16857,Computer Services Centre,Indian Institute of Technology Delhi,23,1,1
Prof                                                                                Vikram  Kumar,85605,Centre for Applied Research in Electronics,Indian Institute of Technology Delhi,1,1,1
Prof                                                                                Rohit Chandra,229411,School of Public Policy,Indian Institute of Technology Delhi,68,2,1
Dr                                                                                M. Mallikharjuna Rao,69957,Computer Services Centre,Indian Institute of Technology Delhi,14,2,1
Mr.                                                                                N C Kalra,16847,Computer Services Centre,Indian Institute of Technology Delhi,10,1,1
Prof                                                                                Rama Krishna K,70437,Department of Mechanical Engineering,Indian Institute of Technology Delhi,4,1,1
Prof                                                                                Pravanjan Kumar Baboo,151839,Computer Services Centre,Indian Institute of Technology Delhi,1,1,1
Ms                                                                                Savita Goel,16851,Computer Services Centre,Indian Institute of Technology Delhi,N/A,N/A,N/A
Mr                                                                                Sunil Kak,16853,Computer Services Centre,Indian Institute of Technology Delhi,N/A,N/A,N/A
Mr                                                                                R. Bhatt,16854,Computer Services Centre,Indian Institute of Technology Delhi,N/A,N/A,N/A
Mr.                                                                                Gopal Krishan,16855,Computer Services Centre,Indian Institute of Technology Delhi,N/A,N/A,N/A
Mr                                                                                Raj Kumar Chauhan,16856,Computer Services Centre,Indian Institute of Technology Delhi,N/A,N/A,N/A
Dr                                                                                Khushboo Rakha,69959,Department of Applied Mechanics,Indian Institute of Technology Delhi,N/A,N/A,N/A
Dr                                                                                Ms. Anushree,69979,Department of Chemical Engineering,Indian Institute of Technology Delhi,N/A,N/A,N/A
Dr                                                                                Jisha Babu,69981,Department of Chemical Engineering,Indian Institute of Technology Delhi,N/A,N/A,N/A
Dr                                                                                Ms. Srishti Joshi,69983,Department of Chemical Engineering,Indian Institute of Technology Delhi,N/A,N/A,N/A
Dr                                                                                Ashish Singh Chauhan,69985,Department of Chemical Engineering,Indian Institute of Technology Delhi,N/A,N/A,N/A
Dr                                                                                S Yadav,69987,Department of Chemical Engineering,Indian Institute of Technology Delhi,N/A,N/A,N/A
Dr                                                                                Dau Tapas Kumar Dora,69989,Department of Chemical Engineering,Indian Institute of Technology Delhi,N/A,N/A,N/A
Dr                                                                                Somesh Mishra,69991,Department of Chemical Engineering,Indian Institute of Technology Delhi,N/A,N/A,N/A
Dr                                                                                Ms. Vibha Sinha,69993,Department of Civil Engineering,Indian Institute of Technology Delhi,N/A,N/A,N/A
Dr                                                                                Yayati Gupta,69995,Department of Computer Science and Engineering,Indian Institute of Technology Delhi,N/A,N/A,N/A
Dr                                                                                Taranjit Kaur,69997,Department of Electrical Engineering,Indian Institute of Technology Delhi,N/A,N/A,N/A
Dr                                                                                Gaurav Pandey,69999,Department of Electrical Engineering,Indian Institute of Technology Delhi,N/A,N/A,N/A
Dr                                                                                Manoj Kumar,70001,Department of Electrical Engineering,Indian Institute of Technology Delhi,N/A,N/A,N/A
Dr                                                                                Subhankar Chatterjee,70003,Department of Electrical Engineering,Indian Institute of Technology Delhi,N/A,N/A,N/A
Dr                                                                                        Asit Kumar Parida,70007,Department of Mechanical Engineering,Indian Institute of Technology Delhi,N/A,N/A,N/A
Dr                                                                                Apurba Mandal,70009,Department of Mechanical Engineering,Indian Institute of Technology Delhi,N/A,N/A,N/A
Dr                                                                                Akansha Bansal,70011,Nano Scale Research Facility,Indian Institute of Technology Delhi,N/A,N/A,N/A
Dr                                                                                Snehasis Bhakta,70013,Nano Scale Research Facility,Indian Institute of Technology Delhi,N/A,N/A,N/A
Dr                                                                                Anjali Chauhan,70025,School of Information Technology,Indian Institute of Technology Delhi,N/A,N/A,N/A
Dr                                                                                Krithika Rangarajan,70027,School of Information Technology,Indian Institute of Technology Delhi,N/A,N/A,N/A
Mr                                                                                Pardeep Kumar Gupta,70765,Computer Services Centre,Indian Institute of Technology Delhi,N/A,N/A,N/A
Mr                                                                                K. Narayanan,70769,Computer Services Centre,Indian Institute of Technology Delhi,N/A,N/A,N/A
Mrs                                                                                Jaya .,70771,Computer Services Centre,Indian Institute of Technology Delhi,N/A,N/A,N/A
Mr                                                                                Gaurav M,70775,Computer Services Centre,Indian Institute of Technology Delhi,N/A,N/A,N/A
Mr                                                                                Pravanjan Kumar Baboo,70777,Computer Services Centre,Indian Institute of Technology Delhi,N/A,N/A,N/A
Prof                                                                                P K Gupta,150974,Computer Services Centre,Indian Institute of Technology Delhi,N/A,N/A,N/A
Prof                                                                                Somnath Ghosh,204109,Department of Chemical Engineering,Indian Institute of Technology Delhi,N/A,N/A,N/A
Ms                                                                                Jaya .,214204,Computer Services Centre,Indian Institute of Technology Delhi,N/A,N/A,N/A
Prof                                                                                Kumar Madhukar,242563,Department of Computer Science and Engineering,Indian Institute of Technology Delhi,N/A,N/A,N/A
Prof                                                                                Saurabh Rajendra Gandhi,253468,Department of Electrical Engineering,Indian Institute of Technology Delhi,N/A,N/A,N/A
Prof                                                                                Akhil  Garg,274691,Centre for Automotive Research and Tribology,Indian Institute of Technology Delhi,N/A,N/A,N/A
Prof                                                                                Rajan Prasad,277907,Department of Mechanical Engineering,Indian Institute of Technology Delhi,N/A,N/A,N/A
Prof                                                                                Suresh Jain,277962,Transportation research and injury prevention - centre,Indian Institute of Technology Delhi,N/A,N/A,N/A
Prof                                                                                Deepak Jain,344735,Optics and Photonics Centre,Indian Institute of Technology Delhi,N/A,N/A,N/A
Prof                                                                                Shahzad Gani,349373,Centre for Atmospheric Sciences,Indian Institute of Technology Delhi,N/A,N/A,N/A
Prof                                                                                Ankit Singhal,366662,Department of Electrical Engineering,Indian Institute of Technology Delhi,N/A,N/A,N/A
Prof                                                                                Priya Vashisth,397765,Centre for Biomedical Engineering,Indian Institute of Technology Delhi,N/A,N/A,N/A
Prof                                                                                Sougata Mukherjea,398218,Department of Electrical Engineering,Indian Institute of Technology Delhi,N/A,N/A,N/A
Prof                                                                                Girish Agrawal,404694,TRIP Centre-Transportation Research and Injury Prevention Programme,Indian Institute of Technology Delhi,N/A,N/A,N/A
Prof                                                                                Minakshi Kumari,404739,Department of Mechanical Engineering,Indian Institute of Technology Delhi,N/A,N/A,N/A
Prof                                                                                Amber Srivastava,412292,Department of Mechanical Engineering,Indian Institute of Technology Delhi,N/A,N/A,N/A
Prof                                                                                Tarun Mangla,434786,Department of Computer Science and Engineering,Indian Institute of Technology Delhi,N/A,N/A,N/A
Prof                                                                                Priyank Srivastava,439809,Department of Electrical Engineering,Indian Institute of Technology Delhi,N/A,N/A,N/A
Prof                                                                                Yashasvi Bansal,439818,Department of Electrical Engineering,Indian Institute of Technology Delhi,N/A,N/A,N/A
Prof                                                                                Sankalp Nambiar,464741,Department of Chemical Engineering,Indian Institute of Technology Delhi,N/A,N/A,N/A
Prof                                                                                Keshav Bharadwaj Ravi,467050,Department of Civil Engineering,Indian Institute of Technology Delhi,N/A,N/A,N/A
Prof                                                                                Sahil Garg,467054,Department of Civil Engineering,Indian Institute of Technology Delhi,N/A,N/A,N/A
Prof                                                                                Svetha Venkatachari,482960,Department of Civil Engineering,Indian Institute of Technology Delhi,N/A,N/A,N/A
Prof                                                                                Krishna Murari,490603,Optics and Photonics Centre,Indian Institute of Technology Delhi,N/A,N/A,N/A
Prof                                                                                Gunda Naga Sri Harsha,490614,Department of Materials Science and Engineering,Indian Institute of Technology Delhi,N/A,N/A,N/A
Prof                                                                                Mandeep Singh Rana,533996,Centre for Automotive Research and Tribology,Indian Institute of Technology Delhi,N/A,N/A,N/A
