Name,Vidwan ID,Department,College,Total Citations,H Index,Journal Articles
Prof                                                                                 Yathirajan Hemmige S,23426,Department of Chemistry,Mysore University,4133,26,711
Prof                                                                                 Kanchugarakoppal S Rangappa,21580,Department of Chemistry,Mysore University,9204,49,446
Prof                                                                                 Neratur Krishnappagowda Lokanath,60486,Department of Physics,Mysore University,2575,25,315
Prof                                                                                 K.  Byrappa,22369,Department of Earth Science,Mysore University,6207,35,220
Dr                                                                                 K.  Basavaiah,23427,Department of Chemistry,Mysore University,2190,20,263
Prof                                                                                 R.  Somashekar,23420,Department of Physics,Mysore University,2072,23,175
Prof                                                                                 D. S.  Guru,129334,Department of Computer Science,Mysore University,1670,21,35
Prof                                                                                 P. Nagabhushan,34285,Department of Computer Science,Mysore University,1425,19,52
Dr                                                                                 S. Vijay,34739,Department of English,Mysore University,1931,20,61
Prof                                                                                 K. M. Lokanatha Rai,22074,Department of Chemistry,Mysore University,1873,22,116
Prof                                                                                 N. B.  Ramachandra,23650,Department of Zoology,Mysore University,970,16,102
Prof                                                                                 K.  Kemparaju,129350,Department of Biochemistry,Mysore University,4067,36,90
Prof                                                                                 N. S. Harinarayana,31708,Department of Library and Information Science,Mysore University,117,4,54
Prof                                                                                 Mewa Singh,34609,Department of Psychology,Mysore University,1275,20,90
Prof                                                                                 K. N.  Mohana,129325,Department of Chemistry,Mysore University,1226,18,105
Dr                                                                                 Basappa,129397,Department of Organic Chemistry,Mysore University,3150,36,96
Prof                                                                                 Jamuna  Prakash,32805,Department of Food Science and Nutrition,Mysore University,2420,25,96
Prof                                                                                 Siddapura Ramachandrappa Niranjana,43779,Department of Biotechnology,Mysore University,2542,30,89
Prof                                                                                 A. P.  Gnana Prakash,129337,Department of Physics,Mysore University,767,15,57
Prof                                                                                 B. S. Vishwanath,22077,Department of Biochemistry,Mysore University,2920,30,81
Prof                                                                                 S. Shashikanth,21477,Department of Chemistry,Mysore University,967,18,76
Prof                                                                                 V. Ravishankar Rai,129391,Department of Microbiology,Mysore University,1130,17,69
Dr                                                                                 Kempegowda Mantelingu,129352,Department of Chemistry,Mysore University,1598,20,79
Dr                                                                                 M.  Mahendra,129365,Department of Physics,Mysore University,389,10,68
Prof                                                                                 S.  Umesha,129414,Department of Biotechnology,Mysore University,1302,21,61
Prof.                                                                                 S. L. Belagali,34294,Department of Environmental Science,Mysore University,299,10,58
Prof                                                                                 K. Ramachandra Kini,129355,Department of Biotechnology,Mysore University,1160,18,60
Prof                                                                                 Bharathi P. Salimath,21230,Department of Biotechnology,Mysore University,1576,23,58
Prof.                                                                                 D. Revanasiddaiah,22905,Department of Chemistry,Mysore University,261,10,47
Prof                                                                                 Gopala K Marathe,129336,Department of Biochemistry,Mysore University,2666,30,48
Dr                                                                                 K. N.  Amruthesh,129320,Department of Botany,Mysore University,1116,21,51
Prof                                                                                 Chandrashekar Adiga,22614,Department of Mathematics,Mysore University,405,10,54
Prof                                                                                 T. K.  Umesh,22904,Department of Physics,Mysore University,531,11,54
Dr                                                                                 M. P.  Sadashiva,129379,Department of Chemistry,Mysore University,655,14,53
Prof                                                                                 M. Y.  Sreenivasa,129411,Department of Microbiology,Mysore University,509,15,42
Prof                                                                                 G. R.  Janardhana,21261,Department of Botany,Mysore University,570,12,40
Dr                                                                                 H. B.  Ravikumar,129343,Department of Physics,Mysore University,537,12,35
Prof                                                                                 H. N. Yajurvedi,23735,Department of Zoology,Mysore University,313,10,46
Prof                                                                                 G. S.  Gopalakrishna,129339,Department of Earth Science,Mysore University,317,11,46
Prof                                                                                 B. Basavalingu,22374,Department of Earth Science,Mysore University,611,13,37
Prof                                                                                 V. A.  Vijayan,23734,Department of Zoology,Mysore University,414,11,42
Prof                                                                                 Nagaraja Naik,129327,Department of Chemistry,Mysore University,376,9,40
Prof                                                                                 Prakash Padakannaya,29486,Department of Psychology,Mysore University,432,12,29
Prof                                                                                 M.  Chandrashekara,88823,Department of Library and Information Science,Mysore University,12,2,37
Dr                                                                                 B. S.  Priya,129390,Department of Chemistry,Mysore University,597,12,31
Dr                                                                                 N.  Geetha,129335,Department of Biotechnology,Mysore University,739,14,29
Prof                                                                                 Nandappa Soner,22852,Department of Mathematics,Mysore University,75,6,29
Dr                                                                                 S.  Lokesha,129308,Department of Biotechnology,Mysore University,162,7,30
Prof                                                                                 G. Nagendrappa,22075,Department of Chemistry,Mysore University,250,8,29
Prof.                                                                                 Suresha,22377,Department of Computer Science,Mysore University,120,5,3
Dr                                                                                 S.  Krishnaveni,129408,Department of Physics,Mysore University,482,8,23
Prof                                                                                 L.  Paramesh,22907,Department of Physics,Mysore University,313,9,23
Prof                                                                                 K. R.  Vasuki,129419,Department of Mathematics,Mysore University,88,5,28
Prof                                                                                 Khyrunnisa Begum,34571,Department of Food Science and Nutrition,Mysore University,303,9,26
Dr                                                                                 M. S.  Krishna,129328,Department of Zoology,Mysore University,220,9,24
Prof                                                                                 Y. B. Basavaraju,34714,Department of Chemistry,Mysore University,92,6,22
Prof.                                                                                 H. S.  Nagendraswamy,129429,Department of Computer Science,Mysore University,230,7,8
Prof.                                                                                 M. S.  Sudarshana,129433,Department of Botany,Mysore University,324,6,24
Prof                                                                                 N.  Lakshmi Devi,129358,Department of Microbiology,Mysore University,210,6,19
Prof                                                                                 K. S. Mallesh,23013,Department of Physics,Mysore University,290,7,21
Prof                                                                                 S. S.  Malini,129413,Department of Zoology,Mysore University,123,7,22
Dr                                                                                 M. S.  Nalini,129386,Department of Botany,Mysore University,264,7,20
Prof                                                                                 R.  Rangarajan,129392,Department of Mathematics,Mysore University,33,3,20
Prof                                                                                 H. S.  Aparna,129344,Department of Biotechnology,Mysore University,232,10,20
Prof                                                                                 K. G.  Ashamanjari,129361,Department of Earth Science,Mysore University,125,9,19
Prof                                                                                 G.  Subramanya,34721,Department of Sericulture Science,Mysore University,81,5,18
Prof                                                                                 S.  Sathish,129399,Department of Microbiology,Mysore University,178,9,17
Prof                                                                                 Shobha Jagannath,129405,Department of Botany,Mysore University,67,5,18
Prof                                                                                 A. G.  Deviprasad,129294,Department of Environmental Science,Mysore University,127,7,16
Prof                                                                                 B. V.  Shyamala,129407,Department of Zoology,Mysore University,163,6,16
Prof                                                                                 S.  Ravi,43363,Department of Statistics,Mysore University,76,3,16
Dr                                                                                 B. V.  Suresh Kumar,129310,Department of Earth Science,Mysore University,95,3,15
Dr                                                                                 B.  Sharada,129403,Department of Computer Science,Mysore University,11,2,8
Prof                                                                                 Rajkumar H.  Garampalli,129318,Department of Botany,Mysore University,41,4,13
Prof                                                                                 S.  Leelavathi,129409,Department of Botany,Mysore University,32,4,14
Prof                                                                                 Sadanand Mallapda Yamakanamardi,23608,Department of Zoology,Mysore University,64,4,12
Prof                                                                                 Hosahatty Thimmappa Basavarajappa,22289,Department of Earth Science,Mysore University,119,4,12
Dr                                                                                 P. Nagaraj,34283,Department of Chemistry,Mysore University,130,7,11
Prof                                                                                 M. R.  Gangadhar,43187,Department of Anthropology,Mysore University,34,4,12
Prof                                                                                 M.  Bhagya,129371,Department of Zoology,Mysore University,25,3,12
Prof                                                                                 A. Balasubramanian,22370,Department of Earth Science,Mysore University,151,5,10
Prof                                                                                 Sampath Kumar,98278,Department of Psychology,Mysore University,81,6,10
Prof                                                                                 K. N.  Prakashnarasimha,129389,Department of Earth Science,Mysore University,41,4,9
Prof                                                                                 Shubha Gopal,129401,Department of Microbiology,Mysore University,133,6,10
Prof                                                                                 M.  Shankara,22376,Department of Earth Science,Mysore University,136,5,9
Prof                                                                                 G. V.  Venkataramana,129421,Department of Environmental Science,Mysore University,78,4,9
Prof                                                                                 S. Govindaiah,22373,Department of Earth Science,Mysore University,272,6,8
Prof                                                                                 M. S.  Sethumadhav,129400,Department of Earth Science,Mysore University,126,5,8
Prof                                                                                 Shivabasavaiah,23733,Department of Zoology,Mysore University,14,2,8
Dr                                                                                 J.  Hanumanthappa,24156,Department of Computer Science,Mysore University,5,2,3
Prof                                                                                 Mallinath Kumbar,34593,Department of Library and Information Science,Mysore University,9,1,7
Prof                                                                                 Muzaffar Hussein Assadi,28347,Department of Political Science,Mysore University,31,3,1
Prof                                                                                 M. S.  Sharada,129381,Department of Botany,Mysore University,89,5,7
Prof                                                                                 K. Kiran Kumar  Salagame,34724,Department of Psychology,Mysore University,63,3,6
Prof                                                                                 B. N.  Shivalingappa,129307,Department of Geography,Mysore University,1,1,6
Prof                                                                                 H. N. Ramaswamy,22851,Department of Mathematics,Mysore University,38,2,5
Prof                                                                                 B. S.  Biradar,129306,Department of Statistics,Mysore University,3,1,5
Dr                                                                                 Veena Mathad,129420,Department of Mathematics,Mysore University,28,3,5
Prof                                                                                 Martha Karuna Kumar,22059,Department of Biochemistry,Mysore University,53,2,3
Prof                                                                                 Shalini R. Urs,25510,Department of Library and Information Science,Mysore University,9,2,4
