Name,Vidwan ID,Department,College,Total Citations,H Index,Journal Articles
Dr                                                                                Parvej Ahmad Alvi,293132,Department of Physical Sciences,Banasthali Vidyapith,2195,27,145
Prof                                                                                Ajay Singh Verma,220957,Department of Physical Sciences,Banasthali Vidyapith,2260,25,153
Prof                                                                                Jaya Dwivedi,61162,Department of Chemistry,Banasthali Vidyapith,2212,26,114
Prof                                                                                Sarvesh Paliwal,61129,Department of Pharmacy,Banasthali Vidyapith,1518,21,127
Dr                                                                                Swapnil Sharma,293081,Department of Pharmacy,Banasthali Vidyapith,1232,18,102
Dr                                                                                Nisheeth Joshi,336586,Department of Computer Science,Banasthali Vidyapith,575,12,32
Dr                                                                                Chandra Mohan Singh Negi,320038,Department of Physical Sciences,Banasthali Vidyapith,197,8,31
Prof                                                                                Seema Verma,131342,Department of Physical Sciences,Banasthali Vidyapith,593,14,47
Dr                                                                                Saral Kumar Gupta,293257,Department of Physical Sciences,Banasthali Vidyapith,738,15,72
Prof                                                                                Dharma Kishore,336826,Department of Chemistry,Banasthali Vidyapith,1177,17,66
Dr                                                                                Saral Gupta,319920,Department of Physical Sciences,Banasthali Vidyapith,697,15,65
Dr                                                                                Afroz Alam,336476,Department of Bioscience and Biotechnology,Banasthali Vidyapith,726,14,53
Prof                                                                                Dipjyoti Chakraborty,336475,Department of Bioscience and Biotechnology,Banasthali Vidyapith,903,11,58
Dr                                                                                Akhilesh Kumar Singh,292916,Department of Physical Sciences,Banasthali Vidyapith,1110,19,55
Mr                                                                                Ashok Kumar Yadav,336751,Department of Chemical Engineering,Banasthali Vidyapith,955,16,54
Dr                                                                                Chandra Mohan Singh Negi,336647,Department of Physical Sciences,Banasthali Vidyapith,377,12,41
Prof                                                                                Sarla Pareek,42017,Department of Mathematics and Statistics,Banasthali Vidyapith,912,16,48
Dr                                                                                Ved Prakash Verma,336524,Department of Chemistry,Banasthali Vidyapith,671,16,48
Prof                                                                                Suman Pant,60470,Department of Home Science,Banasthali Vidyapith,249,6,56
Prof                                                                                Saurabh Mukherjee,336743,Department of Computer Science,Banasthali Vidyapith,448,12,23
Prof                                                                                Chandra Kumar Jha,336486,Department of Computer Science,Banasthali Vidyapith,302,9,7
Dr                                                                                Banwari Lal Choudhary,336568,Department of Physical Sciences,Banasthali Vidyapith,455,13,36
Dr                                                                                Sudesh Kumar,163879,Department of Chemistry,Banasthali Vidyapith,899,13,38
Prof                                                                                Ritu Vijay,336545,Department of Physical Sciences,Banasthali Vidyapith,263,10,27
Dr                                                                                Suphiya Khan,336890,Department of Bioscience and Biotechnology,Banasthali Vidyapith,721,15,35
Dr                                                                                Iti Mathur,336589,Department of Computer Science,Banasthali Vidyapith,335,10,10
Dr                                                                                Arindam Kuila,336481,Department of Bioscience and Biotechnology,Banasthali Vidyapith,640,13,23
Dr                                                                                Sachdev Yadav,336496,Department of Pharmacy,Banasthali Vidyapith,428,11,36
Dr                                                                                Vivek Prakash,304738,Department of Automation,Banasthali Vidyapith,119,6,14
Dr                                                                                Vishant Gahlaut,336605,Department of Physical Sciences,Banasthali Vidyapith,128,5,25
Prof                                                                                Nilima Kumari,336692,Department of Bioscience and Biotechnology,Banasthali Vidyapith,746,10,35
Dr                                                                                Pracheta,336512,Department of Bioscience and Biotechnology,Banasthali Vidyapith,585,16,32
Dr                                                                                Vimlesh Tanwar,338716,Department of Commerce and Management,Banasthali Vidyapith,N/A,N/A,29
Dr                                                                                Anshuman Shastri,216851,School of Automation,Banasthali Vidyapith,186,6,13
Dr                                                                                Rajiv Singh,313254,Department of Computer Science,Banasthali Vidyapith,682,12,12
Dr                                                                                Nirmala Kumari Jangid,336490,Department of Chemistry,Banasthali Vidyapith,616,8,8
Dr                                                                                Sonika Jain,336541,Department of Chemistry,Banasthali Vidyapith,287,8,22
Dr                                                                                Rajani Chauhan,336707,Department of Pharmacy,Banasthali Vidyapith,303,10,24
Dr                                                                                Rekha Sharma,336813,Department of Chemistry,Banasthali Vidyapith,262,7,10
Dr                                                                                Manisha  Jailia,226451,Computer Science,Banasthali Vidyapith,41,2,12
Dr                                                                                Surabhi Bajpai,336561,Department of Bioscience and Biotechnology,Banasthali Vidyapith,601,13,21
Dr                                                                                Pragya Katyayan,336727,,Banasthali Vidyapith,19,3,6
Dr                                                                                Ankit Nayak,219081,School of Automation,Banasthali Vidyapith,165,6,11
Dr                                                                                Ankur Joshi,336853,Department of Commerce and Management,Banasthali Vidyapith,11,2,3
Dr                                                                                Neeraj Kumar Bhoi,336487,Department of Automation,Banasthali Vidyapith,429,9,14
Dr                                                                                Anoop Kumar,336489,Department of Computer Science,Banasthali Vidyapith,104,6,11
Dr                                                                                Khushboo Golha,336559,Department of Physical Sciences,Banasthali Vidyapith,298,11,23
Dr                                                                                Abhishek Singh,336666,Department of Mathematics and Statistics,Banasthali Vidyapith,122,6,26
Dr                                                                                Manisha Agarwal,305731,Department of Computer Science,Banasthali Vidyapith,77,5,5
Dr                                                                                Dipanwita Thakur,331198,Department of Computer Science,Banasthali Vidyapith,57,4,18
Dr                                                                                Sanjay Kumar Sharma,336566,Department of Computer Science,Banasthali Vidyapith,68,5,12
Mr                                                                                Ashutosh Dadhich,336579,Department of Nursing,Banasthali Vidyapith,101,6,25
Dr                                                                                Manisha Jailia,226459,Department of Computer Science,Banasthali Vidyapith,44,3,10
Dr                                                                                Yogesh Gupta,314763,Department of Computer Science,Banasthali Vidyapith,71,5,11
Dr                                                                                Sumitra Nain,336494,Department of Pharmacy,Banasthali Vidyapith,31,3,16
Dr                                                                                Swati Nigam,336515,Department of Computer Science,Banasthali Vidyapith,402,10,6
Dr                                                                                Narendra Kumar Sharma,336478,Department of Bioscience and Biotechnology,Banasthali Vidyapith,363,11,18
Dr                                                                                Mangilal Choudhary,205321,Physics,Banasthali Vidyapith,71,6,19
Dr                                                                                Manu Sharma,336844,Department of Pharmacy,Banasthali Vidyapith,398,10,19
Dr                                                                                Pawan Kumar Pathak,305623,Department of Automation,Banasthali Vidyapith,442,13,10
Mrs                                                                                Sakshi Chaturvedi,317489,Department of Nursing,Banasthali Vidyapith,1,1,15
Dr                                                                                Sharad Vats,336553,Department of Bioscience and Biotechnology,Banasthali Vidyapith,414,10,18
Dr                                                                                Kanika Verma,336626,Department of Pharmacy,Banasthali Vidyapith,271,9,11
Dr                                                                                Shuvabrata Band Opadhaya,336688,Department of Physical Sciences,Banasthali Vidyapith,56,4,7
Dr                                                                                Rajabrata Bhuyan,336530,Department of Bioscience and Biotechnology,Banasthali Vidyapith,134,8,20
Dr                                                                                Divya Yadav,336609,Department of Pharmacy,Banasthali Vidyapith,183,8,16
Prof                                                                                Harsh Purohit,293160,Department of Commerce and Management,Banasthali Vidyapith,54,4,14
Dr                                                                                Vimal K. Tiwari,336538,Department of Physical Sciences,Banasthali Vidyapith,456,11,19
Dr                                                                                Pankaj Kumar Jain,336535,Department of Pharmacy,Banasthali Vidyapith,124,6,10
Dr                                                                                Dharampal Singh,336542,Department of Earth Sciences,Banasthali Vidyapith,1091,16,17
Dr                                                                                Balgopal Singh,315853,Department of Commerce and Management,Banasthali Vidyapith,30,3,10
Dr                                                                                Ankit Nayak,336485,Department of Automation,Banasthali Vidyapith,161,6,7
Dr                                                                                Meenakshi Gupta,336507,Department of Design,Banasthali Vidyapith,57,5,18
Dr                                                                                Aakansha Aakansha,336520,Department of Physical Sciences,Banasthali Vidyapith,206,8,18
Dr                                                                                Neelam Sharma,336533,Department of Computer Science,Banasthali Vidyapith,81,5,10
Dr                                                                                Sudesh,336614,Department of Physical Sciences,Banasthali Vidyapith,317,7,10
Dr                                                                                Isha Sangal,336622,Department of Mathematics and Statistics,Banasthali Vidyapith,57,5,14
Dr                                                                                Chakrapani Chaturvedi,322015,Department of Nursing,Banasthali Vidyapith,1,1,11
Dr                                                                                Vaibhav Vyas,336491,Department of Computer Science,Banasthali Vidyapith,47,4,6
Dr                                                                                Ashutosh Kumar Pandey,242284,Department of Earth Sciences,Banasthali Vidyapith,116,5,16
Dr                                                                                Ashok Kumar,336483,Department of Computer Science,Banasthali Vidyapith,57,3,5
Dr                                                                                Mouni Roy,336516,Department of Chemistry,Banasthali Vidyapith,453,12,13
Prof                                                                                Monika Jain,336598,Department of Home Science,Banasthali Vidyapith,73,5,15
Dr                                                                                Supratim Mitra,336627,Department of Physical Sciences,Banasthali Vidyapith,135,7,12
Dr                                                                                Kanak Moharir,336777,Department of Earth Sciences,Banasthali Vidyapith,323,12,16
Dr                                                                                Jayant Kishor Purohit,336849,Department of Commerce and Management,Banasthali Vidyapith,144,4,7
Dr                                                                                Sarika Gupta,336885,Department of Bioscience and Biotechnology,Banasthali Vidyapith,39,4,12
Dr                                                                                Supriyo Basak,336482,Department of Bioscience and Biotechnology,Banasthali Vidyapith,232,7,12
Dr                                                                                Bhawana Sati,336547,Department of Pharmacy,Banasthali Vidyapith,110,5,13
Dr                                                                                Aditi Upadhyaya,336619,Department of Physical Sciences,Banasthali Vidyapith,164,7,8
Prof                                                                                Sheel Sharma,336660,Department of Home Science,Banasthali Vidyapith,212,6,9
Dr                                                                                Shruti Shastri,336790,Department of Economics,Banasthali Vidyapith,87,5,15
Dr                                                                                Ajay Yadav,336836,Department of Computer Science,Banasthali Vidyapith,223,6,9
Dr                                                                                Ashutosh Pareek,289600,Department of Pharmacy,Banasthali Vidyapith,175,7,10
Dr                                                                                Ronak Jain,336504,Department of Earth Sciences,Banasthali Vidyapith,25,3,11
Dr                                                                                Rahul Kumar Vijay,336539,Department of Computer Science,Banasthali Vidyapith,59,5,6
Dr                                                                                Sandhya Gupta,336596,Department of Psychology,Banasthali Vidyapith,1,1,10
Dr                                                                                Manish Kumar Srivastava,336599,Department of Physical Sciences,Banasthali Vidyapith,90,5,12
Dr                                                                                Jyoti Mathur,336633,Department of Bioscience and Biotechnology,Banasthali Vidyapith,101,5,11
Dr                                                                                Gaurav Sharma,336500,Department of Computer Science,Banasthali Vidyapith,25,3,5
