Name,Vidwan ID,Department,College,Total Citations,H Index,Journal Articles
Dr                                                                                Shankar P Das,56634,School of Physical Sciences,Jawaharlal Nehru University,5859,38,307
Dr                                                                                Kedar Singh,56942,School of Physical Sciences,Jawaharlal Nehru University,3568,28,253
Dr                                                                                Deo Shankar  Navin,48719,Centre of Indian Languages,Jawaharlal Nehru University,139,2,202
Dr                                                                                Al Ramanathan,60557,School of Environmental Sciences,Jawaharlal Nehru University,6502,45,193
Dr                                                                                Pratima  Solanki,166210,Special Centre for Nanoscience,Jawaharlal Nehru University,6975,45,192
Dr                                                                                Indu Shekhar Thakur,40328,School of Environmental Sciences,Jawaharlal Nehru University,5834,43,178
Dr                                                                                Rakesh Bhatnagar,53180,School of Biotechnology,Jawaharlal Nehru University,3592,31,208
Prof                                                                                Alok Bhattacharya,44025,School of Life Sciences,Jawaharlal Nehru University,4406,32,183
Dr                                                                                Sanjay Puri,42822,School of Physical Sciences,Jawaharlal Nehru University,5048,35,198
Prof                                                                                Ram Ramaswamy,48105,School of Physical Sciences,Jawaharlal Nehru University,4570,34,178
Dr                                                                                Ashwani Pareek,55479,School of Life Sciences,Jawaharlal Nehru University,4927,38,130
Dr                                                                                Pawan Kumar Joshi,54137,School of Environmental Sciences,Jawaharlal Nehru University,4541,37,160
Dr                                                                                D K Lobiyal,40303,School of Computer and Systems Sciences,Jawaharlal Nehru University,1409,19,91
Prof                                                                                Ankit Chaudhary,139833,School of Engineering,Jawaharlal Nehru University,1066,15,51
Prof                                                                                Sudha Bhattacharya,40324,School of Environmental Sciences,Jawaharlal Nehru University,3738,29,149
Dr                                                                                Dinesh Mohan,49715,School of Environmental Sciences,Jawaharlal Nehru University,28201,65,127
Dr                                                                                Shailja Singh,166208,Special Centre for Molecular Medicine,Jawaharlal Nehru University,1769,20,139
Prof                                                                                Pawan Kumar Kulriya,49906,,Jawaharlal Nehru University,1672,23,151
Dr                                                                                Himadri B Bohidar,56856,School of Physical Sciences,Jawaharlal Nehru University,1034,19,159
Dr                                                                                Subhasis  Ghosh,56636,School of Physical Sciences,Jawaharlal Nehru University,2225,26,109
Dr                                                                                Rana P Singh,56738,School of Life Sciences,Jawaharlal Nehru University,8702,59,123
Dr                                                                                Deo Prakash Vidyarthi,40300,School of Computer and Systems Sciences,Jawaharlal Nehru University,1360,21,97
Dr                                                                                Abhinav  Grover,60480,School of Biotechnology,Jawaharlal Nehru University,2210,28,133
Dr                                                                                Krishan   Kumar,56929,School of Environmental Sciences,Jawaharlal Nehru University,3135,29,130
Dr                                                                                Pallavi Somvanshi,283840,,Jawaharlal Nehru University,1140,20,104
Dr                                                                                Mukesh Jain,54471,School of Computational and Integrative Sciences,Jawaharlal Nehru University,9506,43,117
Dr                                                                                Birendra Nath Mallick,42894,School of Life Sciences,Jawaharlal Nehru University,2705,31,98
Dr                                                                                Bijoy Kumar Kuanr,56679,Special Centre for Nanoscience,Jawaharlal Nehru University,1487,22,86
Dr                                                                                Naidu Subbarao,56830,School of Computational and Integrative Sciences,Jawaharlal Nehru University,1869,21,115
Dr                                                                                Samudrala Gourinath,56642,School of Life Sciences,Jawaharlal Nehru University,1734,21,113
Dr                                                                                Karan  Singh,48232,School of Computer and Systems Sciences,Jawaharlal Nehru University,917,14,74
Dr                                                                                Satyabrata Patnaik,56637,School of Physical Sciences,Jawaharlal Nehru University,1161,17,93
Dr                                                                                Rajeev Kumar,56747,School of Computer and Systems Sciences,Jawaharlal Nehru University,451,13,62
Dr                                                                                Ramesh Kumar Agrawal,40302,School of Computer and Systems Sciences,Jawaharlal Nehru University,985,17,55
Dr                                                                                Jayati Ghosh,56884,Centre for Economic Studies and Planning,Jawaharlal Nehru University,789,14,52
Dr                                                                                Srinivas Goli,61339,Centre for the Study of Regional Development,Jawaharlal Nehru University,22361,23,96
Dr                                                                                L Raju Chowhan,86633,School of Physical Sciences,Jawaharlal Nehru University,643,16,78
Prof                                                                                Saumitra Mukherjee,56643,School of Environmental Sciences,Jawaharlal Nehru University,2346,28,68
Prof                                                                                Karmeshu .,40304,School of Computer and Systems Sciences,Jawaharlal Nehru University,862,15,91
Dr                                                                                Shandar Ahmad,166146,School of Computational and Integrative Sciences,Jawaharlal Nehru University,2615,25,77
Dr                                                                                Binod Khadria,56607,Zakir Husain Centre for Educational Studies,Jawaharlal Nehru University,238,8,80
Dr.                                                                                K K Bhardwaj,40306,School of Computer and Systems Sciences,Jawaharlal Nehru University,1479,18,39
Dr                                                                                Umesh Kulshrestha,43516,School of Environmental Sciences,Jawaharlal Nehru University,2669,26,68
Dr                                                                                Paulraj Rajamani,56786,School of Environmental Sciences,Jawaharlal Nehru University,1332,22,73
Dr                                                                                Vibha Tandon,56622,Special Centre for Molecular Medicine,Jawaharlal Nehru University,2208,27,79
Dr                                                                                Jayant Kumar Tripathi,56895,School of Environmental Sciences,Jawaharlal Nehru University,1547,21,83
Prof                                                                                Anirban Chakraborti,166144,School of Computational and Integrative Sciences,Jawaharlal Nehru University,2362,22,58
Dr                                                                                C P Chandrasekhar,56716,Centre for Economic Studies and Planning,Jawaharlal Nehru University,353,7,61
Prof                                                                                Prabhat Patnaik,60633,Centre for Economic Studies and Planning,Jawaharlal Nehru University,302,10,41
Dr                                                                                Pankaj Thakur,221607,Special Centre for Nanoscience,Jawaharlal Nehru University,2627,26,73
Dr                                                                                Supriya Chakraborty,56649,School of Life Sciences,Jawaharlal Nehru University,1374,23,57
Dr                                                                                Dwaipayan Bharadwaj,56794,School of Biotechnology,Jawaharlal Nehru University,3120,25,76
Dr                                                                                Rupesh Chaturvedi,166132,School of Biotechnology,Jawaharlal Nehru University,4055,40,74
Dr                                                                                Rajib Dasgupta,56730,Centre of Social Medicine and Community Health,Jawaharlal Nehru University,722,15,49
Dr                                                                                Aparna Dixit,166131,School of Biotechnology,Jawaharlal Nehru University,733,16,79
Dr                                                                                Shyamal K Goswami,56633,School of Life Sciences,Jawaharlal Nehru University,1568,27,67
Prof                                                                                Atul  Kumar,278979,Centre for African Studies,Jawaharlal Nehru University,764,17,40
Dr                                                                                Tanuja  Mohanty,166191,School of Physical Sciences,Jawaharlal Nehru University,900,20,55
Dr                                                                                Ashim Kr Pramanik,166197,School of Physical Sciences,Jawaharlal Nehru University,1165,17,52
Dr                                                                                Girish Nath Jha,56811,School of Sanskrit and Indic Studies,Jawaharlal Nehru University,131,5,54
Dr                                                                                Indira Ghosh,56871,School of Computational and Integrative Sciences,Jawaharlal Nehru University,755,14,68
Dr                                                                                Satyendra Singh,56663,Special Centre for Nanoscience,Jawaharlal Nehru University,577,13,73
Dr                                                                                Andrew Lynn,166145,School of Computational and Integrative Sciences,Jawaharlal Nehru University,2861,23,72
Dr                                                                                Krishna Gopal Saxena,28721,School of Environmental Sciences,Jawaharlal Nehru University,2294,31,71
Prof                                                                                Neera Bhalla Sarin,56793,School of Life Sciences,Jawaharlal Nehru University,2344,26,59
Dr                                                                                Kavita Singh,40295,School of Arts and Aesthetics,Jawaharlal Nehru University,1553,22,50
Dr                                                                                Warikoo K,40387,Centre for Inner Asian Studies,Jawaharlal Nehru University,24,3,65
Dr                                                                                Satish Chandra Garkoti,56662,School of Environmental Sciences,Jawaharlal Nehru University,759,15,62
Dr                                                                                Dhananjai Pandey,239308,School of Environmental Sciences,Jawaharlal Nehru University,192,7,57
Prof                                                                                Ram Ramaswamy,56708,School of Physical Sciences,Jawaharlal Nehru University,3505,31,71
Dr                                                                                N Janardhana  Raju,56824,School of Environmental Sciences,Jawaharlal Nehru University,1259,20,55
Dr                                                                                Gobardhan Das,166207,Special Centre for Molecular Medicine,Jawaharlal Nehru University,3277,31,63
Dr                                                                                B C Tripathy,56598,School of Life Sciences,Jawaharlal Nehru University,1385,21,71
Dr                                                                                Suman Kumar Dhar,43168,Special Centre for Molecular Medicine,Jawaharlal Nehru University,2532,25,66
Dr                                                                                Poonam Mehta,166187,School of Physical Sciences,Jawaharlal Nehru University,1255,18,56
Dr                                                                                Manorama  Tripathi,218751,,Jawaharlal Nehru University,264,9,61
Dr                                                                                Pawan K Dhar,56779,School of Biotechnology,Jawaharlal Nehru University,706,13,46
Prof                                                                                Amal Chandra Mondal,166177,School of Life Sciences,Jawaharlal Nehru University,1339,22,45
Dr                                                                                Sneha Sudha Komath,56651,School of Life Sciences,Jawaharlal Nehru University,1109,22,54
Dr                                                                                Santosh Kumar Mehrotra,165971,Centre for Informal Sector and Labour Studies,Jawaharlal Nehru University,579,15,41
Dr                                                                                Aditi  Sharan,166149,School of Computer and Systems Sciences,Jawaharlal Nehru University,526,12,22
Prof                                                                                VIR BAHADUR  SINGH,286206,School of Computer and Systems Sciences,Jawaharlal Nehru University,785,16,36
Dr                                                                                Nirala  Ramchiary,166179,School of Life Sciences,Jawaharlal Nehru University,2393,22,44
Dr                                                                                Ankita Rai,166192,School of Physical Sciences,Jawaharlal Nehru University,1036,19,61
Dr                                                                                Pritam Mukhopadhyay,56784,School of Physical Sciences,Jawaharlal Nehru University,4825,24,58
Dr                                                                                Atul Kumar Johri,56558,School of Life Sciences,Jawaharlal Nehru University,2374,24,46
Dr                                                                                Pradipta Bandyopadhyay,56782,School of Computational and Integrative Sciences,Jawaharlal Nehru University,1322,15,61
Dr                                                                                Pushpendra  Singh,101421,,Jawaharlal Nehru University,1229,19,46
Dr                                                                                Jaydeep Bhattacharya,166134,School of Biotechnology,Jawaharlal Nehru University,722,14,42
Dr                                                                                Rakesh Kumar Tyagi,43083,Special Centre for Molecular Medicine,Jawaharlal Nehru University,1171,17,56
Prof                                                                                R K Kale,56710,School of Life Sciences,Jawaharlal Nehru University,1423,22,60
Dr                                                                                Manoj K. Sharma,166139,School of Biotechnology,Jawaharlal Nehru University,1431,18,48
Dr                                                                                Sonajharia Minz,40312,School of Computer and Systems Sciences,Jawaharlal Nehru University,461,10,26
Dr                                                                                Ramovatar Meena,166167,School of Environmental Sciences,Jawaharlal Nehru University,1641,25,55
Dr                                                                                Suneel Kateriya,56689,School of Biotechnology,Jawaharlal Nehru University,3708,17,51
Dr                                                                                P R  Kumaraswamy,40368,Centre for West Asian Studies,Jawaharlal Nehru University,150,8,31
Prof                                                                                Saraswati Raju,56641,Centre for the Study of Regional Development,Jawaharlal Nehru University,451,10,32
Dr                                                                                Thongkholal Haokip,166038,Centre for The Study of Law and Governance,Jawaharlal Nehru University,189,7,22
Dr                                                                                Zahid Raza,166158,School of Computer and Systems Sciences,Jawaharlal Nehru University,607,11,29
Dr                                                                                Sobhan Sen,56699,School of Physical Sciences,Jawaharlal Nehru University,1663,24,52
