Name,Vidwan ID,Department,College,Total Citations,H Index,Journal Articles
Prof                                                                                Ponnusamy Munusamy Anbarasan,43227,,Periyar University,1794,25,228
Prof                                                                                DR.K Nachimuthu,117025,Department of Education,Periyar University,503,11,214
Dr                                                                                Sundaram Lalitha,438767,Department of Botany,Periyar University,N/A,N/A,N/A
Dr                                                                                Prabhakar Rajkumar,183802,Department of Commerce,Periyar University,1,N/A,154
Dr                                                                                R Ramesh,117074,Department of Physics,Periyar University,2849,29,173
Dr                                                                                V Raj,117014,Department of Chemistry,Periyar University,1433,23,125
Dr                                                                                D Natarajan,117003,Department of Biotechnology,Periyar University,1460,22,161
Dr                                                                                D Gopi,51237,Department of Chemistry,Periyar University,3599,38,132
Dr                                                                                C Chandrasekar Chelliah,43452,Department of Computer Science,Periyar University,298,10,111
Dr                                                                                P Viswanathamurthi,51234,Department of Chemistry,Periyar University,3335,29,149
Dr                                                                                Soundarapandian Kannan,117100,Department of Zoology,Periyar University,3189,31,135
Dr                                                                                KRISHNAKUMAR K,95124,Department of Commerce,Periyar University,1,1,96
Prof                                                                                Siddan Anbazhagan,51350,Department of Geology,Periyar University,728,14,67
Prof                                                                                Thangavel Kuttiyannan,48426,Department of Computer Science,Periyar University,1141,15,44
Dr                                                                                H Hannah  Inbarani,117018,Department of Computer Science,Periyar University,2,1,82
Dr                                                                                M S Shivakumar,117004,Department of Biotechnology,Periyar University,1660,24,110
Prof                                                                                Dr.P  Nazni,117070,Department of Nutrition and Dietetics,Periyar University,147,6,100
Dr.                                                                                S Nandakumar,50673,Department of Journalism and Mass Communication,Periyar University,N/A,N/A,28
Dr                                                                                E K  Girija,117072,Department of Physics,Periyar University,2057,25,75
Dr                                                                                J Prakash  Maran,117042,Department of Food Science and Nutrition,Periyar University,5304,43,78
Dr                                                                                T Pazhanivel,117073,Department of Physics,Periyar University,1755,26,85
Dr                                                                                T Palvannan,116999,Department of Biochemistry,Periyar University,2550,26,87
Dr                                                                                Vakkil M,95128,Department of Education,Periyar University,N/A,N/A,43
Dr                                                                                K Dhanalakshmi,47891,Department of Education,Periyar University,N/A,N/A,51
Dr                                                                                V Sangeetha,51230,Department of English,Periyar University,4,1,39
Dr.                                                                                N Radhakrishnan,51373,Department of Library and Information Science,Periyar University,35,3,64
Dr                                                                                Marimuthu Krishnaveni,61093,Department of Biochemistry,Periyar University,374,11,73
Dr                                                                                NACHIMUTHU K,125478,Department of Education,Periyar University,503,11,76
Dr                                                                                N. Elangovan,117001,,Periyar University,798,14,67
Dr                                                                                R  Rajavel,117013,Department of Chemistry,Periyar University,462,11,66
Dr                                                                                Kumarasamy Murugesan,51297,Department of Environmental Science,Periyar University,2691,29,64
Dr                                                                                A Lalitha,117012,Department of Chemistry,Periyar University,911,18,70
Dr                                                                                P Maadeswaran,117027,Department of Energy Science,Periyar University,794,18,66
Dr                                                                                R Rathipriya,117019,Department of Computer Science,Periyar University,253,8,24
Dr                                                                                Prasath Manivannan,136654,Department of Physics,Periyar University,311,12,64
Dr                                                                                S Parameshwari,117069,Department of Nutrition and Dietetics,Periyar University,12,2,52
Prof                                                                                R Venkatachalapathy,51269,Department of Geology,Periyar University,1632,20,59
Dr                                                                                S Balamurugan,117053,,Periyar University,2,N/A,41
Dr                                                                                J Kalyana  Sundar,117075,Department of Physics,Periyar University,885,16,61
Dr                                                                                Yoganandan G,95135,,Periyar University,32,3,57
Dr                                                                                R Subramani,117049,,Periyar University,6,N/A,44
Dr                                                                                Kavitha E S,95126,Department of Library and Information Science,Periyar University,7,2,50
Dr                                                                                N Kayalvizhi,117095,Department of Zoology,Periyar University,400,12,50
Dr                                                                                V Manju,116998,Department of Biochemistry,Periyar University,882,17,51
Dr                                                                                S Padmasekaran,117056,Department of Mathematics,Periyar University,15,2,51
Dr                                                                                A Naresh Kumar,117096,Department of Zoology,Periyar University,442,11,53
Dr                                                                                P Gomathi,117050,Department of Library and Information Science,Periyar University,16,3,52
Dr                                                                                R Thangaraj,117098,Department of Zoology,Periyar University,538,14,48
Dr                                                                                kamaraj sattu,233721,Department of Biotechnology,Periyar University,1555,23,46
Dr                                                                                D. ARULBALACHANDRAN,117006,Department of Botany,Periyar University,76,5,39
Dr                                                                                V Sujatha,117011,Department of Chemistry,Periyar University,1290,20,46
Dr                                                                                K A Ramesh  Kumar,117029,Department of Energy Science,Periyar University,331,12,43
Dr                                                                                M Sambath,117057,Department of Mathematics,Periyar University,173,9,48
Dr                                                                                R Maheswaran,117097,Department of Zoology,Periyar University,517,13,44
Dr                                                                                P Prakash,117059,Department of Mathematics,Periyar University,526,10,46
Dr                                                                                N Hemalatha,117064,Department of Microbiology,Periyar University,78,4,42
Dr                                                                                S Murugesan,117009,Department of Botany,Periyar University,223,8,41
Dr                                                                                I Laurence  Aroquiaraj,117017,Department of Computer Science,Periyar University,82,3,40
Dr                                                                                Thirumoorthi P,95132,,Periyar University,8,1,42
Dr                                                                                Parameswari J,95131,Department of Psychology,Periyar University,N/A,N/A,38
Prof                                                                                P Thiruchenthilnathan,117099,Department of Zoology,Periyar University,324,9,36
Dr                                                                                K Selvam Kuppusamy,51264,Department of Botany,Periyar University,547,12,43
Dr                                                                                A Muthusamy,117060,Department of Mathematics,Periyar University,117,6,38
Dr                                                                                P M Ayyasamy,117062,Department of Microbiology,Periyar University,456,12,39
Dr                                                                                R Arivuchudar,117067,Department of Nutrition and Dietetics,Periyar University,1,1,32
Dr                                                                                Jonnadula Venkatachalam,117078,Department of Psychology,Periyar University,N/A,N/A,41
Dr                                                                                K Shanmuga  Bharathi,117010,Department of Chemistry,Periyar University,477,12,37
Dr                                                                                Suryakumar M,55123,Department of Management Studies,Periyar University,10,2,34
Dr                                                                                C  Murugan,117052,Department of Library and Information Science,Periyar University,27,3,25
Dr                                                                                Jayakumar K N,95119,Department of Psychology,Periyar University,2,1,26
Dr                                                                                R Dhandapani,117063,Department of Microbiology,Periyar University,375,12,34
Dr                                                                                .Palaniappan M,95134,Department of Library and Information Science,Periyar University,4,2,26
Dr                                                                                P Indra Arulselvi,117002,Department of Biotechnology,Periyar University,1013,15,31
Dr                                                                                P Thangavel,117037,Department of Environmental Science,Periyar University,871,13,26
Dr                                                                                P.  Senthilkumar,117035,Department of Environmental Science,Periyar University,984,17,29
Dr                                                                                T Sarathy,117055,Department of Management Studies,Periyar University,N/A,N/A,29
Dr                                                                                Nithyanandan D V,95129,Department of Psychology,Periyar University,N/A,N/A,21
Dr                                                                                C  Selvaraj,117061,Department of Mathematics,Periyar University,39,4,28
Dr                                                                                G Hema,117023,Department of Education,Periyar University,N/A,N/A,25
Dr                                                                                S Venkatesan,51315,Department of Environmental Science,Periyar University,232,8,25
Dr                                                                                S KARTHIKEYAN,105542,Department of Mathematics,Periyar University,212,8,24
Dr                                                                                P  Jayanthi,117034,Department of Environmental Science,Periyar University,395,10,24
Dr                                                                                L  Sivakumar,117036,Department of Environmental Science,Periyar University,129,8,26
Dr                                                                                V Muthulakshmi,117058,,Periyar University,49,5,25
Mr                                                                                Vinodh Kumar  R,95116,Department of Education,Periyar University,N/A,N/A,13
Dr                                                                                Suguna M,95127,Department of Commerce,Periyar University,35,N/A,14
Dr                                                                                R Thangappan,117028,Department of Energy Science,Periyar University,544,10,21
Dr                                                                                R Parimalavalli,117043,Department of Food Science and Nutrition,Periyar University,347,8,22
Dr                                                                                Janagam D,95118,Department of Economics,Periyar University,18,3,23
Dr                                                                                T Elangovan,117026,Department of Energy Science,Periyar University,455,12,18
Dr                                                                                S Rita,117086,Department of Statistics,Periyar University,98,3,14
Dr                                                                                R Jagannathan,260106,Department of Environmental Science,Periyar University,142,6,19
Prof                                                                                T Poongodi Vijayakumar,51219,Department of Food Science and Nutrition,Periyar University,78,3,20
Dr                                                                                K  Sindhu,117032,Department of English,Periyar University,N/A,N/A,18
Prof                                                                                M Suriyavathana,117000,Department of Biochemistry,Periyar University,121,6,20
Dr                                                                                D Arvind  Prasanth,117065,Department of Microbiology,Periyar University,83,6,15
Dr                                                                                A Maruthupandian,117008,Department of Botany,Periyar University,242,9,18
Dr                                                                                A Murugan,51265,Department of Microbiology,Periyar University,120,5,14
Dr                                                                                M Latha,117093,Department of Textiles and Apparel Design,Periyar University,N/A,N/A,5
Dr                                                                                K Parveen  Banu,117091,,Periyar University,N/A,N/A,15
