Name,Vidwan ID,Department,College,Total Citations,H Index,Journal Articles
Dr                                                                                SK Hafizul Islam,187970,Computer Science and Engineering,"Indian Institute of Information Technology, Kalyani",2430,31,106
Dr                                                                                SK  Hafizul Islam,194496,Department of Computer Science and Engineering,"Indian Institute of Information Technology, Kalyani",926,18,35
Dr                                                                                Imon  Mukherjee,194492,Department of Computer Science and Engineering,"Indian Institute of Information Technology, Kalyani",185,7,12
Dr                                                                                Oishila  Bandyopadhyay,194493,Department of Computer Science and Engineering,"Indian Institute of Information Technology, Kalyani",97,6,7
Dr                                                                                Sanjoy  Pratihar,194495,Department of Computer Science and Engineering,"Indian Institute of Information Technology, Kalyani",57,4,9
Dr                                                                                Uma  Das,194497,Department of Physics,"Indian Institute of Information Technology, Kalyani",163,7,23
Dr                                                                                Sudeshna Mondal,317205,Department of Mathematics,"Indian Institute of Information Technology, Kalyani",84,6,17
Dr                                                                                Anirban  Lakshman,194488,Department of Mathematics,"Indian Institute of Information Technology, Kalyani",67,5,14
Dr                                                                                Debasish  Bera,194491,Department of Electronics and Communication Engineering,"Indian Institute of Information Technology, Kalyani",52,4,3
Dr                                                                                Dalia  Nandi,194490,Department of Electronics and Communication Engineering,"Indian Institute of Information Technology, Kalyani",48,5,5
Dr                                                                                Sanjay  Chatterji,194494,Department of Computer Science and Engineering,"Indian Institute of Information Technology, Kalyani",4,1,2
Dr                                                                                Bhaskar  Biswas,194489,Department of Computer Science and Engineering,"Indian Institute of Information Technology, Kalyani",2,1,1
