Name,Vidwan ID,Department,College,Total Citations,H Index,Journal Articles
Dr                                                                                P.K.   Dutta,288580,,"Amity University, Kolkata",739,10,168
Dr                                                                                Surajit Chattopadhyay,60625,Department of Mathematics,"Amity University, Kolkata",2353,26,190
Dr                                                                                Pronaya Bhattacharya,369038,"Dept. of CSE, Amity School of Engineering and Technology and Research and Innovation Cell","Amity University, Kolkata",2029,22,87
Mr                                                                                Deepak Sharma,372669,Amity School of Fine Arts,"Amity University, Kolkata",N/A,N/A,99
Dr                                                                                Sujay Ray,374257,Biotechnology,"Amity University, Kolkata",124,6,41
Mr                                                                                Akilan Tamilselvan,368989,IQAC,"Amity University, Kolkata",55,4,14
Dr                                                                                Amit Ranjan  Maity,374252,Amity Institute of Biotechnology,"Amity University, Kolkata",742,6,9
Dr                                                                                Ankan Dutta Chowdhury,376126,Amity Institute of Nanotechnology,"Amity University, Kolkata",N/A,N/A,47
Dr                                                                                Sayantika Mukherjee,369330,Amity Institute of Applied Science,"Amity University, Kolkata",128,7,23
Dr                                                                                Suman Sinha,374357,Geography (AISSK),"Amity University, Kolkata",832,12,35
Prof                                                                                Ajanta Das,372371,Amity Institute of Information Technology,"Amity University, Kolkata",128,7,14
Dr                                                                                Debasish  Batabyal,237349,Amity Institute of Travel & Tourism Kolkata,"Amity University, Kolkata",5,1,19
Dr                                                                                Chirantan Kar,218420,Chemistry,"Amity University, Kolkata",777,15,43
Dr                                                                                Partha Sona Maji,369378,Physics,"Amity University, Kolkata",351,12,33
Dr                                                                                Susmita Das,370194,Amity Institute of Applied Science,"Amity University, Kolkata",1259,21,44
Mr                                                                                Sandeep Bhattacharjee,369133,Amity Business School,"Amity University, Kolkata",3,1,40
Dr                                                                                Soumyabrata Goswami,218427,Chemistry,"Amity University, Kolkata",1097,18,38
Dr                                                                                Mayukh Kumar Ray,369262,Amity Institute of Applied Science,"Amity University, Kolkata",180,8,28
Dr                                                                                Kajari Dutta,369854,Department of Physics,"Amity University, Kolkata",582,9,31
Dr                                                                                Moutushi Dutta Choudhury,369260,Department of Physics,"Amity University, Kolkata",160,9,12
Dr                                                                                Joyeta Ghosh,369374,Department of Dietetics and Applied Nutrition,"Amity University, Kolkata",6,2,26
Dr                                                                                Uttam Acharya,369581,Amity School of Engineering and Technology,"Amity University, Kolkata",114,7,13
Dr                                                                                Prasun Patra,374259,Amity Institute of Biotechnology,"Amity University, Kolkata",1671,20,23
Dr                                                                                Debosreeta Bose,218445,Chemistry,"Amity University, Kolkata",446,12,23
Dr                                                                                Pradip Kumar Sukul,218488,Amity Institute of Applied Science,"Amity University, Kolkata",744,14,24
Dr                                                                                Sudipta Koley,369270,Amity Institute of Applied Science,"Amity University, Kolkata",272,10,25
Dr                                                                                Shiladitya Ghosh,201280,Amity Institute of Biotechnology,"Amity University, Kolkata",358,8,13
Dr                                                                                Ambar Dutta,371969,Amity Institute of Information Technology,"Amity University, Kolkata",99,5,13
Dr                                                                                Sujoy Chatterjee,242834,Computer Science and Engineering,"Amity University, Kolkata",74,5,9
Dr                                                                                Anindita Bhattacharyya,369336,Department of Mathematics,"Amity University, Kolkata",1,1,14
Dr                                                                                Moumita Basu,376094,Computer Science and EnGineering,"Amity University, Kolkata",225,9,4
Dr                                                                                Bandita Datta,218484,Chemistry,"Amity University, Kolkata",207,7,19
Ms                                                                                Padmaja Tamuli,369052,Amity School of Communication,"Amity University, Kolkata",N/A,N/A,5
Dr                                                                                Istvan Fekete,369410,Amity Institute of Psychology and Allied Sciences,"Amity University, Kolkata",39,N/A,14
Dr                                                                                Bikash Debnath,372548,Amity Institute of Information Technology kolkata,"Amity University, Kolkata",149,7,14
Mr                                                                                Sankar Kumar Mukherjee,375373,Amity Institute of Travel & Tourism,"Amity University, Kolkata",3,1,N/A
Dr                                                                                SUMANTA NAYEK,375230,Amity Institute of Environmental Sciences,"Amity University, Kolkata",517,9,19
Dr                                                                                Nirmalya Dey,374351,Amity Institute of Biotechnology,"Amity University, Kolkata",879,14,18
Mr                                                                                Nilanjan Chakraborty,227200,Amity Law School (West Bengal),"Amity University, Kolkata",1,1,9
Dr                                                                                Lopa Adhikary,374356,Amity Institute of Biotechnology,"Amity University, Kolkata",528,7,15
Mr                                                                                Sanjoy Dutta,161212,Amity Institute of Education,"Amity University, Kolkata",N/A,N/A,8
Dr                                                                                Birajashis Pattnaik,374107,School of Engineering and Technology,"Amity University, Kolkata",16,2,4
Dr                                                                                Prabuddha Gupta,374260,Amity Institute of Biotechnology Kolkata,"Amity University, Kolkata",8,2,14
Dr                                                                                Nibir Khawash,369692,Amity Business School,"Amity University, Kolkata",2,N/A,6
Dr                                                                                Surajit Bhattacharya,371855,Amity Institute of Biotechnology,"Amity University, Kolkata",281,7,9
Dr                                                                                Supriya Chakraborty,374347,IT,"Amity University, Kolkata",31,3,4
Dr                                                                                Prodipta Pal,218442,Chemistry,"Amity University, Kolkata",108,5,12
Ms                                                                                Saumya Dasgupta,216577,Amity Institute of Applied Science,"Amity University, Kolkata",56,5,11
Dr                                                                                MOUPIYA GHOSH,260133,Physics,"Amity University, Kolkata",93,5,10
Dr                                                                                SAUMYA  DASGUPTA,369067,Chemistry,"Amity University, Kolkata",56,5,11
Dr                                                                                Ashima Bhattacharjee,369186,Amity Institute of Biotechnology,"Amity University, Kolkata",1,1,9
Dr                                                                                Partha S. Rakshit,442488,Amity Law School Kolkata,"Amity University, Kolkata",N/A,N/A,8
Dr                                                                                Sukanya Saha,372511,AMITY INSTITUTE OF ENGLISH STUDIES AND RESEARCH,"Amity University, Kolkata",N/A,N/A,10
Dr                                                                                Santanu Palchaudhuri,374254,Amity Institute of Biotechnology,"Amity University, Kolkata",58,3,8
Dr                                                                                DEBARPITA SANTRA,374543,Amity Institute of Information Technology,"Amity University, Kolkata",10,2,3
Dr                                                                                Suresh Das,350460,Amity Institute of Social Science,"Amity University, Kolkata",40,3,6
Dr                                                                                Akash Mahato,369241,Amity Institute of Psychology and Allied Sciences,"Amity University, Kolkata",31,4,3
Dr                                                                                Koushik Goswami,370561,,"Amity University, Kolkata",89,5,8
Dr                                                                                Priya Shukla,442552,Amity Institute of Education,"Amity University, Kolkata",N/A,N/A,5
Ms                                                                                Sonam .,369239,Department of Mathematics,"Amity University, Kolkata",23,3,8
Dr                                                                                Ankush Sengupta,370216,Amity Institute of Applied Science,"Amity University, Kolkata",160,7,8
Mr                                                                                Dibyajyoti Mishra,372269,Department of Library and Information Science,"Amity University, Kolkata",N/A,N/A,3
Prof                                                                                Sreetanwi Chakraborty,372362,Amity Institute of English Studies and Research,"Amity University, Kolkata",N/A,N/A,7
Mr                                                                                Mandar Bhattacharya,442498,Amity Institute of Biotechnology,"Amity University, Kolkata",43,N/A,5
Dr                                                                                Bannishikha Banerjee,372527,Amity Institute of Information Technology,"Amity University, Kolkata",2,1,4
Dr                                                                                Siddhartha Koduru,374243,Architecture,"Amity University, Kolkata",10,2,7
Dr                                                                                Rupa Sinha,374280,Amity Institute of Travel & Tourism,"Amity University, Kolkata",11,N/A,5
Dr                                                                                Jayita Moulick,374315,Amity Law School,"Amity University, Kolkata",N/A,N/A,5
Dr                                                                                Debjyoti Paul,196025,Department of Dietetics and Applied Nutrition,"Amity University, Kolkata",66,5,4
Dr                                                                                Soumik Roy,218408,Chemistry,"Amity University, Kolkata",82,5,6
Dr                                                                                Avik Das,290366,"Amity college of Commerce & Finance, Kolkata","Amity University, Kolkata",1,1,3
Mr                                                                                Soumya Banerjee,369163,Department of Mathematics,"Amity University, Kolkata",1,N/A,5
Dr                                                                                Auditi Pramanik,372368,Amity Institute of Psychology and Allied Sciences,"Amity University, Kolkata",15,N/A,6
Mrs                                                                                INDU RAY,372640,Language Department,"Amity University, Kolkata",N/A,N/A,3
Debalina Saha,374369,Amity School of Economics,"Amity University, Kolkata",17,N/A,4
Dr                                                                                Saptarshi Ghosh,369154,Amity Institute of Applied Science,"Amity University, Kolkata",50,3,5
Mr                                                                                Partha Pratim Das Gupta,369705,Amity School of Foreign Languages,"Amity University, Kolkata",N/A,N/A,4
Mr                                                                                Subrata Pal,369762,Amity School of Foreign Languages,"Amity University, Kolkata",N/A,N/A,1
Dr                                                                                Priya Shukla,371554,Amity Institute of Education,"Amity University, Kolkata",N/A,N/A,N/A
Dr                                                                                Soma Debnath,372519,Amity Institute of Information Technology,"Amity University, Kolkata",11,2,3
Dr                                                                                Abhijit Paul,374393,,"Amity University, Kolkata",1,N/A,2
suddhasanta de,374474,Amity College of Commerce and Finance,"Amity University, Kolkata",9,1,5
Dr                                                                                AMIT KUMAR LAHA,442539,Academics,"Amity University, Kolkata",N/A,N/A,5
Dr                                                                                Bhaswati Mandal,442601,Amity Institute of Applied Science,"Amity University, Kolkata",22,3,5
Prof                                                                                Bijoya Bhattacharjee,293047,DIETETICS AND APPLIED NUTRITION,"Amity University, Kolkata",1,N/A,2
Dr                                                                                Somnath Karmakar,369369,Amity Institute of Applied Science,"Amity University, Kolkata",23,2,4
Mrs                                                                                Devjani Bhattacharya,369699,Amity School of Foreign Languages Kolkata,"Amity University, Kolkata",N/A,N/A,4
Dr                                                                                Rita Karmakar,370124,Amity Institute of Psychology and Allied Sciences,"Amity University, Kolkata",13,2,2
Dr                                                                                Doel Mukherjee,374169,Business Management,"Amity University, Kolkata",N/A,N/A,2
Mr                                                                                PRASANTA ROY,374256,Civil Engineering Department,"Amity University, Kolkata",N/A,N/A,N/A
Dr                                                                                Dola Mukherjee,374314,Biotechnology,"Amity University, Kolkata",6,N/A,4
Mr                                                                                Sujit Kumar Karmakar,374402,Amity School Of Fine Arts,"Amity University, Kolkata",N/A,N/A,3
Manisha Dey,374456,Department of Commerce,"Amity University, Kolkata",N/A,N/A,4
Dr                                                                                PALLABI  DAS,375152,Amity Institute of Social Science,"Amity University, Kolkata",N/A,N/A,2
Dr                                                                                somi patranabis,368958,Amity Institute of Biotechnology,"Amity University, Kolkata",30,3,3
Dr                                                                                Abisa Sinha Adhikary,369161,Department of Mathematics,"Amity University, Kolkata",8,2,2
Mr                                                                                Partho Das,369955,Amity School of Foreign Languages,"Amity University, Kolkata",N/A,N/A,2
Mr                                                                                Biplab Biswas,372259,Amity Business School,"Amity University, Kolkata",N/A,N/A,2
Mr                                                                                Atri Sanyal,372521,Amity Institute of Information Technology,"Amity University, Kolkata",2,1,1
Prof                                                                                Ipsita Seth Biswas,374203,AIESRK,"Amity University, Kolkata",N/A,N/A,2
