Name,Vidwan ID,Department,College,Total Citations,H Index,Journal Articles
Prof                                                                                Mangey Ram,233143,Department of Life Sciences,Graphic Era University,2569,26,220
Dr                                                                                Mohit Bajaj,339396,Department of Electrical Engineering,Graphic Era University,3282,27,240
Dr                                                                                Bhasker Pant,167197,Department of Computer Science and Engineering,Graphic Era University,481,11,74
Dr                                                                                Lok Man Singh Palni,43755,Department of Life Sciences,Graphic Era University,3534,36,162
Mr                                                                                Jyotir Moy Chatterjee,136717,,Graphic Era University,2259,20,90
Dr                                                                                Dr.Shaktibala Dutta,290553,Pharmacology,Graphic Era University,N/A,N/A,116
Dr                                                                                Vikas Tripathi,167375,Department of Computer Science and Engineering,Graphic Era University,329,10,41
Dr                                                                                Sachin Sharma,167465,Department of Computer Science and Engineering,Graphic Era University,601,13,20
Dr                                                                                Desh Bandhu Singh,167005,Department of Mechanical Engineering,Graphic Era University,1618,20,68
Dr                                                                                Manoj Diwakar,308174,Department of Computer Science and Engineering,Graphic Era University,1108,18,45
Prof                                                                                Mohammad Wazid,304841,Department of Computer Science and Engineering,Graphic Era University,4888,37,69
Dr                                                                                Vinod Kumar,162960,Department of Life Sciences,Graphic Era University,1673,24,67
Dr                                                                                Arun Gupta,278448,Department of Life Sciences,Graphic Era University,868,15,73
Dr                                                                                Neeraj Kumar Pandey,167545,Department of Computer Science and Engineering,Graphic Era University,117,6,32
Dr                                                                                Vinay Kandpal,48892,Department of Management,Graphic Era University,115,4,49
Dr                                                                                Nishant Rai,167494,Department of Life Sciences,Graphic Era University,236,9,74
Dr                                                                                Sanjeev Kumar,340318,Department of Civil Engineering,Graphic Era University,133,6,52
Prof                                                                                Devesh Pratap Singh,329030,Department of Computer Science and Engineering,Graphic Era University,461,11,23
Dr                                                                                Alok Kumar Pandey,285028,Department of Life Sciences,Graphic Era University,1380,24,71
Dr                                                                                Debasis Mitra,524558,Microbiology,Graphic Era University,759,16,30
Dr                                                                                Arunima Nayak,167227,Department of Life Sciences,Graphic Era University,10096,26,45
Dr                                                                                Sanjay Kumar,167456,Department of Life Sciences,Graphic Era University,1054,13,55
Dr                                                                                Akshay Kumar,237379,Department of Life Sciences,Graphic Era University,329,12,32
Dr                                                                                Sudhir Joshi,96646,Department of Mechanical Engineering,Graphic Era University,270,9,34
Dr                                                                                Dipali Bansal,167225,Department of Electronics and Communication Engineering,Graphic Era University,309,10,30
Dr                                                                                Waseem Ahmad,162913,Department of Life Sciences,Graphic Era University,437,10,45
Dr                                                                                Varun Mishra,168812,Department of Electronics and Communication Engineering,Graphic Era University,157,8,30
Dr                                                                                Rajesh Tiwari,278121,Department of Management,Graphic Era University,11,2,54
Dr                                                                                Amit Srivastava,340175,Department of Civil Engineering,Graphic Era University,1005,17,39
Dr                                                                                Bindu Naik,338524,Department of Life Sciences,Graphic Era University,171,8,46
Dr                                                                                Anupam Singh,96325,Department of Computer Science and Engineering,Graphic Era University,28,3,27
Dr                                                                                Padmanabh Thakur,339592,Department of Electrical Engineering,Graphic Era University,514,13,25
Dr                                                                                Prabhakar Semwal,332830,Department of Life Sciences,Graphic Era University,419,12,10
Dr                                                                                Pravat Ranjan Pati,245832,,Graphic Era University,278,10,25
Dr                                                                                Brijesh Prasad,169068,Department of Humanities and Social Sciences,Graphic Era University,38,4,27
Mr                                                                                Nithin Kumar K C,167228,Department of Mechanical Engineering,Graphic Era University,159,7,9
Prof                                                                                Ashish Thapliyal,182660,Department of Life Sciences,Graphic Era University,236,10,23
Mr                                                                                Santosh Kumar,167529,Department of Computer Science and Engineering,Graphic Era University,109,5,10
Dr                                                                                Nikhil Garg,339577,Department of Civil Engineering,Graphic Era University,17,3,23
Mr                                                                                Kireet Joshi,340564,Department of Computer Science and Engineering,Graphic Era University,47,3,2
Dr                                                                                Mansih Sharma,498390,Department of Computer Science and Engineering,Graphic Era University,51,4,5
Dr                                                                                Parvesh Saini,167255,Department of Electrical Engineering,Graphic Era University,77,5,5
Dr                                                                                Durgesh Kumar Jaiswal,63676,Department of Biotechnology,Graphic Era University,375,10,14
Dr                                                                                Gaurav Kumar Badhotiya,167229,Department of Mechanical Engineering,Graphic Era University,123,6,18
Dr                                                                                Abhilasha Mishra,167318,Department of Life Sciences,Graphic Era University,480,9,16
Mr                                                                                Manish Mahajan,167520,Department of Computer Science and Engineering,Graphic Era University,31,3,10
Mr                                                                                Vikas Rathi,168819,Department of Mechanical Engineering,Graphic Era University,27,3,21
Dr                                                                                Jigisha Anand,167526,Department of Life Sciences,Graphic Era University,86,4,21
Dr                                                                                Harish Chandra Joshi,167243,Department of Life Sciences,Graphic Era University,179,7,16
Dr                                                                                Janhvi Mishra Rawat,500966,Department of Biotechnology,Graphic Era University,N/A,N/A,24
Dr                                                                                Chandni Tiwari,167398,Department of Electronics and Communication Engineering,Graphic Era University,111,5,15
Dr                                                                                Anju Saini,272232,Mathematics,Graphic Era University,38,4,13
Dr                                                                                Mohammad Hasan,168809,Department of Electronics and Communication Engineering,Graphic Era University,43,5,16
Dr                                                                                Deepika Saini,339624,Department of Life Sciences,Graphic Era University,49,4,12
Dr                                                                                Rakesh Dani,167408,Department of Hotel Management and Hospitality,Graphic Era University,N/A,N/A,13
Dr                                                                                Suresh Kumar A,214047,Department of Computer Science and Engineering,Graphic Era University,77,5,10
Mr                                                                                Nitin Mishra,327329,Department of Civil Engineering,Graphic Era University,5,1,3
Dr                                                                                Ajay Shankar Bangwal,337433,Department of Life Sciences,Graphic Era University,37,4,13
Mr                                                                                Amir Shaikh,166989,Department of Mechanical Engineering,Graphic Era University,84,4,2
Dr                                                                                Kamlesh Chandra Purohit,167528,Department of Computer Science and Engineering,Graphic Era University,64,4,5
Mr                                                                                Anuj Rawat,279742,Department of Computer Science and Engineering,Graphic Era University,47,3,7
Dr                                                                                Gourav Verma,166987,Department of Electronics and Communication Engineering,Graphic Era University,85,4,5
Dr                                                                                Irfanul Hasan,329508,Department of Electronics and Communication Engineering,Graphic Era University,43,5,9
Mr                                                                                Chandra Prakash,239648,Department of Computer Science and Engineering,Graphic Era University,12,2,5
Mrs                                                                                Vartika Agarwal,503279,Department of Computer Science and Engineering,Graphic Era University,25,3,5
Dr                                                                                Girish Lakhera,166976,Department of Management,Graphic Era University,N/A,N/A,10
Dr                                                                                Upendra Mohan Bhatt,166984,Department of Electronics and Communication Engineering,Graphic Era University,50,4,4
Dr                                                                                Surender Singh Samant,203187,Department of Computer Science and Engineering,Graphic Era University,71,4,3
Dr                                                                                Santosh Saraf,265824,Department of Electronics and Communication Engineering,Graphic Era University,18,3,5
Dr                                                                                Jitendra Kumar Chaudhary,406298,Department of Computer Science and Engineering,Graphic Era University,3,1,7
Prof                                                                                Navin Kumar,169628,Department of Life Sciences,Graphic Era University,N/A,N/A,9
Dr                                                                                Abhinav Goel,329013,Department of Life Sciences,Graphic Era University,5,1,2
Dr                                                                                Nitin Johri,166995,Department of Mechanical Engineering,Graphic Era University,N/A,N/A,6
Dr                                                                                Ashwani Kharola,340122,Department of Mechanical Engineering,Graphic Era University,N/A,N/A,6
Dr                                                                                Neema Gupta,167049,Department of Management,Graphic Era University,N/A,N/A,7
Ms                                                                                Ankita Lal,166991,Department of Life Sciences,Graphic Era University,N/A,N/A,5
Dr                                                                                Akansha Gupta,305878,Department of Computer Science and Engineering,Graphic Era University,N/A,N/A,5
Mr                                                                                Janakiramaraju P,340826,Department of Civil Engineering,Graphic Era University,1,1,2
Dr                                                                                ADITI GUPTA,443231,managent,Graphic Era University,N/A,N/A,4
Mrs                                                                                Sonam Kapoor Semwal,339747,Department of Hotel Management and Hospitality,Graphic Era University,N/A,N/A,1
Dr                                                                                Ravisanakr Av,366066,Department of Humanities and Social Sciences,Graphic Era University,N/A,N/A,N/A
Mr                                                                                Akash Chauhan,400144,Department of Computer Science and Engineering,Graphic Era University,22,1,N/A
Ms                                                                                Raina Singh,167257,Department of Humanities and Social Sciences,Graphic Era University,N/A,N/A,2
Mrs                                                                                Divya Chawla,346284,Department of Nursing,Graphic Era University,1,N/A,2
Dr                                                                                Pradeep Joshi,167266,Department of Petroleum Engineering,Graphic Era University,N/A,N/A,N/A
Dr                                                                                Chandan Gupta,167341,Department of Computer Science and Engineering,Graphic Era University,N/A,N/A,1
Dr                                                                                Umesh Kumar Tiwari,167482,Department of Computer Science and Engineering,Graphic Era University,5,1,1
Dr                                                                                Pawan Deep Singh,332353,Department of Humanities and Social Sciences,Graphic Era University,N/A,N/A,1
Dr                                                                                Anugrah Rohini Lall,339489,Department of Humanities and Social Sciences,Graphic Era University,N/A,N/A,N/A
Dr                                                                                Seema Saini,339819,Department of Mathematics,Graphic Era University,N/A,N/A,1
Ms                                                                                Amrit Das,485359,Department of Humanities and Social Sciences,Graphic Era University,N/A,N/A,1
Dr                                                                                P Goyal,53859,Department of Computer Science and Engineering,Graphic Era University,N/A,N/A,N/A
Dr                                                                                Deependra Pratap Singh,134557,Department of Life Sciences,Graphic Era University,N/A,N/A,N/A
Dr                                                                                Dinesh Pandey,166974,Department of Management,Graphic Era University,N/A,N/A,N/A
Mr                                                                                Kartikeya Raina,166975,Department of Management,Graphic Era University,N/A,N/A,N/A
Mr                                                                                Anurag Silmana,166977,Department of Management,Graphic Era University,N/A,N/A,N/A
Prof                                                                                Sachin Ghai,166980,Department of Management,Graphic Era University,N/A,N/A,N/A
Mr                                                                                Gagan Bansal,166982,Department of Mechanical Engineering,Graphic Era University,N/A,N/A,N/A
Prof                                                                                M P Singh,166983,Department of Management,Graphic Era University,N/A,N/A,N/A
Mr                                                                                Chirag Singhal,166994,Department of Management,Graphic Era University,N/A,N/A,N/A
