Name,Vidwan ID,Department,College,Total Citations,H Index,Journal Articles
Dr                                                                                Biswanath Bhunia,59536,Department of Bio Engineering,"National Institute of Technology, Agartala",2338,27,135
Prof                                                                                Umesh Mishra,149839,Department of Civil Engineering,"National Institute of Technology, Agartala",1703,23,123
Dr                                                                                Munesh Chandra Trivedi,240539,Department of Computer Science and Engineering,"National Institute of Technology, Agartala",731,16,35
Dr                                                                                Sarat Kumar Patra,61951,Administration,"National Institute of Technology, Agartala",762,13,54
Prof                                                                                Ardhendu Saha,48600,Department of Electrical Engineering,"National Institute of Technology, Agartala",1077,16,93
Dr                                                                                Suman Deb,114030,Department of Computer Science and Engineering,"National Institute of Technology, Agartala",377,10,27
Dr                                                                                Tridib Kumar Bhowmick,48410,Department of Bio Engineering,"National Institute of Technology, Agartala",1651,22,108
Dr                                                                                Apu Kumar Saha,240917,Department of Mathematics,"National Institute of Technology, Agartala",1692,23,121
Dr                                                                                Uttam Kumar Bera,59590,Department of Mathematics,"National Institute of Technology, Agartala",763,17,96
Dr                                                                                Mrinmoy Majumder,244089,Department of Civil Engineering,"National Institute of Technology, Agartala",694,14,58
Dr                                                                                Barnik Saha Roy,315727,Department of Mechanical Engineering,"National Institute of Technology, Agartala",699,15,68
Dr                                                                                Animesh Debnath,59575,,"National Institute of Technology, Agartala",1648,26,99
Dr                                                                                Biswajit Saha,48586,Department of Physics,"National Institute of Technology, Agartala",2584,29,88
Dr                                                                                Sanjay Kumar  Mandal,305701,Department of Physics,"National Institute of Technology, Agartala",1926,22,78
Prof                                                                                Tarun Kumar Misra,59595,Department of Chemistry,"National Institute of Technology, Agartala",1568,21,101
Dr                                                                                Rahul Banerjee,59581,Department of Mechanical Engineering,"National Institute of Technology, Agartala",1499,22,75
Dr                                                                                Sambhu Nath Pradhan,59668,Department of Electronics and Communication Engineering,"National Institute of Technology, Agartala",327,9,60
Dr                                                                                Dibyendu Ghoshal,62324,Department of Electronics and Communication Engineering,"National Institute of Technology, Agartala",430,11,55
Dr                                                                                Manojit Roy,240903,Department of Chemistry,"National Institute of Technology, Agartala",592,15,52
Dr                                                                                Suyel  Namasudra,314059,Department of Computer Science and Engineering,"National Institute of Technology, Agartala",1588,25,53
Dr                                                                                Rama Deb Barma,62321,Department of Civil Engineering,"National Institute of Technology, Agartala",214,8,33
Dr                                                                                Paritosh Bhattacharya,424612,Department of Mathematics,"National Institute of Technology, Agartala",406,12,36
Dr                                                                                Mrinal Kanti Deb Barma,240647,Department of Computer Science and Engineering,"National Institute of Technology, Agartala",168,9,32
Dr                                                                                Mitali Saha,241102,Department of Chemistry,"National Institute of Technology, Agartala",933,17,62
Dr                                                                                Tarun Kanti Bandyopadhyay,241282,Department of Chemical Engineering,"National Institute of Technology, Agartala",1093,18,51
Dr                                                                                Uttam Kumar Mandal,295949,Department of Production Engineering,"National Institute of Technology, Agartala",1589,23,64
Dr                                                                                Jayanta Kumar Rakshit,59578,Department of Electronics and Instrumentation Engineering,"National Institute of Technology, Agartala",977,19,54
Prof                                                                                Priyanath Das,62329,Department of Electrical Engineering,"National Institute of Technology, Agartala",481,11,39
Dr                                                                                Tamasi Moyra Panua,254459,Department of Electronics and Communication Engineering,"National Institute of Technology, Agartala",282,8,47
Dr                                                                                Kalyan Gayen,59573,Department of Chemical Engineering,"National Institute of Technology, Agartala",1917,21,41
Dr                                                                                Rajsekhar Panua,59618,Department of Mechanical Engineering,"National Institute of Technology, Agartala",1158,19,62
Dr                                                                                Suvra Prakash Mondal,48577,Department of Physics,"National Institute of Technology, Agartala",1937,27,57
Dr                                                                                Srimanta Ray,59582,Department of Chemical Engineering,"National Institute of Technology, Agartala",538,13,41
Prof                                                                                Ram Naresh Rai,62360,Department of Production Engineering,"National Institute of Technology, Agartala",818,16,46
Dr                                                                                Nirmalya Kar,295958,Department of Computer Science and Engineering,"National Institute of Technology, Agartala",326,11,13
Dr                                                                                Sima Ghosh,59635,Department of Civil Engineering,"National Institute of Technology, Agartala",630,15,57
Prof                                                                                Manish Pal,62318,Department of Civil Engineering,"National Institute of Technology, Agartala",472,12,50
Dr                                                                                Bikram Das,240799,,"National Institute of Technology, Agartala",224,7,10
Prof                                                                                Debasish Bhattacharya,62373,Department of Mathematics,"National Institute of Technology, Agartala",215,8,57
Dr                                                                                Baby Bhattacharya,241639,Department of Mathematics,"National Institute of Technology, Agartala",339,11,46
Prof                                                                                Sujit Kumar Pal,62315,Department of Civil Engineering,"National Institute of Technology, Agartala",296,10,28
Mr                                                                                Abanishwar Chakraborti,295951,Department of Electrical Engineering,"National Institute of Technology, Agartala",224,7,11
Dr                                                                                Arindam Majumder,59583,Department of Mechanical Engineering,"National Institute of Technology, Agartala",770,17,44
Prof                                                                                Aparna Nath,59605,Department of Physics,"National Institute of Technology, Agartala",464,12,45
Dr                                                                                Mithun  Roy,132613,,"National Institute of Technology, Agartala",1388,22,44
Dr                                                                                Diptendu Bhattacharya,62322,Department of Computer Science and Engineering,"National Institute of Technology, Agartala",211,8,28
Dr                                                                                Susanta Ghanta,240784,Department of Chemistry,"National Institute of Technology, Agartala",443,11,55
Dr                                                                                Sadhan Gope,267369,Department of Electrical Engineering,"National Institute of Technology, Agartala",376,11,22
Dr                                                                                Subhadeep Bhattacharjee,295942,Department of Electrical Engineering,"National Institute of Technology, Agartala",886,16,31
Prof                                                                                Prasun Chakrabarti,62336,Department of Mechanical Engineering,"National Institute of Technology, Agartala",352,11,40
Prof                                                                                Swapan Bhowmik,62347,Department of Mechanical Engineering,"National Institute of Technology, Agartala",588,12,32
Mr                                                                                Prabir Ranjan Kasari,295956,,"National Institute of Technology, Agartala",193,7,8
Dr                                                                                Manash Kumar Paul,59577,Department of Physics,"National Institute of Technology, Agartala",383,10,24
Dr                                                                                Padmanaban V C,294403,Department of Bio Engineering,"National Institute of Technology, Agartala",752,15,35
Prof                                                                                Ajoy Kumar Das,62346,Department of Mechanical Engineering,"National Institute of Technology, Agartala",757,17,42
Dr                                                                                Soma Nag,211291,,"National Institute of Technology, Agartala",266,6,16
Dr                                                                                Partha Pratim Sarkar,294805,Department of Civil Engineering,"National Institute of Technology, Agartala",385,12,33
Dr                                                                                Dwijen Rudrapal,240763,Department of Computer Science and Engineering,"National Institute of Technology, Agartala",147,7,19
Dr                                                                                John Deb Barma,295939,Department of Mechanical Engineering,"National Institute of Technology, Agartala",360,11,27
Dr                                                                                Sumita Deb,59662,Department of Electrical Engineering,"National Institute of Technology, Agartala",169,8,29
Dr                                                                                Rajib Saha,295941,Department of Civil Engineering,"National Institute of Technology, Agartala",270,12,25
Dr                                                                                Ashim Saha,48580,Department of Computer Science and Engineering,"National Institute of Technology, Agartala",322,10,7
Dr                                                                                Vidyut Dey,295946,Department of Production Engineering,"National Institute of Technology, Agartala",894,18,31
Dr                                                                                Muthusivaramapandian Muthuraj,59666,Department of Bio Engineering,"National Institute of Technology, Agartala",665,13,29
Mr                                                                                Nikhil Debbarma,241859,Department of Computer Science and Engineering,"National Institute of Technology, Agartala",13,2,26
Dr                                                                                Jayakumar L,292913,Department of Computer Science and Engineering,"National Institute of Technology, Agartala",154,7,27
Dr                                                                                Chakradhar Behera,182795,Department of Physics,"National Institute of Technology, Agartala",605,16,33
Dr                                                                                Pankaj Kumar Das,295944,Department of Mechanical Engineering,"National Institute of Technology, Agartala",558,11,34
Dr                                                                                Anirban Dutta,240646,"Department of Management, Humanities and Social Sciences","National Institute of Technology, Agartala",72,4,20
Dr                                                                                Mriganka Sekhar Manna,240961,Department of Chemical Engineering,"National Institute of Technology, Agartala",502,13,26
Dr                                                                                Swapan Deb Barma,241204,Department of Computer Science and Engineering,"National Institute of Technology, Agartala",190,7,15
Dr                                                                                Arup Ratan Bhowmik,241622,Department of Electrical Engineering,"National Institute of Technology, Agartala",215,6,8
Dr                                                                                Arvind Kumar Jain,107302,Department of Electrical Engineering,"National Institute of Technology, Agartala",102,5,12
Dr                                                                                Manas Roy,241398,Department of Chemistry,"National Institute of Technology, Agartala",910,14,23
Dr                                                                                Ajay Biswas,295950,Department of Mechanical Engineering,"National Institute of Technology, Agartala",297,11,20
Dr                                                                                Biswajit Paul,59574,Department of Physics,"National Institute of Technology, Agartala",245,10,17
Prof                                                                                Richi Prasad Sharma,62314,Department of Civil Engineering,"National Institute of Technology, Agartala",300,11,26
Dr                                                                                Deb Dulal Tripura,245191,Department of Civil Engineering,"National Institute of Technology, Agartala",335,11,25
Dr                                                                                Santanu Chakraborty,59576,Department of Physics,"National Institute of Technology, Agartala",327,11,27
Dr                                                                                Anupam Jamatia,230579,Department of Computer Science and Engineering,"National Institute of Technology, Agartala",190,6,9
Dr                                                                                Kunal Chakma,230594,Department of Computer Science and Engineering,"National Institute of Technology, Agartala",134,7,10
Dr                                                                                Dipankar Sarkar,240743,Department of Civil Engineering,"National Institute of Technology, Agartala",205,8,23
Dr                                                                                Mitra Barun Sarkar,253330,,"National Institute of Technology, Agartala",181,7,22
Dr                                                                                Sagnik Pal,241469,Department of Mechanical Engineering,"National Institute of Technology, Agartala",140,6,17
Dr                                                                                Chitraniva Datta,240854,Department of Chemistry,"National Institute of Technology, Agartala",105,7,24
Dr                                                                                Pinki Majumder,241640,Department of Mathematics,"National Institute of Technology, Agartala",145,7,20
Dr                                                                                Rup Narayan Roy,62325,Department of Electrical Engineering,"National Institute of Technology, Agartala",791,13,15
Dr                                                                                Subhojit Das,240810,Department of Chemistry,"National Institute of Technology, Agartala",138,6,21
Dr                                                                                Sushant Kumar Biswal,241565,Department of Civil Engineering,"National Institute of Technology, Agartala",80,6,17
Dr                                                                                Atanu Chowdhury,256327,Department of Electronics and Communication Engineering,"National Institute of Technology, Agartala",171,7,14
Dr                                                                                Deeplina Das,143258,Department of Bio Engineering,"National Institute of Technology, Agartala",398,8,15
Dr                                                                                Prakash Kumar Sahu,315823,Department of Production Engineering,"National Institute of Technology, Agartala",458,10,20
Dr                                                                                Jawahar Paulraj,240589,Department of Mechanical Engineering,"National Institute of Technology, Agartala",183,8,11
Supriyo Dutta,326920,Department of Mathematics,"National Institute of Technology, Agartala",81,5,19
Dr                                                                                Smita Das,240613,Department of Computer Science and Engineering,"National Institute of Technology, Agartala",99,6,10
Dr                                                                                Sharmistha Sharma,241459,Department of Electrical Engineering,"National Institute of Technology, Agartala",392,7,7
Dr                                                                                Swarup Paul,256374,Department of Production Engineering,"National Institute of Technology, Agartala",183,8,12
Dr                                                                                Debanjan Acharyya,276558,Department of Electronics and Instrumentation Engineering,"National Institute of Technology, Agartala",476,11,13
Dr                                                                                Ngangbam Herojit Singh,292912,Department of Computer Science and Engineering,"National Institute of Technology, Agartala",176,5,15
Dr                                                                                Minakshi Deb Barma,59637,Department of Electrical Engineering,"National Institute of Technology, Agartala",21,2,6
Dr                                                                                Subir Das,296315,Department of Electronics and Instrumentation Engineering,"National Institute of Technology, Agartala",135,7,12
Dr                                                                                Pinku Debnath,61809,Department of Mechanical Engineering,"National Institute of Technology, Agartala",113,6,8
Dr                                                                                Jayasree Chakraborty,241696,Department of Mathematics,"National Institute of Technology, Agartala",30,4,15
Dr                                                                                Kishan Choudhuri,295943,Department of Production Engineering,"National Institute of Technology, Agartala",134,7,16
Mr                                                                                Abhijit  Debnath,352123,Department of Civil Engineering,"National Institute of Technology, Agartala",7,2,1
Dr                                                                                Joyanta Pal,48624,Department of Civil Engineering,"National Institute of Technology, Agartala",7,2,11
Mrs                                                                                Anindita Jamatia,115063,Department of Electrical Engineering,"National Institute of Technology, Agartala",56,4,2
Dr                                                                                Susmita Roy,241676,Department of Mathematics,"National Institute of Technology, Agartala",192,7,13
Dr                                                                                Ratul Das,48609,Department of Civil Engineering,"National Institute of Technology, Agartala",180,2,15
Dr                                                                                Lipika Haldar,48622,Department of Civil Engineering,"National Institute of Technology, Agartala",107,7,11
Mr                                                                                Kamalesh Debnath,242044,Department of Electronics and Communication Engineering,"National Institute of Technology, Agartala",478,10,15
Dr                                                                                Abhijit Baidya,244010,Department of Mathematics,"National Institute of Technology, Agartala",122,8,16
Dr                                                                                Abhik Majumder,249906,Department of Mechanical Engineering,"National Institute of Technology, Agartala",56,3,8
Dr                                                                                Pritam Das,295940,Department of Mechanical Engineering,"National Institute of Technology, Agartala",120,4,11
Dr                                                                                Suresh Mamidi,313439,Department of Chemical Engineering,"National Institute of Technology, Agartala",106,6,14
Dr                                                                                Durbadal Debroy,59623,Department of Mechanical Engineering,"National Institute of Technology, Agartala",662,12,13
Dr                                                                                Chanchal Bhaumik,240736,Department of Chemistry,"National Institute of Technology, Agartala",758,14,15
Dr                                                                                Dipak Chandra Das,241089,Department of Mechanical Engineering,"National Institute of Technology, Agartala",75,5,13
Dr                                                                                Sayanta Chakraborty,241354,Department of Mathematics,"National Institute of Technology, Agartala",63,5,11
Mr                                                                                Prasenjit Debnath,241705,Department of Electrical Engineering,"National Institute of Technology, Agartala",1,1,1
Dr                                                                                Anuradha Nongmaithem,59601,"Department of Management, Humanities and Social Sciences","National Institute of Technology, Agartala",19,N/A,11
Dr                                                                                Apangshu Das,59654,Department of Electronics and Communication Engineering,"National Institute of Technology, Agartala",73,6,9
Dr                                                                                Diptanu Das,241462,Department of Electrical Engineering,"National Institute of Technology, Agartala",101,4,3
Dr                                                                                Ajay Kumar Manna,241619,Department of Chemical Engineering,"National Institute of Technology, Agartala",278,7,12
Dr                                                                                Piyali Debnath,243084,Department of Mathematics,"National Institute of Technology, Agartala",149,7,14
Dr                                                                                Preeti Gulia,325130,Department of Mechanical Engineering,"National Institute of Technology, Agartala",71,5,9
Dr                                                                                Abhijit Chatterjee,59593,Department of Bio Engineering,"National Institute of Technology, Agartala",361,7,8
Mr                                                                                Sathishkumar Sankar,240926,Department of Mechanical Engineering,"National Institute of Technology, Agartala",30,4,11
Dr                                                                                Thingujam Kiranmala Devi,241402,Department of Physics,"National Institute of Technology, Agartala",126,7,12
Dr                                                                                Tara Sen,242090,Department of Civil Engineering,"National Institute of Technology, Agartala",257,6,7
Dr                                                                                Ravivarman R,294400,Department of Mechanical Engineering,"National Institute of Technology, Agartala",43,4,7
Dr                                                                                Abhishek Koner,316321,Department of Chemistry,"National Institute of Technology, Agartala",137,8,12
Prof                                                                                Debasish Neogi,48411,"Department of Management, Humanities and Social Sciences","National Institute of Technology, Agartala",19,3,11
Dr                                                                                Suman Kalyan Maroju,220039,Department of Physics,"National Institute of Technology, Agartala",19,4,7
Dr                                                                                Jhinuk De,240872,Department of Chemistry,"National Institute of Technology, Agartala",99,5,8
Mr                                                                                Prashant Bhardwaj,240967,Department of Computer Science and Engineering,"National Institute of Technology, Agartala",62,4,7
Dr                                                                                Tilottama Chakraborty,244057,Department of Civil Engineering,"National Institute of Technology, Agartala",98,4,4
Partha Kumar Deb,253614,Department of Electronics and Communication Engineering,"National Institute of Technology, Agartala",52,4,5
Mr                                                                                R.K. Bhogendro Meitei,295960,Department of Mechanical Engineering,"National Institute of Technology, Agartala",103,5,8
Dr                                                                                Venkata Bharat Nishtala,316313,Department of Chemistry,"National Institute of Technology, Agartala",126,7,11
Dr                                                                                Ankuran Saha,59610,Department of Mechanical Engineering,"National Institute of Technology, Agartala",36,4,5
Dr                                                                                Bibhab Kumar Lodh,59653,Department of Chemical Engineering,"National Institute of Technology, Agartala",13,1,8
Dr                                                                                Prasenjit Dutta,295952,Department of Production Engineering,"National Institute of Technology, Agartala",144,6,7
Dr                                                                                Manu S Nadesan,324900,Department of Civil Engineering,"National Institute of Technology, Agartala",339,7,6
Mr                                                                                Manik Bhowmik,295954,Department of Electronics and Communication Engineering,"National Institute of Technology, Agartala",35,4,N/A
Dr                                                                                Dhirendra Kumar  Pandey,413933,Department of Civil Engineering,"National Institute of Technology, Agartala",93,6,6
Mr                                                                                Tribid Debbarma,240831,Department of Computer Science and Engineering,"National Institute of Technology, Agartala",10,2,N/A
Dr                                                                                Surajit Das,241458,Department of Civil Engineering,"National Institute of Technology, Agartala",11,2,7
Dr                                                                                Joyashree Das,241463,Department of Electrical Engineering,"National Institute of Technology, Agartala",89,3,1
Dr                                                                                Gopinandan Dey,295953,Department of Civil Engineering,"National Institute of Technology, Agartala",35,3,6
Dr                                                                                ZAIBUDEEN A W,525250,Department of Physics,"National Institute of Technology, Agartala",N/A,N/A,2
Dr                                                                                Gyanabati Khuraijam,59585,"Department of Management, Humanities and Social Sciences","National Institute of Technology, Agartala",2,1,4
Dr                                                                                Diptanu Dey,120431,Department of Electrical Engineering,"National Institute of Technology, Agartala",10,2,1
Mr                                                                                Anirban Bhattacharjee,242050,Department of Electronics and Communication Engineering,"National Institute of Technology, Agartala",11,3,N/A
Dr                                                                                Praveen Shukla,294353,Central Library,"National Institute of Technology, Agartala",3,1,4
Dr                                                                                Mantu Das,59651,Department of Mathematics,"National Institute of Technology, Agartala",65,4,5
Mr                                                                                Arindam Sinha,241076,Department of Mechanical Engineering,"National Institute of Technology, Agartala",4,1,2
Dr                                                                                Padmagirisan P,292907,Department of Electrical Engineering,"National Institute of Technology, Agartala",58,3,3
Mr                                                                                Somnath Roy Choudhury,295959,Department of Electronics and Communication Engineering,"National Institute of Technology, Agartala",14,2,2
Mr                                                                                Supriya Pradhan,226170,Central Library,"National Institute of Technology, Agartala",N/A,N/A,2
Dr                                                                                Ashis Acharjee,241497,Department of Mechanical Engineering,"National Institute of Technology, Agartala",1,1,1
Dr                                                                                Jayanta Debnath,241680,Department of Mathematics,"National Institute of Technology, Agartala",22,3,3
Dr                                                                                Yogesh Kumar Sariya,325014,Department of Electronics and Instrumentation Engineering,"National Institute of Technology, Agartala",6,1,2
Dr                                                                                Saroj Kumar Das,62364,Department of Chemistry,"National Institute of Technology, Agartala",1,1,1
Dr                                                                                Biman Deb Barma,240900,Department of Electronics and Communication Engineering,"National Institute of Technology, Agartala",N/A,N/A,N/A
Dr                                                                                Kaju Nath,241571,"Department of Management, Humanities and Social Sciences","National Institute of Technology, Agartala",N/A,N/A,N/A
Dr                                                                                Sanjay Paul,295947,Department of Civil Engineering,"National Institute of Technology, Agartala",N/A,N/A,N/A
Dr                                                                                Subrata Kumar Ghosh,295948,Department of Mechanical Engineering,"National Institute of Technology, Agartala",N/A,N/A,N/A
Mr                                                                                Nilotpal Deb Barma,295955,Department of Civil Engineering,"National Institute of Technology, Agartala",N/A,N/A,N/A
Ms                                                                                Seena Priyan,295957,Department of Production Engineering,"National Institute of Technology, Agartala",N/A,N/A,N/A
Dr                                                                                Shailendra Singh,333932,Department of Electrical Engineering,"National Institute of Technology, Agartala",N/A,N/A,N/A
Dr                                                                                Shailendra Singh,333932,Department of Electrical Engineering,"National Institute of Technology, Agartala",N/A,N/A,N/A
