Name,Vidwan ID,Department,College,Total Citations,H Index,Journal Articles
Prof                                                                                Kamal Krishna Kar,52427,Department of Mechanical Engineering,Indian Institute of Technology Kanpur,6663,39,256
Prof                                                                                Shantanu Bhattacharya,52939,Department of Mechanical Engineering,Indian Institute of Technology Kanpur,3255,30,266
Prof                                                                                Sri Niwas Singh,12557,Department of Electrical Engineering,Indian Institute of Technology Kanpur,7945,47,193
Dr                                                                                Yogesh Singh Chauhan,53427,Department of Electrical Engineering,Indian Institute of Technology Kanpur,3901,31,217
Prof                                                                                Janakarajan Ramkumar,52398,Department of Mechanical Engineering,Indian Institute of Technology Kanpur,3766,32,296
Prof                                                                                Ashutosh Sharma,2393,Department of Chemical Engineering,Indian Institute of Technology Kanpur,11083,59,295
Prof                                                                                Mohammad Jaleel Akhtar,53479,Department of Electrical Engineering,Indian Institute of Technology Kanpur,3058,29,134
Prof                                                                                Sandeep Kumar Shukla,110970,Department of Computer Science and Engineering,Indian Institute of Technology Kanpur,2910,27,57
Prof                                                                                K V Srivastava,53440,Department of Electrical Engineering,Indian Institute of Technology Kanpur,4559,36,138
Prof                                                                                Animesh Biswas,4632,Department of Electrical Engineering,Indian Institute of Technology Kanpur,1345,16,122
Dr                                                                                Raghvendra Kumar Chaudhary,295479,Department of Electrical Engineering,Indian Institute of Technology Kanpur,2663,26,149
Prof                                                                                Ashish Garg,53344,Department of Sustainable Energy Engineering,Indian Institute of Technology Kanpur,4664,38,210
Prof                                                                                Kantesh Balani,53359,Department of Materials Science and Engineering,Indian Institute of Technology Kanpur,6620,39,207
Prof                                                                                Suresh Chandra Srivastava,53503,Department of Electrical Engineering,Indian Institute of Technology Kanpur,4751,37,135
Prof                                                                                Nishchal K Verma,53485,Department of Electrical Engineering,Indian Institute of Technology Kanpur,2134,21,66
Prof                                                                                K Muralidhar,5179,Department of Mechanical Engineering,Indian Institute of Technology Kanpur,2815,29,166
Prof                                                                                Tarun Gupta,52991,Department of Civil Engineering,Indian Institute of Technology Kanpur,19516,38,194
Prof                                                                                Sachchida Nand Tripathi,52637,Department of Civil Engineering,Indian Institute of Technology Kanpur,8895,53,204
Prof                                                                                Gautam Biswas,42765,Department of Mechanical Engineering,Indian Institute of Technology Kanpur,6741,48,182
Prof                                                                                Krishanu Biswas,53375,Department of Materials Science and Engineering,Indian Institute of Technology Kanpur,3594,32,177
Prof                                                                                Saikat Chakrabarti,53489,Department of Electrical Engineering,Indian Institute of Technology Kanpur,3193,25,99
Prof                                                                                Kallol Mondal,53358,Department of Materials Science and Engineering,Indian Institute of Technology Kanpur,2435,27,191
Prof                                                                                Rajesh M Hegde,53494,Department of Electrical Engineering,Indian Institute of Technology Kanpur,1310,18,45
Prof                                                                                Nishith Verma,52342,Department of Chemical Engineering,Indian Institute of Technology Kanpur,5335,43,181
Prof                                                                                Jayant K Singh,110967,Department of Chemical Engineering,Indian Institute of Technology Kanpur,3648,29,170
Prof                                                                                Aditya K Jagannatham,53421,Department of Electrical Engineering,Indian Institute of Technology Kanpur,1359,18,101
Dr                                                                                Rakesh Kumar,52221,Department of Aerospace Engineering,Indian Institute of Technology Kanpur,1455,19,109
Dr                                                                                Arvind Kumar,52365,Department of Mechanical Engineering,Indian Institute of Technology Kanpur,1887,23,138
Prof                                                                                Prabhat Munshi,24584,Department of Mechanical Engineering,Indian Institute of Technology Kanpur,1269,17,127
Prof                                                                                Tapan Sengupta,11574,Department of Aerospace Engineering,Indian Institute of Technology Kanpur,2833,30,123
Prof                                                                                P K Panigrahi,52490,Department of Mechanical Engineering,Indian Institute of Technology Kanpur,1663,23,105
Prof                                                                                Sanjay Mittal,43165,Department of Aerospace Engineering,Indian Institute of Technology Kanpur,6869,41,135
Prof                                                                                Bishakh Bhattacharya,52374,Department of Mechanical Engineering,Indian Institute of Technology Kanpur,1020,16,80
Dr                                                                                Ashoke De,52180,Department of Aerospace Engineering,Indian Institute of Technology Kanpur,1313,20,78
Prof                                                                                K S Venkatesh,12560,Department of Electrical Engineering,Indian Institute of Technology Kanpur,406,9,32
Dr                                                                                Nilesh Prakash Gurao,53381,Department of Materials Science and Engineering,Indian Institute of Technology Kanpur,2088,26,108
Prof                                                                                Anindya Chatterjee,52356,Department of Mechanical Engineering,Indian Institute of Technology Kanpur,3702,25,109
Prof                                                                                D P Mishra,2088,Department of Aerospace Engineering,Indian Institute of Technology Kanpur,1598,23,104
Prof                                                                                Abhijit Kushari,12321,Department of Aerospace Engineering,Indian Institute of Technology Kanpur,662,13,71
Prof                                                                                A K Ghosh,2227,Department of Aerospace Engineering,Indian Institute of Technology Kanpur,922,14,56
Prof                                                                                R R K Sharma,12571,Department of Industrial and Management Engineering,Indian Institute of Technology Kanpur,995,16,41
Prof                                                                                A R Harish,53420,Department of Electrical Engineering,Indian Institute of Technology Kanpur,595,12,37
Dr                                                                                Tanmoy Mukhopadhyay,110851,Department of Aerospace Engineering,Indian Institute of Technology Kanpur,3110,40,106
Prof                                                                                Yogesh M Joshi,52368,Department of Chemical Engineering,Indian Institute of Technology Kanpur,2200,26,111
Prof                                                                                Anish Upadhyaya,53337,Department of Materials Science and Engineering,Indian Institute of Technology Kanpur,2708,30,100
Dr                                                                                Raju Kumar Gupta,52353,Department of Chemical Engineering,Indian Institute of Technology Kanpur,6996,38,82
Dr                                                                                Ajay Vikram Singh,110845,,Indian Institute of Technology Kanpur,625,14,56
Prof                                                                                Dipak Mazumdar,53352,Department of Materials Science and Engineering,Indian Institute of Technology Kanpur,2425,27,104
Prof                                                                                Goutam Deo,2229,Department of Chemical Engineering,Indian Institute of Technology Kanpur,6077,42,98
Prof                                                                                Onkar Dikshit,2248,Department of Civil Engineering,Indian Institute of Technology Kanpur,1156,18,72
Prof                                                                                Yatindra Nath Singh,4983,Department of Electrical Engineering,Indian Institute of Technology Kanpur,822,16,53
Dr                                                                                Soumya Ranjan Sahoo,53443,Department of Electrical Engineering,Indian Institute of Technology Kanpur,475,13,42
Dr                                                                                Mangal Kothari,110955,Department of Aerospace Engineering,Indian Institute of Technology Kanpur,1159,17,35
Dr                                                                                Ketan Rajawat,53441,Department of Electrical Engineering,Indian Institute of Technology Kanpur,703,14,52
Prof                                                                                Pankaj Wahi,52500,Department of Mechanical Engineering,Indian Institute of Technology Kanpur,1229,20,76
Prof                                                                                Ashish Dutta,52367,Department of Mechanical Engineering,Indian Institute of Technology Kanpur,988,17,54
Dr                                                                                Sudhanshu Shekhar Singh,110919,Department of Materials Science and Engineering,Indian Institute of Technology Kanpur,1460,22,99
Prof                                                                                Sri Sivakumar,52361,Department of Chemical Engineering,Indian Institute of Technology Kanpur,3236,26,101
Dr                                                                                Rohit Budhiraja,110903,Department of Electrical Engineering,Indian Institute of Technology Kanpur,270,8,66
Prof                                                                                Durgesh C Rai,12408,Department of Civil Engineering,Indian Institute of Technology Kanpur,2011,25,76
Prof                                                                                Sumit Basu,52997,Department of Mechanical Engineering,Indian Institute of Technology Kanpur,1290,19,82
Prof                                                                                Arun K Saha,52363,Department of Mechanical Engineering,Indian Institute of Technology Kanpur,1635,23,76
Prof                                                                                Sandeep Sangal,53399,Department of Materials Science and Engineering,Indian Institute of Technology Kanpur,1382,20,90
Prof                                                                                Manindra Agrawal,42656,Department of Computer Science and Engineering,Indian Institute of Technology Kanpur,1626,18,31
Prof                                                                                Shyama Prasad Das,4872,Department of Electrical Engineering,Indian Institute of Technology Kanpur,1057,16,36
Dr                                                                                Santosh Kumar Misra,110855,Department of Biological Sciences and Bioengineering,Indian Institute of Technology Kanpur,1982,27,84
Dr                                                                                Abheejeet Mohapatra,110897,Department of Electrical Engineering,Indian Institute of Technology Kanpur,368,8,45
Prof                                                                                Parthasarathi Sensarma,110971,Department of Electrical Engineering,Indian Institute of Technology Kanpur,1164,19,26
Prof                                                                                Anupam Saxena,52358,Department of Mechanical Engineering,Indian Institute of Technology Kanpur,1666,20,46
Dr                                                                                Arnab Bhattacharya,53343,Department of Computer Science and Engineering,Indian Institute of Technology Kanpur,691,14,11
Prof                                                                                Vinod Tare,2415,Department of Civil Engineering,Indian Institute of Technology Kanpur,3000,29,80
Prof                                                                                Adrish Banerjee,53424,Department of Electrical Engineering,Indian Institute of Technology Kanpur,707,14,27
Prof                                                                                P Venkitanarayanan,52487,,Indian Institute of Technology Kanpur,2007,24,70
Prof                                                                                Priyanka Ghosh,52430,Department of Civil Engineering,Indian Institute of Technology Kanpur,1352,19,70
Prof                                                                                Monica Katiyar,53377,Department of Materials Science and Engineering,Indian Institute of Technology Kanpur,1403,19,57
Prof                                                                                Raj Ganesh S Pala,52351,Department of Chemical Engineering,Indian Institute of Technology Kanpur,1086,20,70
Prof                                                                                Siddhartha Panda,52357,Department of Chemical Engineering,Indian Institute of Technology Kanpur,1160,20,67
Dr                                                                                Sanjay Kumar,110956,Department of Aerospace Engineering,Indian Institute of Technology Kanpur,1127,19,58
Prof                                                                                Tadinada Venkata Prabhakar,3201,Department of Computer Science and Engineering,Indian Institute of Technology Kanpur,436,8,10
Prof                                                                                Baquer Mazhari,4861,Department of Electrical Engineering,Indian Institute of Technology Kanpur,801,16,53
Dr                                                                                Tanmoy Maiti,53395,Department of Materials Science and Engineering,Indian Institute of Technology Kanpur,1248,18,67
Dr                                                                                Amitangshu Pal,228821,Department of Computer Science and Engineering,Indian Institute of Technology Kanpur,617,13,30
Prof                                                                                Nihar Ranjan Patra,52422,Department of Civil Engineering,Indian Institute of Technology Kanpur,843,16,57
Prof                                                                                Samit Ray-Chaudhuri,52661,Department of Civil Engineering,Indian Institute of Technology Kanpur,976,17,53
Prof                                                                                C S Upadhyay,2089,Department of Aerospace Engineering,Indian Institute of Technology Kanpur,1308,17,54
Prof                                                                                Mukesh Sharma,2246,Department of Civil Engineering,Indian Institute of Technology Kanpur,1345,20,64
Prof                                                                                S Sundar Kumar Iyer,53432,Department of Electrical Engineering,Indian Institute of Technology Kanpur,558,13,39
Prof                                                                                Mainak Das,52299,Department of Biological Sciences and Bioengineering,Indian Institute of Technology Kanpur,3140,29,72
Prof                                                                                Javed N Malik,12401,Department of Civil Engineering,Indian Institute of Technology Kanpur,1801,25,68
Dr                                                                                Vaibhav Kumar Arghode,110852,Department of Aerospace Engineering,Indian Institute of Technology Kanpur,1194,19,41
Dr                                                                                Rajesh Sathiyamoorthy,52580,Department of Civil Engineering,Indian Institute of Technology Kanpur,556,15,52
Prof                                                                                Vinay Kumar Gupta,52994,Department of Civil Engineering,Indian Institute of Technology Kanpur,1390,20,70
Prof                                                                                Nitin Saxena,53379,Department of Computer Science and Engineering,Indian Institute of Technology Kanpur,1314,16,31
Dr                                                                                Malay Kumar Das,52435,Department of Mechanical Engineering,Indian Institute of Technology Kanpur,453,14,54
Dr                                                                                Vivek Verma,53397,Department of Materials Science and Engineering,Indian Institute of Technology Kanpur,946,17,61
Prof                                                                                Nitin Kaistha,52343,Department of Chemical Engineering,Indian Institute of Technology Kanpur,854,18,49
Prof                                                                                Animangsu Ghatak,52310,Department of Chemical Engineering,Indian Institute of Technology Kanpur,1731,21,64
Dr                                                                                Naren Naik,53482,Department of Electrical Engineering,Indian Institute of Technology Kanpur,475,12,33
Dr                                                                                Anoop Singh,19481,Department of Industrial and Management Engineering,Indian Institute of Technology Kanpur,307,7,44
Prof                                                                                Viswanathan Shankar,52366,Department of Chemical Engineering,Indian Institute of Technology Kanpur,1204,21,67
Prof                                                                                Bharat Lohani,52393,Department of Civil Engineering,Indian Institute of Technology Kanpur,628,14,46
Prof                                                                                Subrata Sarkar,52982,Department of Mechanical Engineering,Indian Institute of Technology Kanpur,590,12,36
Dr                                                                                Rajshekhar Gannavarpu,53438,Department of Electrical Engineering,Indian Institute of Technology Kanpur,191,8,58
Prof                                                                                Nalinaksh S Vyas,52476,Department of Mechanical Engineering,Indian Institute of Technology Kanpur,800,16,45
Dr                                                                                Shashank Shekhar,53387,Department of Materials Science and Engineering,Indian Institute of Technology Kanpur,388,12,63
Dr                                                                                Amit Verma,110900,Department of Electrical Engineering,Indian Institute of Technology Kanpur,1793,17,42
Dr                                                                                Ankush Sharma,110901,,Indian Institute of Technology Kanpur,282,10,32
Prof                                                                                Nandini Gupta,53480,Department of Electrical Engineering,Indian Institute of Technology Kanpur,567,12,37
Dr                                                                                Somnath Bhowmick,53393,Department of Materials Science and Engineering,Indian Institute of Technology Kanpur,3111,24,59
Prof                                                                                Utpal Das,3332,Department of Electrical Engineering,Indian Institute of Technology Kanpur,364,12,36
Prof                                                                                Rajesh Srivastava,2245,Department of Civil Engineering,Indian Institute of Technology Kanpur,1090,15,44
Prof                                                                                Gouthama G,53356,Department of Materials Science and Engineering,Indian Institute of Technology Kanpur,563,14,48
Dr                                                                                Piyush Rai,110882,Department of Computer Science and Engineering,Indian Institute of Technology Kanpur,2540,22,6
Dr                                                                                Niraj Sinha,52481,Department of Mechanical Engineering,Indian Institute of Technology Kanpur,1248,15,41
Dr                                                                                Shivam Tripathi,52945,Department of Civil Engineering,Indian Institute of Technology Kanpur,1323,15,34
Dr                                                                                Shobit Omar,53391,Department of Materials Science and Engineering,Indian Institute of Technology Kanpur,2291,18,51
Dr                                                                                Abhishek Gupta,110898,Department of Electrical Engineering,Indian Institute of Technology Kanpur,1151,10,23
Prof                                                                                Purnendu Bose,2608,Department of Civil Engineering,Indian Institute of Technology Kanpur,1630,19,60
Prof                                                                                Rajiv Shekhar,53384,Department of Materials Science and Engineering,Indian Institute of Technology Kanpur,681,15,45
Prof                                                                                Debopam Das,52186,Department of Aerospace Engineering,Indian Institute of Technology Kanpur,771,13,38
Dr                                                                                Arghya Das,52383,,Indian Institute of Technology Kanpur,432,10,36
Dr                                                                                Sudib Kumar Mishra,52975,Department of Civil Engineering,Indian Institute of Technology Kanpur,686,15,50
Prof                                                                                Kasturi Vasudevan,12559,Department of Electrical Engineering,Indian Institute of Technology Kanpur,312,10,28
Dr                                                                                Indranil Saha,110880,Department of Computer Science and Engineering,Indian Institute of Technology Kanpur,1062,15,7
Dr                                                                                Naveen Tiwari,52327,Department of Chemical Engineering,Indian Institute of Technology Kanpur,234,9,48
Prof                                                                                Ishan Sharma,52386,Department of Mechanical Engineering,Indian Institute of Technology Kanpur,344,10,39
Prof                                                                                Surender Baswana,53412,Department of Computer Science and Engineering,Indian Institute of Technology Kanpur,1075,20,23
Prof                                                                                Sumit Ganguly,3851,Department of Computer Science and Engineering,Indian Institute of Technology Kanpur,821,18,12
Prof                                                                                Animesh Das,2723,Department of Civil Engineering,Indian Institute of Technology Kanpur,636,13,41
Dr                                                                                Shakti S Gupta,52911,Department of Mechanical Engineering,Indian Institute of Technology Kanpur,1098,14,42
Prof                                                                                Bhaskar Dasgupta,2261,Department of Mechanical Engineering,Indian Institute of Technology Kanpur,2646,17,33
Dr                                                                                Harish Karnick,53355,Department of Computer Science and Engineering,Indian Institute of Technology Kanpur,404,13,14
Prof                                                                                Saumyen Guha,2252,Department of Civil Engineering,Indian Institute of Technology Kanpur,1812,16,42
Prof                                                                                Partha Chakroborty,2249,Department of Civil Engineering,Indian Institute of Technology Kanpur,1337,17,37
Dr                                                                                Abhishek .,52176,Department of Aerospace Engineering,Indian Institute of Technology Kanpur,297,9,12
Dr                                                                                Subhajit Roy,53409,Department of Computer Science and Engineering,Indian Institute of Technology Kanpur,282,7,4
Prof                                                                                Sudhir Misra,2244,Department of Civil Engineering,Indian Institute of Technology Kanpur,1055,11,37
Dr                                                                                Anurag Gupta,52360,Department of Mechanical Engineering,Indian Institute of Technology Kanpur,349,11,44
Prof                                                                                Amarendra Kumar Singh,53334,Department of Materials Science and Engineering,Indian Institute of Technology Kanpur,516,12,33
Prof                                                                                Kamal Poddar,2065,Department of Aerospace Engineering,Indian Institute of Technology Kanpur,232,9,24
Dr                                                                                Deepu Philip,53419,Department of Industrial and Management Engineering,Indian Institute of Technology Kanpur,626,11,29
Dr                                                                                Jishnu Bhattacharya,110940,Department of Mechanical Engineering,Indian Institute of Technology Kanpur,952,12,43
Dr                                                                                Prishati Raychowdhury,52428,Department of Civil Engineering,Indian Institute of Technology Kanpur,508,12,30
Dr                                                                                Nisheeth Srivastava,110881,Department of Computer Science and Engineering,Indian Institute of Technology Kanpur,228,9,10
Dr                                                                                Bibhas Kumar Bhunia,289621,Gangwal School of Medical Science and Technology,Indian Institute of Technology Kanpur,686,16,40
Dr                                                                                Kaustubh Kulkarni,53372,Department of Materials Science and Engineering,Indian Institute of Technology Kanpur,505,13,38
Dr                                                                                Abhishek Chaudhary,110868,Department of Civil Engineering,Indian Institute of Technology Kanpur,6299,23,37
Dr                                                                                Basant Lal Sharma,52372,Department of Mechanical Engineering,Indian Institute of Technology Kanpur,259,10,36
Dr                                                                                Pritam Chakraborty,110848,,Indian Institute of Technology Kanpur,326,11,30
Dr                                                                                Mohit Subhash Law,110941,Department of Mechanical Engineering,Indian Institute of Technology Kanpur,390,10,30
Dr                                                                                Santanu De,52910,,Indian Institute of Technology Kanpur,437,10,23
Dr                                                                                Akhilesh Mimani,110937,Department of Mechanical Engineering,Indian Institute of Technology Kanpur,275,11,19
Prof                                                                                Deepak Gupta,53349,Department of Materials Science and Engineering,Indian Institute of Technology Kanpur,500,11,31
Dr                                                                                Shikhar Krishn Jha,110918,Department of Materials Science and Engineering,Indian Institute of Technology Kanpur,1238,19,40
Prof                                                                                Sanjeev Saxena,3147,Department of Computer Science and Engineering,Indian Institute of Technology Kanpur,187,7,24
Prof                                                                                R K Bansal,4086,Department of Electrical Engineering,Indian Institute of Technology Kanpur,153,6,16
Dr                                                                                P M Mohite,52219,Department of Aerospace Engineering,Indian Institute of Technology Kanpur,328,10,26
Prof                                                                                Nachiketa Tiwari,52475,Department of Mechanical Engineering,Indian Institute of Technology Kanpur,232,7,19
Prof                                                                                Ashish Tewari,2084,Department of Aerospace Engineering,Indian Institute of Technology Kanpur,527,9,15
Dr                                                                                Purushottam Kar,110885,Department of Computer Science and Engineering,Indian Institute of Technology Kanpur,1309,18,6
Dr                                                                                Amey Karkare,53350,Department of Computer Science and Engineering,Indian Institute of Technology Kanpur,387,10,7
Dr                                                                                Himanshu,110857,Department of Chemical Engineering,Indian Institute of Technology Kanpur,488,13,23
Dr                                                                                Vishal Agarwal,110860,,Indian Institute of Technology Kanpur,931,15,27
Dr                                                                                Vipul Arora,110904,Department of Electrical Engineering,Indian Institute of Technology Kanpur,255,10,16
Prof                                                                                Aloke Dutta,4526,Department of Electrical Engineering,Indian Institute of Technology Kanpur,233,9,32
Dr                                                                                Preeti Malakar,110884,Department of Computer Science and Engineering,Indian Institute of Technology Kanpur,189,8,3
Dr                                                                                Rajdip Mukherjee,110917,Department of Materials Science and Engineering,Indian Institute of Technology Kanpur,344,10,34
Dr                                                                                Kanwar S.  Nalwa,185855,Department of Materials Science and Engineering,Indian Institute of Technology Kanpur,1159,16,29
Dr                                                                                Aditya Saurabh,110936,Department of Mechanical Engineering,Indian Institute of Technology Kanpur,392,9,11
Dr                                                                                Gaurav Tiwari,110871,Department of Civil Engineering,Indian Institute of Technology Kanpur,126,7,31
Prof                                                                                Angshuman Karmakar,418829,Department of Computer Science and Engineering,Indian Institute of Technology Kanpur,183,6,22
Dr                                                                                Rajesh Kitey,52220,Department of Aerospace Engineering,Indian Institute of Technology Kanpur,470,11,21
Dr                                                                                Suparno Mukhopadhyay,110875,Department of Civil Engineering,Indian Institute of Technology Kanpur,245,8,17
Prof                                                                                Sudhir Kamle,2064,Department of Aerospace Engineering,Indian Institute of Technology Kanpur,248,8,20
Prof                                                                                Pravir Kumar Dutt,4879,Department of Mathematics and Statistics,Indian Institute of Technology Kanpur,227,9,29
Dr                                                                                Raghunath Tewari,53388,Department of Computer Science and Engineering,Indian Institute of Technology Kanpur,197,8,7
Dr                                                                                Sathesh Mariappan,52223,Department of Aerospace Engineering,Indian Institute of Technology Kanpur,199,7,14
Prof                                                                                Sanjeev Garg,52355,Department of Chemical Engineering,Indian Institute of Technology Kanpur,659,10,25
Dr                                                                                Anubha Goel,52381,Department of Civil Engineering,Indian Institute of Technology Kanpur,392,11,22
Prof                                                                                Govind Sharma,12555,Department of Electrical Engineering,Indian Institute of Technology Kanpur,125,6,8
Dr                                                                                Pradeep Kumar Krishnamurthy,53486,Department of Electrical Engineering,Indian Institute of Technology Kanpur,43,3,15
Dr                                                                                Gopalakrishna M Kamath,110954,Department of Aerospace Engineering,Indian Institute of Technology Kanpur,657,11,7
Dr                                                                                Umesh  Madanan,167384,Department of Mechanical Engineering,Indian Institute of Technology Kanpur,90,6,20
Dr                                                                                Sunil Easaw Simon,53410,Department of Computer Science and Engineering,Indian Institute of Technology Kanpur,182,10,6
Dr                                                                                Anshu Gaur,53341,Department of Materials Science and Engineering,Indian Institute of Technology Kanpur,2856,17,24
Dr                                                                                Swaprava Nath,110886,Department of Computer Science and Engineering,Indian Institute of Technology Kanpur,215,6,7
Dr                                                                                Lalit M. Pant,258295,Department of Sustainable Energy Engineering,Indian Institute of Technology Kanpur,558,13,18
Dr                                                                                Virkeshwar Kumar,300762,Department of Mechanical Engineering,Indian Institute of Technology Kanpur,76,5,13
Dr                                                                                Krishna Gopal Benerjee,495935,Department of Electrical Engineering,Indian Institute of Technology Kanpur,15,3,5
Dr                                                                                Veena Bansal,12567,Department of Industrial and Management Engineering,Indian Institute of Technology Kanpur,318,9,9
Dr                                                                                Chinmoy Kolay,110870,Department of Civil Engineering,Indian Institute of Technology Kanpur,293,7,12
Dr                                                                                Salil Goel,110874,Department of Civil Engineering,Indian Institute of Technology Kanpur,266,9,14
Dr                                                                                Debadatta Mishra,110878,Department of Computer Science and Engineering,Indian Institute of Technology Kanpur,55,5,3
Dr                                                                                Swarnendu Biswas,110887,Department of Computer Science and Engineering,Indian Institute of Technology Kanpur,220,7,6
Prof                                                                                Rajat Moona,110969,Department of Computer Science and Engineering,Indian Institute of Technology Kanpur,118,6,2
Dr                                                                                Harish K Venkatanarayanan,52420,Department of Civil Engineering,Indian Institute of Technology Kanpur,98,6,17
Dr                                                                                Arnab Samanta,193609,Department of Aerospace Engineering,Indian Institute of Technology Kanpur,113,6,11
Dr                                                                                Sarang Ingole,53385,Department of Materials Science and Engineering,Indian Institute of Technology Kanpur,232,9,19
Dr                                                                                Rahul Mangal,110859,Department of Chemical Engineering,Indian Institute of Technology Kanpur,758,11,19
Dr                                                                                Dipin Sasidharan  Pillai,156151,Department of Chemical Engineering,Indian Institute of Technology Kanpur,142,7,20
Prof                                                                                Mainak Chauduri,53374,Department of Computer Science and Engineering,Indian Institute of Technology Kanpur,298,7,2
Dr                                                                                Niraj Chawake,187298,Department of Materials Science and Engineering,Indian Institute of Technology Kanpur,363,12,21
Dr                                                                                Chaitanya Kumar Rao,422220,Department of Aerospace Engineering,Indian Institute of Technology Kanpur,255,8,14
Dr                                                                                Alakesh Chandra Mandal,52177,Department of Aerospace Engineering,Indian Institute of Technology Kanpur,146,6,13
Dr                                                                                Abhas Singh,52379,Department of Civil Engineering,Indian Institute of Technology Kanpur,460,8,20
Dr                                                                                Balaji Devaraju,110869,Department of Civil Engineering,Indian Institute of Technology Kanpur,467,11,15
Dr                                                                                Gourabananda Pahar,110872,Department of Civil Engineering,Indian Institute of Technology Kanpur,108,7,19
Dr                                                                                Richa Ojha,110873,Department of Civil Engineering,Indian Institute of Technology Kanpur,146,7,19
Prof                                                                                Raghu Nandan SENGUPTA,53429,Department of Industrial and Management Engineering,Indian Institute of Technology Kanpur,202,5,18
Dr                                                                                Raghvendra Singh,110858,Department of Chemical Engineering,Indian Institute of Technology Kanpur,70,5,13
Dr                                                                                Anikesh Pal,110938,Department of Mechanical Engineering,Indian Institute of Technology Kanpur,196,9,17
Dr                                                                                Manjesh Singh,185852,Department of Mechanical Engineering,Indian Institute of Technology Kanpur,126,7,16
Dr                                                                                Anurag Tripathi,52312,Department of Chemical Engineering,Indian Institute of Technology Kanpur,302,9,16
Dr                                                                                Pankaj Arvind Apte,52344,Department of Chemical Engineering,Indian Institute of Technology Kanpur,115,6,15
Dr                                                                                Ramprasad Potluri,53500,Department of Electrical Engineering,Indian Institute of Technology Kanpur,99,5,4
Dr                                                                                Alok Ranjan Verma,110899,Department of Electrical Engineering,Indian Institute of Technology Kanpur,241,7,16
Prof                                                                                Rahul Varman,12574,Department of Industrial and Management Engineering,Indian Institute of Technology Kanpur,88,5,12
Dr                                                                                Supratik Mukhopadhyay,110944,Department of Mechanical Engineering,Indian Institute of Technology Kanpur,368,8,12
Dr                                                                                Joy Nondy,261817,Department of Sustainable Energy Engineering,Indian Institute of Technology Kanpur,68,4,10
Dr                                                                                Navrose,110847,Department of Aerospace Engineering,Indian Institute of Technology Kanpur,172,6,10
Prof                                                                                Anil Seth,53353,Department of Computer Science and Engineering,Indian Institute of Technology Kanpur,171,5,3
Dr                                                                                Rajat Mittal,53390,Department of Computer Science and Engineering,Indian Institute of Technology Kanpur,153,4,1
Prof                                                                                B V Phani,53415,Department of Industrial and Management Engineering,Indian Institute of Technology Kanpur,81,4,11
Dr                                                                                Shankar Prawesh,53491,Department of Industrial and Management Engineering,Indian Institute of Technology Kanpur,48,4,6
Dr                                                                                Subrahmanyam Saderla,110850,Department of Aerospace Engineering,Indian Institute of Technology Kanpur,93,6,12
Dr                                                                                Harshwardhan Hemant Katkar,110856,Department of Chemical Engineering,Indian Institute of Technology Kanpur,149,6,11
Dr                                                                                Hamim Zafar,110879,Department of Computer Science and Engineering,Indian Institute of Technology Kanpur,291,6,9
Dr                                                                                Imon Mondal,110902,Department of Electrical Engineering,Indian Institute of Technology Kanpur,76,3,4
Dr                                                                                Arun Kumar Perumal,187228,,Indian Institute of Technology Kanpur,83,5,12
Dr                                                                                Indranil Saha Dalal,52320,Department of Chemical Engineering,Indian Institute of Technology Kanpur,150,6,11
Dr                                                                                Devlina Chatterjee,53422,Department of Industrial and Management Engineering,Indian Institute of Technology Kanpur,42,3,11
Dr                                                                                Venkatesan,110876,Department of Civil Engineering,Indian Institute of Technology Kanpur,309,9,11
Dr                                                                                Raghavendra Ragipani,237453,Department of Chemical Engineering,Indian Institute of Technology Kanpur,59,4,9
Dr                                                                                Syam Nair,52989,Department of Civil Engineering,Indian Institute of Technology Kanpur,179,7,7
Dr                                                                                Satyadev Nandakumar,53402,Department of Computer Science and Engineering,Indian Institute of Technology Kanpur,23,2,4
Dr                                                                                Pranav Joshi,110942,Department of Mechanical Engineering,Indian Institute of Technology Kanpur,40,3,6
Dr                                                                                Ashwin Kumar  R S,238145,Department of Electrical Engineering,Indian Institute of Technology Kanpur,28,3,5
Prof                                                                                Tanmay Mathur,415747,Department of Aerospace Engineering,Indian Institute of Technology Kanpur,22,3,2
Dr                                                                                Laltu Chandra,283587,Department of Sustainable Energy Engineering,Indian Institute of Technology Kanpur,1,1,6
Dr                                                                                Faiz Hamid,53423,Department of Industrial and Management Engineering,Indian Institute of Technology Kanpur,14,3,6
Dr                                                                                Pradeep Moise,415752,Department of Aerospace Engineering,Indian Institute of Technology Kanpur,40,2,7
Dr                                                                                Sachin Shinde,110943,Department of Mechanical Engineering,Indian Institute of Technology Kanpur,53,3,3
Dr                                                                                Subrahmanya Swamy Peruru,199785,Department of Electrical Engineering,Indian Institute of Technology Kanpur,29,3,1
Dr                                                                                Gururaj Mirle Vishwanath,237449,Department of Electrical Engineering,Indian Institute of Technology Kanpur,N/A,N/A,N/A
Mr                                                                                Pranjal Chauhan,335101,Department of Materials Science and Engineering,Indian Institute of Technology Kanpur,30,2,5
Dr                                                                                Avijit Khanra,53413,Department of Industrial and Management Engineering,Indian Institute of Technology Kanpur,14,1,4
Dr                                                                                Raghavendra P Kukillaya,110849,Department of Aerospace Engineering,Indian Institute of Technology Kanpur,1,1,1
Dr                                                                                Washim Uddin Mondal,496476,Department of Electrical Engineering,Indian Institute of Technology Kanpur,1,1,2
Dr                                                                                Suvendu Samanta,187302,Department of Electrical Engineering,Indian Institute of Technology Kanpur,37,2,2
Prof                                                                                H.C. Karnick,2915,Department of Computer Science and Engineering,Indian Institute of Technology Kanpur,N/A,N/A,N/A
Prof                                                                                Kripa Shanker,164044,Department of Industrial and Management Engineering,Indian Institute of Technology Kanpur,N/A,N/A,N/A
Dr                                                                                Ashutosh Modi,186896,Department of Computer Science and Engineering,Indian Institute of Technology Kanpur,N/A,N/A,N/A
Dr                                                                                Chunendra Sahu,187229,Department of Civil Engineering,Indian Institute of Technology Kanpur,N/A,N/A,N/A
Dr                                                                                Rik Dey,199772,Department of Electrical Engineering,Indian Institute of Technology Kanpur,N/A,N/A,N/A
Dr                                                                                Amar Nath Roy Chowdhury,201072,Department of Civil Engineering,Indian Institute of Technology Kanpur,N/A,N/A,N/A
Dr                                                                                Dipak Giri,203852,Department of Aerospace Engineering,Indian Institute of Technology Kanpur,N/A,N/A,N/A
Dr                                                                                Chithra -,238142,Department of Electrical Engineering,Indian Institute of Technology Kanpur,N/A,N/A,N/A
Prof                                                                                Shikhar  Misra,240661,Department of Materials Science and Engineering,Indian Institute of Technology Kanpur,N/A,N/A,N/A
Dr                                                                                 Shalu Chaudhary,254337,MSE,Indian Institute of Technology Kanpur,N/A,N/A,N/A
Dr                                                                                Arunabh Meshram,260595,Department of Materials Science and Engineering,Indian Institute of Technology Kanpur,N/A,N/A,N/A
Dr                                                                                Rituraj,269212,Department of Electrical Engineering,Indian Institute of Technology Kanpur,N/A,N/A,N/A
Dr                                                                                Swathi Battula,280618,Department of Electrical Engineering,Indian Institute of Technology Kanpur,N/A,N/A,N/A
Dr                                                                                Sutanu Gayen,280699,Department of Computer Science and Engineering,Indian Institute of Technology Kanpur,N/A,N/A,N/A
Dr                                                                                Avinash Lahgere,295256,Department of Electrical Engineering,Indian Institute of Technology Kanpur,N/A,N/A,N/A
Prof                                                                                Abhilash Patel,300633,Department of Electrical Engineering,Indian Institute of Technology Kanpur,N/A,N/A,N/A
Dr                                                                                Piyush Kant,338360,Department of Electrical Engineering,Indian Institute of Technology Kanpur,N/A,N/A,N/A
Dr                                                                                Amar Behera,415730,Department of Design,Indian Institute of Technology Kanpur,N/A,N/A,N/A
Dr                                                                                Akash Choudhary,415735,Department of Chemical Engineering,Indian Institute of Technology Kanpur,N/A,N/A,N/A
Prof                                                                                Ishan Bajaj,415739,Department of Chemical Engineering,Indian Institute of Technology Kanpur,N/A,N/A,N/A
Dr                                                                                Soniya Chaudhary,483415,Department of Mechanical Engineering,Indian Institute of Technology Kanpur,N/A,N/A,N/A
Prof                                                                                Nikunj Bhagat,493094,Department of Electrical Engineering,Indian Institute of Technology Kanpur,N/A,N/A,N/A
Dr                                                                                Vivek Kant,513057,Department of Design,Indian Institute of Technology Kanpur,N/A,N/A,N/A
