Name,Vidwan ID,Department,College,Total Citations,H Index,Journal Articles
Dr                                                                                Amarendra Kumar Das,193880,Department of Humanities and Basic Sciences,"Indian Institute of Information Technology, Manipur",104,4,9
Dr                                                                                Gaurav Saxena,193876,Department of Electronics and Communication Engineering,"Indian Institute of Information Technology, Manipur",329,11,47
Dr                                                                                Murli Manohar,193877,Department of Electronics and Communication Engineering,"Indian Institute of Information Technology, Manipur",502,13,16
Dr                                                                                Navanath Saharia,193874,Department of Computer Science and Engineering,"Indian Institute of Information Technology, Manipur",128,8,3
Dr                                                                                Prerna Mohit,193875,Department of Computer Science and Engineering,"Indian Institute of Information Technology, Manipur",125,5,7
Dr                                                                                Kaushal Bhardwaj,193872,Department of Computer Science and Engineering,"Indian Institute of Information Technology, Manipur",98,5,6
Dr                                                                                Subasit Borah,193879,Department of Electronics and Communication Engineering,"Indian Institute of Information Technology, Manipur",16,3,3
Dr                                                                                Ramesh Ch Mishra,113274,Department of Electronics and Communication Engineering,"Indian Institute of Information Technology, Manipur",N/A,N/A,N/A
Dr                                                                                Kabita Thaoroijam,193871,Department of Computer Science and Engineering,"Indian Institute of Information Technology, Manipur",N/A,N/A,N/A
Dr                                                                                Nongmeikapam  Kishorjit Singh,193873,Department of Computer Science and Engineering,"Indian Institute of Information Technology, Manipur",N/A,N/A,N/A
Dr                                                                                Nagesh Ch,193878,Department of Electronics and Communication Engineering,"Indian Institute of Information Technology, Manipur",N/A,N/A,N/A
Dr. Kishorjit Nongmeikapam,468685,Department of Computer Science and Engineering,"Indian Institute of Information Technology, Manipur",N/A,N/A,N/A
