Name,Vidwan ID,Department,College,Total Citations,H Index,Journal Articles
Prof                                                                                ANAND SINGH JALAL,480576,Department of Computer Engineering and Applications,G L A University,1570,21,94
Prof                                                                                Kamal Sharma,199451,Department of Mechanical Engineering,G L A University,2881,27,127
Prof                                                                                Saibal Ray,400377,"Centre for Cosmology, Astrophysics and Space Science",G L A University,4495,37,167
Dr                                                                                Saurabh Gupta,371839,Department of Biotechnology,G L A University,828,14,135
Mr                                                                                Aman Sharma,438025,Department of Mechanical Engineering,G L A University,N/A,N/A,N/A
Mr                                                                                Shashank Chaturvedi,185768,Institute of Pharmaceutical Research,G L A University,1224,17,81
Dr                                                                                Dipak Kumar Das,400360,Department of Chemistry,G L A University,2528,28,126
Mr                                                                                Anuj Kumar,185306,Department of Computer Engineering and Applications,G L A University,2246,26,78
Dr                                                                                Manoj Kumar Singh,479325,Department of Physics,G L A University,182,N/A,61
Dr                                                                                Pradeep Kumar Singh,187378,Department of Mechanical Engineering,G L A University,230,3,118
Prof                                                                                Vijay Dwivedi,185058,Department of Mechanical Engineering,G L A University,434,10,61
Dr                                                                                Anukool Vaishnav,489008,Department of Biotechnology,G L A University,1099,16,39
Dr                                                                                Soni Kumari,186255,Department of Mechanical Engineering,G L A University,799,16,44
Nakul Gupta,213125,Department of Civil Engineering,G L A University,713,15,51
Mr                                                                                Rishabh Chaturvedi,456041,Department of Mechanical Engineering,G L A University,225,7,30
Dr                                                                                Hitendra Garg,185087,Department of Computer Engineering and Applications,G L A University,551,12,40
Prof                                                                                Kamal Shah,185857,Institute of Pharmaceutical Research,G L A University,817,17,42
Dr                                                                                Sanjay Kumar Maurya,184982,Department of Electrical Engineering,G L A University,200,7,22
Dr                                                                                Bharat Singh,197464,Department of Mechanical Engineering,G L A University,712,13,43
Prof                                                                                Sujit Kumar Verma,197055,Department of Mechanical Engineering,G L A University,1246,17,43
Dr                                                                                Ranjit Kumar Harwansh,218731,Institute of Pharmaceutical Research,G L A University,1041,19,43
Prof                                                                                Atul Bansal,185068,Department of Electronics and Communication,G L A University,686,14,29
Mr                                                                                Vivek Sharma,198567,Department of Computer Engineering and Applications,G L A University,329,11,38
Dr                                                                                V K Tomar,207080,Department of Electronics and Communication,G L A University,309,11,34
Kushagra Kulshreshtha (PhD),480703,Institute of Business Management,G L A University,181,10,33
Dr                                                                                Jeetendra Kumar Gupta,187982,Institute of Pharmaceutical Research,G L A University,377,12,41
Dr                                                                                Utkal Khandelwal,197365,Institute of Business Management,G L A University,105,6,44
Dr                                                                                Dharm Veer Singh,400379,Department of Physics,G L A University,887,16,80
Dr                                                                                Kuwar Mausam,185048,Department of Mechanical Engineering,G L A University,218,6,19
Dr                                                                                Siva Prasad Panda,219300,Institute of Pharmaceutical Research,G L A University,322,10,41
Dr                                                                                 Rubee Singh,481051,Institute of Business Management,G L A University,96,6,16
Dr                                                                                Kuldeep Kumar Saxena,185012,Department of Mechanical Engineering,G L A University,592,14,24
Dr                                                                                Shiv Bahadur,185516,Institute of Pharmaceutical Research,G L A University,755,15,24
Prof                                                                                Sujit Verma,400378,Department of Mechanical Engineering,G L A University,1246,17,29
Dr                                                                                Manoj Kumar Agrawal,185320,Department of Mechanical Engineering,G L A University,151,5,23
Dr                                                                                Dinesh Chandra Maurya,215185,"Centre for Cosmology, Astrophysics and Space Science",G L A University,162,8,40
Dr                                                                                Shiv Singh,239339,Library,G L A University,1,1,32
Dr                                                                                Vivek Agrawal,185093,Institute of Business Management,G L A University,300,10,28
Dr                                                                                Himanshu Gupta,400365,Department of Biotechnology,G L A University,418,13,30
Prof                                                                                Vishal Goyal,153449,Department of Electronics and Communication,G L A University,81,6,24
Dr                                                                                Rohitas Deshmukh,218736,Institute of Pharmaceutical Research,G L A University,542,11,19
Dr                                                                                Shasanka Sekhar Rout,103211,Department of Electronics and Communication,G L A University,34,4,14
Dr                                                                                Anuj Garg,186004,Institute of Pharmaceutical Research,G L A University,504,13,18
Dr                                                                                Ashutosh Singh,113537,Department of Mathematics,G L A University,291,11,35
Prof                                                                                Anjana Goel,197470,Department of Biotechnology,G L A University,73,4,34
Dr                                                                                Praphula Jain,400363,Department of Computer Engineering and Applications,G L A University,441,11,24
Dr                                                                                Neetu Agrawal,185915,Institute of Pharmaceutical Research,G L A University,319,9,16
Dr                                                                                Waseem Khan,185090,Institute of Business Management,G L A University,166,7,27
Dr                                                                                Yogesh Murti,185486,Institute of Pharmaceutical Research,G L A University,172,7,22
Dr                                                                                Ashutosh Singh,400374,"Centre for Cosmology, Astrophysics and Space Science",G L A University,291,11,33
Mrs                                                                                Sonia Singh,185511,Institute of Pharmaceutical Research,G L A University,93,6,16
Dr                                                                                Aayush Gupta,400357,Department of Mechanical Engineering,G L A University,651,15,29
Mr                                                                                Rahul Pradhan,185159,Department of Computer Engineering and Applications,G L A University,60,4,11
Dr                                                                                Sucheta Agarwal,185385,Institute of Business Management,G L A University,477,12,26
Mr                                                                                Dhirendra Prasad Yadav,197532,Department of Computer Engineering and Applications,G L A University,331,8,15
Dr                                                                                Swaroop Pandey,474305,Department of Biotechnology,G L A University,134,7,27
Mr                                                                                Yogendra Kumar,476661,Department of Electrical Engineering,G L A University,28,4,2
Dr                                                                                Sanjeev  Kumar,481237,Faculty of Agricultural Science,G L A University,27,4,19
Dr                                                                                Manish Raj,92961,Department of Computer Engineering and Applications,G L A University,193,6,10
Dr                                                                                Subhash Chand Agrawal,185140,Department of Computer Engineering and Applications,G L A University,248,9,13
Dr                                                                                Bhupesh Semwal,185414,Institute of Pharmaceutical Research,G L A University,96,5,17
Dr                                                                                Punit SIngh,477304,Department of Mechanical Engineering,G L A University,N/A,N/A,20
Mr                                                                                Gaurav Bharadwaj,185046,Department of Mechanical Engineering,G L A University,216,6,20
Dr                                                                                Law Singh,403282,Department of Computer Engineering and Applications,G L A University,182,8,25
Dr                                                                                Vinod Kumar Bhardwaj,478202,Department of Mathematics,G L A University,N/A,N/A,N/A
Dr                                                                                Manvendra Verma,400359,Department of Civil Engineering,G L A University,443,11,18
Mr                                                                                Sanjeev Kumar Gupta,185226,Department of Mechanical Engineering,G L A University,218,11,12
Mr                                                                                Manish Rawat,185318,Department of Mechanical Engineering,G L A University,170,8,12
Dr                                                                                Ranjay Shaw,392754,Department of Chemistry,G L A University,48,5,20
Dr                                                                                Avanish Tripathi,220553,Institute of Pharmaceutical Research,G L A University,204,8,23
Dr                                                                                Saptarshi Pal,479087,Department of Physics,G L A University,339,9,20
Dr                                                                                Gopal Agrawal,185549,Institute of Pharmaceutical Research,G L A University,75,4,18
Dr                                                                                Pooja Pathak,186236,Department of Mathematics,G L A University,9,2,11
Dr                                                                                Subhash Chandra,185117,Department of Electrical Engineering,G L A University,118,N/A,8
Prof                                                                                Aruna Dhamija,198189,Institute of Business Management,G L A University,59,3,17
Mr                                                                                DHEERAJ KALRA,481465,Department of Electronics and Communication,G L A University,32,4,6
Mr                                                                                Rajesh Kumar Tripathi,187027,Department of Computer Engineering and Applications,G L A University,203,6,7
Dr                                                                                Hari Prapan Sharma,197897,Institute of Business Management,G L A University,16,2,15
Dr                                                                                Shashi Bhushan,386537,Department of Computer Engineering and Applications,G L A University,92,5,9
Mr                                                                                Prashant Sharma,213105,Department of Mechanical Engineering,G L A University,137,6,13
Dr                                                                                Amit Kumar,385815,Department of Mechanical Engineering,G L A University,1205,11,9
Mr                                                                                Rajat Yadav,477967,Department of Mechanical Engineering,G L A University,42,5,11
Mr                                                                                Vikas Sharma,185302,Department of Mechanical Engineering,G L A University,40,4,10
Mrs                                                                                Shilpi Pathak,186250,Institute of Pharmaceutical Research,G L A University,20,3,8
Dr                                                                                Naveen Kumar Gupta,186428,Department of Mechanical Engineering,G L A University,93,3,9
Dr                                                                                Amit Kumar,400381,Department of Mechanical Engineering,G L A University,1199,11,9
Dr                                                                                Suraj Prakash,478115,Department of Physics,G L A University,5,1,7
Mr                                                                                Narendra Mohan,187424,Department of Computer Engineering and Applications,G L A University,39,4,5
Mr                                                                                Deepak Mangal,184932,Department of Computer Engineering and Applications,G L A University,24,2,2
Dr                                                                                Neeraj Gupta,185180,Department of Computer Engineering and Applications,G L A University,114,6,6
Mr                                                                                Mohit Verma,213113,Department of Civil Engineering,G L A University,86,3,4
Dr                                                                                Sukhendra Singh,400375,Department of Biotechnology,G L A University,50,4,9
Dr                                                                                Ejaj  Tarif,479385,Department of Chemistry,G L A University,197,7,15
Reetesh Kumar,492268,Faculty of Agricultural Science,G L A University,231,8,11
Dr                                                                                Atul Kumar Uttam,184971,Department of Computer Engineering and Applications,G L A University,33,3,3
Dr                                                                                Anant Ram,187990,Department of Computer Engineering and Applications,G L A University,96,5,5
Dr                                                                                Shubham Sharma,473288,Department of Chemistry,G L A University,45,4,12
Dr. Manu Banga,481105,Department of Computer Engineering and Applications,G L A University,N/A,N/A,12
Dr                                                                                Manisha Goswami,198202,Institute of Business Management,G L A University,3,1,6
Mr                                                                                RAVI KUMAR,213110,Department of Civil Engineering,G L A University,25,3,4
