Name,Vidwan ID,Department,College,Total Citations,H Index,Journal Articles
Prof                                                                                Sarat Kumar Patra,90475,Department of Computer Science and Information Technology,"Indian Institute of Information Technology, Vadodara",703,13,48
Dr                                                                                Ashish Phophalia,136238,Department of Computer Science and Information Technology,"Indian Institute of Information Technology, Vadodara",108,6,5
Dr                                                                                Kamal Kishor Jha,136236,Department of Computer Science and Information Technology,"Indian Institute of Information Technology, Vadodara",62,5,16
Dr                                                                                Novarun Deb,136237,Department of Computer Science and Information Technology,"Indian Institute of Information Technology, Vadodara",64,5,6
Dr                                                                                Jignesh S Bhatt,90457,Department of Computer Science and Information Technology,"Indian Institute of Information Technology, Vadodara",92,6,6
Dr                                                                                Naveen Kumar,136239,Department of Computer Science and Information Technology,"Indian Institute of Information Technology, Vadodara",29,3,7
Dr                                                                                Sunil Dutt,136242,Department of Computer Science and Information Technology,"Indian Institute of Information Technology, Vadodara",164,7,6
Dr                                                                                Soumen Atta,136245,Department of Computer Science and Information Technology,"Indian Institute of Information Technology, Vadodara",46,3,9
Dr                                                                                Venkata Phanikrishna B,210201,Department of Computer Science and Information Technology,"Indian Institute of Information Technology, Vadodara",75,5,6
Dr                                                                                Antriksh Goswami,136244,Department of Computer Science and Information Technology,"Indian Institute of Information Technology, Vadodara",44,3,6
Dr                                                                                Punitkumar Bhavsar,136241,Department of Computer Science and Information Technology,"Indian Institute of Information Technology, Vadodara",98,4,4
Dr                                                                                Bhupendra Kumar,136243,Department of Computer Science and Information Technology,"Indian Institute of Information Technology, Vadodara",30,2,1
Dr                                                                                Pratik Shah,136240,Department of Computer Science and Information Technology,"Indian Institute of Information Technology, Vadodara",N/A,N/A,1
