Name,Vidwan ID,Department,College,Total Citations,H Index,Journal Articles
Dr                                                                                Ajeet Kumar,326738,Department of Soil Science,"Dr Rajendra Prasad Central Agricultural University, Samastipur",221,8,139
Dr                                                                                Navnit Kumar,327151,Department of Agronomy,"Dr Rajendra Prasad Central Agricultural University, Samastipur",8,1,76
Dr                                                                                Ramesh  Kumar Jha,328421,Department of Forestry,"Dr Rajendra Prasad Central Agricultural University, Samastipur",1,1,103
Dr                                                                                Mahendar Thudi,328317,Department of Agricultural Biotechnology and Molecular Biology,"Dr Rajendra Prasad Central Agricultural University, Samastipur",5849,44,128
Dr                                                                                Anil Kumar,328554,Department Of Entomology,"Dr Rajendra Prasad Central Agricultural University, Samastipur",7,2,116
Dr                                                                                Md. Minnatullah,331187,Department Of Plant Pathology,"Dr Rajendra Prasad Central Agricultural University, Samastipur",2,N/A,47
Dr                                                                                Ratnesh Kumar Jha,327103,Department of Agronomy,"Dr Rajendra Prasad Central Agricultural University, Samastipur",3,1,59
Prof                                                                                Suresh Kumar Verma,329696,Department of Horticulture,"Dr Rajendra Prasad Central Agricultural University, Samastipur",N/A,N/A,53
Dr                                                                                Sanjeew Kumar Sinha,332201,Department of Soil Science,"Dr Rajendra Prasad Central Agricultural University, Samastipur",N/A,N/A,62
Dr                                                                                Shishir Kala,328264,Department of Resource Management And Consumer Science,"Dr Rajendra Prasad Central Agricultural University, Samastipur",N/A,N/A,N/A
Prof                                                                                Usha Singh,328598,Department of Food And Nutrition,"Dr Rajendra Prasad Central Agricultural University, Samastipur",13,2,81
Dr                                                                                Biswajit Pramanick,326508,Department of Agronomy,"Dr Rajendra Prasad Central Agricultural University, Samastipur",556,16,66
Dr                                                                                Santosh Kumar Singh,328588,Department of Soil Science,"Dr Rajendra Prasad Central Agricultural University, Samastipur",1505,18,63
Dr                                                                                Sanjay Kumar Sahoo,328295,Department Of Entomology,"Dr Rajendra Prasad Central Agricultural University, Samastipur",N/A,N/A,93
Dr                                                                                Shivanath Suman,329553,Department of Soil Science,"Dr Rajendra Prasad Central Agricultural University, Samastipur",N/A,N/A,54
Dr                                                                                Shivendra Kumar,326496,Department of Aquaculture,"Dr Rajendra Prasad Central Agricultural University, Samastipur",1612,21,67
Dr                                                                                Dipty Kumar Das,328411,,"Dr Rajendra Prasad Central Agricultural University, Samastipur",24,2,65
Dr                                                                                Balwant Kumar,326590,"Genetics and Plant Breeding ,SRI Pusa","Dr Rajendra Prasad Central Agricultural University, Samastipur",N/A,N/A,14
Dr                                                                                Ravish Chandra,326940,Irrigation and Drainage Engineering,"Dr Rajendra Prasad Central Agricultural University, Samastipur",N/A,N/A,10
Dr                                                                                RAM PRAWESH  PRASAD,332325,Plant Pathology,"Dr Rajendra Prasad Central Agricultural University, Samastipur",N/A,N/A,26
Dr                                                                                Sanjay Kumar,328296,Department of Soil Science,"Dr Rajendra Prasad Central Agricultural University, Samastipur",95,4,65
Dr                                                                                Pushpa Singh,328398,Department of Entomology,"Dr Rajendra Prasad Central Agricultural University, Samastipur",6,1,59
Dr                                                                                GEETA KUMARI,329525,Department of Microbiology,"Dr Rajendra Prasad Central Agricultural University, Samastipur",N/A,N/A,24
Dr                                                                                Manoj Kumar,328214,Department of Entomology,"Dr Rajendra Prasad Central Agricultural University, Samastipur",N/A,N/A,59
Dr                                                                                Abdus Sattar,328313,Center for Advance Studies on Climate Change,"Dr Rajendra Prasad Central Agricultural University, Samastipur",60,3,50
Dr                                                                                Sanjay Kumar Patel,392103,,"Dr Rajendra Prasad Central Agricultural University, Samastipur",123,7,57
Dr                                                                                Indubhushan Pandey,533444,Department of Agronomy,"Dr Rajendra Prasad Central Agricultural University, Samastipur",N/A,N/A,60
Dr                                                                                Dhirendra Kumar Roy,329093,Department of Agronomy,"Dr Rajendra Prasad Central Agricultural University, Samastipur",1,1,49
Dr                                                                                Dharm Nath Kamat,329622,Department of Genetics And Plant Breeding,"Dr Rajendra Prasad Central Agricultural University, Samastipur",N/A,N/A,39
Dr                                                                                Abdus Sattar,344524,Department of Agrometeorology,"Dr Rajendra Prasad Central Agricultural University, Samastipur",60,3,39
Dr                                                                                Ashutosh Singh,326390,Department of Advanced Studies on Climate Change (Plant Biotechnology),"Dr Rajendra Prasad Central Agricultural University, Samastipur",30,4,29
Dr                                                                                Lalita Rana,327384,Department of Agronomy,"Dr Rajendra Prasad Central Agricultural University, Samastipur",143,6,33
Dr                                                                                 Neeraj Neeraj,334022,Horticulture,"Dr Rajendra Prasad Central Agricultural University, Samastipur",1,N/A,21
Dr                                                                                VIKRAM BHARATI,327026,Department of Agronomy,"Dr Rajendra Prasad Central Agricultural University, Samastipur",39,2,43
Dr                                                                                Shailesh Kumar,396956,"Department of Botany, Plant Physiology And Biochemistry","Dr Rajendra Prasad Central Agricultural University, Samastipur",6,1,21
Dr                                                                                Mogalekar H S,327409,Department of Fisheries Resource Management,"Dr Rajendra Prasad Central Agricultural University, Samastipur",N/A,N/A,42
Dr                                                                                Kumari Anjani,528644,Department of Agricultural Biotechnology and Molecular Biology,"Dr Rajendra Prasad Central Agricultural University, Samastipur",N/A,N/A,10
Dr                                                                                Abhik Patra,329053,"Krishi Vigyan Kendra, West Champaran","Dr Rajendra Prasad Central Agricultural University, Samastipur",59,4,24
Dr                                                                                M S. Sai Reddy,327328,Department Of Entomology,"Dr Rajendra Prasad Central Agricultural University, Samastipur",17,2,30
Dr                                                                                Rajeev Nayan  Bahuguna,326502,Botany and Plant Physiology,"Dr Rajendra Prasad Central Agricultural University, Samastipur",808,13,24
Dr                                                                                Krishna Kumar,329507,Department of Pandit Deendayal Upadhyay College of Horticulture and Forestry,"Dr Rajendra Prasad Central Agricultural University, Samastipur",25,1,8
Dr                                                                                Krishna Mohan Kumar,328391,"Krishi Vigyan Kendra, Piprakothi","Dr Rajendra Prasad Central Agricultural University, Samastipur",71,N/A,25
Dr                                                                                Arun Kumar Paswan,329849,Department of Extension Education And Communication Management,"Dr Rajendra Prasad Central Agricultural University, Samastipur",N/A,N/A,29
Prof                                                                                Pratibha Devi Sharma,330582,Department of Processing And Food Engineering,"Dr Rajendra Prasad Central Agricultural University, Samastipur",3,1,29
Dr                                                                                Gangadhar Nanda,328037,Department of Agronomy,"Dr Rajendra Prasad Central Agricultural University, Samastipur",41,3,22
Dr                                                                                Dhruv Kishor Sinha,328199,Department of Agricultural Economics,"Dr Rajendra Prasad Central Agricultural University, Samastipur",7,2,27
Dr                                                                                Karma Bhutia,328267,Department of Agricultural Biotechnology and Molecular Biology,"Dr Rajendra Prasad Central Agricultural University, Samastipur",35,3,10
Dr                                                                                Ramakrishna Roy,329513,Department of Poultry Science,"Dr Rajendra Prasad Central Agricultural University, Samastipur",N/A,N/A,15
Dr                                                                                Pankaj  Singh,333621,Pandit Deendayal Upadhyay College of Horticulture and Forestry,"Dr Rajendra Prasad Central Agricultural University, Samastipur",2,N/A,16
Dr                                                                                Gulab Singh,330905,Department of Agrometeorology,"Dr Rajendra Prasad Central Agricultural University, Samastipur",1,1,21
Prof                                                                                Udayan Mukherjee,527415,Entomology,"Dr Rajendra Prasad Central Agricultural University, Samastipur",6,1,20
Dr                                                                                K Prasad,326837,Department of Horticulture,"Dr Rajendra Prasad Central Agricultural University, Samastipur",20,2,15
Dr                                                                                Manish Kumar,326983,,"Dr Rajendra Prasad Central Agricultural University, Samastipur",249,10,24
Prof                                                                                Sanjay Kumar,328412,Department of Farm Machinery And Power Engineering,"Dr Rajendra Prasad Central Agricultural University, Samastipur",N/A,N/A,10
Mr                                                                                RAM BABU SHARMA,334180,Plant Pathology,"Dr Rajendra Prasad Central Agricultural University, Samastipur",N/A,N/A,4
Dr                                                                                Pravesh Kumar,342667,Department of Aquaculture,"Dr Rajendra Prasad Central Agricultural University, Samastipur",122,8,18
Dr                                                                                Devanshu Dev,326563,Department of Plant Pathology,"Dr Rajendra Prasad Central Agricultural University, Samastipur",130,3,5
Dr                                                                                Santosh Kumar Thakur,328592,Department of Soil Science,"Dr Rajendra Prasad Central Agricultural University, Samastipur",N/A,N/A,20
Dr                                                                                Hemlata Singh,326643,"Department of Botany, Plant Physiology And Biochemistry","Dr Rajendra Prasad Central Agricultural University, Samastipur",67,5,17
Dr                                                                                Soibam Lanabir Singh,328319,Department of Forestry,"Dr Rajendra Prasad Central Agricultural University, Samastipur",47,2,19
Prof                                                                                Ram NIwas Singh,334201,Plant Pathology,"Dr Rajendra Prasad Central Agricultural University, Samastipur",N/A,N/A,17
Dr                                                                                Sanjay Kumar Singh,329853,Department of Soil Science,"Dr Rajendra Prasad Central Agricultural University, Samastipur",2,1,1
Dr                                                                                Sangeeta Deo,527561,College of Community Science,"Dr Rajendra Prasad Central Agricultural University, Samastipur",3,1,19
Dr                                                                                Sujit Kumar Nayak,327319,Department of Aquatic Animal Health Management,"Dr Rajendra Prasad Central Agricultural University, Samastipur",N/A,N/A,18
Dr                                                                                Rajesh Kumar Meena,328366,Department of Forestry,"Dr Rajendra Prasad Central Agricultural University, Samastipur",N/A,N/A,20
Dr                                                                                Sarita Kumari,328486,Department of Agricultural Biotechnology and Molecular Biology,"Dr Rajendra Prasad Central Agricultural University, Samastipur",2,1,15
Dr                                                                                Rajeev Kumar,328568,Department of Agricultural Biotechnology and Molecular Biology,"Dr Rajendra Prasad Central Agricultural University, Samastipur",59,5,17
Dr                                                                                Kumari Shipra,328952,Department of Extension Education And Communication Management,"Dr Rajendra Prasad Central Agricultural University, Samastipur",N/A,N/A,1
Dr                                                                                Kumari Sunita,328091,Department of Food And Nutrition,"Dr Rajendra Prasad Central Agricultural University, Samastipur",N/A,N/A,8
Dr                                                                                Ram Kumar Sahu,331138,Department of Soil and Water Engineering,"Dr Rajendra Prasad Central Agricultural University, Samastipur",152,4,16
Mr                                                                                Sanjay  Kumar,332372,Entomology,"Dr Rajendra Prasad Central Agricultural University, Samastipur",N/A,N/A,12
Dr                                                                                Tarun Kumar,445407,"Krishi Vigyan Kendra, Saraiya","Dr Rajendra Prasad Central Agricultural University, Samastipur",485,N/A,13
Dr                                                                                Smriti Rekha Sarkar,527584,College of Community Science,"Dr Rajendra Prasad Central Agricultural University, Samastipur",3,1,15
Mr                                                                                Guptnath Trivedi,326316,Department of University Library,"Dr Rajendra Prasad Central Agricultural University, Samastipur",6,1,8
Dr                                                                                Shiv Shankar Prasad,327029,Department of Soil Science,"Dr Rajendra Prasad Central Agricultural University, Samastipur",10,1,10
Dr                                                                                Dharminder Choudhary,328323,Department of Agronomy,"Dr Rajendra Prasad Central Agricultural University, Samastipur",11,N/A,12
Dr                                                                                Amalendu  Kumar,327475,"Agricultural Economics,TCA,Dholi","Dr Rajendra Prasad Central Agricultural University, Samastipur",1,N/A,11
Dr                                                                                M.N. Ansari,327761,Agriculture Extension Education,"Dr Rajendra Prasad Central Agricultural University, Samastipur",N/A,N/A,13
Dr                                                                                Amar Kant Gautam,326391,Department of Banana Research Centre,"Dr Rajendra Prasad Central Agricultural University, Samastipur",140,5,9
Mr                                                                                Roshan Kumar Ram,329413,Department Of Fisheries Resource Management,"Dr Rajendra Prasad Central Agricultural University, Samastipur",N/A,N/A,12
Mr                                                                                Gouri Shankar Giri,326600,Department of Entomology,"Dr Rajendra Prasad Central Agricultural University, Samastipur",9,2,10
Dr                                                                                Savita Kumari,328130,Department of Food And Nutrition,"Dr Rajendra Prasad Central Agricultural University, Samastipur",N/A,N/A,N/A
Dr                                                                                Mukesh Kr Singh,328372,Department Of Entomology,"Dr Rajendra Prasad Central Agricultural University, Samastipur",N/A,N/A,9
Dr                                                                                Neha Pareek,329052,"Krishi Vigyan Kendra, Piprakothi","Dr Rajendra Prasad Central Agricultural University, Samastipur",N/A,N/A,9
Mr                                                                                Naveen Kumar,326663,"Krishi Vigyan Kendra, Gopalganj","Dr Rajendra Prasad Central Agricultural University, Samastipur",12,2,8
Dr                                                                                Sudha Nandni,327597,Department of Plant Pathology,"Dr Rajendra Prasad Central Agricultural University, Samastipur",1,N/A,N/A
Dr                                                                                Anjali Sudhakar,329386,"Krishi Vigyan Kendra, Darbhanga","Dr Rajendra Prasad Central Agricultural University, Samastipur",41,N/A,N/A
Dr                                                                                ANAND PRASAD RAKESH,333063,Soil Science,"Dr Rajendra Prasad Central Agricultural University, Samastipur",N/A,N/A,8
Dr                                                                                Ram Suresh,326942,Department of Soil and Water Engineering,"Dr Rajendra Prasad Central Agricultural University, Samastipur",N/A,N/A,1
Dr                                                                                Asish Kumar Panda,327473,Department of Horticulture,"Dr Rajendra Prasad Central Agricultural University, Samastipur",6,1,4
Dr                                                                                NARENDRA  KUMAR,335131,Department of Regional Research Station,"Dr Rajendra Prasad Central Agricultural University, Samastipur",N/A,N/A,9
Dr                                                                                Sarvesh Kumar,326406,Department of Regional Research Station,"Dr Rajendra Prasad Central Agricultural University, Samastipur",N/A,N/A,6
Dr                                                                                Nagendra Kumar,328468,Department Of Entomology,"Dr Rajendra Prasad Central Agricultural University, Samastipur",N/A,N/A,N/A
Dr                                                                                Sidh Nath Singh,328548,Department of Plant Pathology,"Dr Rajendra Prasad Central Agricultural University, Samastipur",N/A,N/A,1
Prof                                                                                Dr. Arunima Kumari,328373,College of Community Science,"Dr Rajendra Prasad Central Agricultural University, Samastipur",N/A,N/A,N/A
Dr                                                                                Bimla Rai,329532,Department of Plant Pathology,"Dr Rajendra Prasad Central Agricultural University, Samastipur",N/A,N/A,6
Dr                                                                                Ashutosh Kumar,152963,"Krishi Vigyan Kendra, Sheohar","Dr Rajendra Prasad Central Agricultural University, Samastipur",N/A,N/A,N/A
Dr                                                                                Kamlesh Kumar Singh,327005,Department of Soil Science,"Dr Rajendra Prasad Central Agricultural University, Samastipur",N/A,N/A,2
Dr                                                                                Arti Sinha,328228,Department of Human Development And Family Studies,"Dr Rajendra Prasad Central Agricultural University, Samastipur",N/A,N/A,6
Dr                                                                                Harendra Singh,523915,Agronomy,"Dr Rajendra Prasad Central Agricultural University, Samastipur",N/A,N/A,6
