Name,Vidwan ID,Department,College,Total Citations,H Index,Journal Articles
Prof                                                                                G C  Nandi (HAG),44271,Department of Information Technology,"Indian Institute of Information Technology, Allahabad",1268,20,47
Dr                                                                                Sitangshu Bhattacharya,102946,Department of Electronics and Communication Engineering,"Indian Institute of Information Technology, Allahabad",1098,19,83
Dr                                                                                Rahul Kala,102956,Department of Information Technology,"Indian Institute of Information Technology, Allahabad",1068,19,82
Prof                                                                                Om Prakash Vyas,102969,Department of Information Technology,"Indian Institute of Information Technology, Allahabad",658,11,41
Dr                                                                                Ashutosh Kumar Singh,102938,Department of Electronics and Communication Engineering,"Indian Institute of Information Technology, Allahabad",968,17,69
Dr                                                                                Sonali Agarwal,102950,Department of Information Technology,"Indian Institute of Information Technology, Allahabad",1492,17,31
Dr                                                                                Rajat Kumar Singh,102943,Department of Electronics and Communication Engineering,"Indian Institute of Information Technology, Allahabad",1212,18,55
Dr                                                                                Shiv Ram Dubey,130669,Department of Information Technology,"Indian Institute of Information Technology, Allahabad",2623,23,56
Dr                                                                                Upendra Kumar,225024,Department of Applied Sciences,"Indian Institute of Information Technology, Allahabad",661,16,78
Prof                                                                                Uma Shanker Tiwary,102964,Department of Information Technology,"Indian Institute of Information Technology, Allahabad",1085,15,22
Dr                                                                                Sunny Sharma,102948,Department of Electronics and Communication Engineering,"Indian Institute of Information Technology, Allahabad",276,10,53
Prof                                                                                Neetesh Purohit,102940,Department of Electronics and Communication Engineering,"Indian Institute of Information Technology, Allahabad",273,9,25
Prof                                                                                Anupam Agrawal,102951,Department of Information Technology,"Indian Institute of Information Technology, Allahabad",1826,12,15
Dr                                                                                Kavindra Kandpal,115438,Department of Electronics and Communication Engineering,"Indian Institute of Information Technology, Allahabad",N/A,N/A,38
Dr                                                                                Krishna Pratap Singh,102961,Department of Information Technology,"Indian Institute of Information Technology, Allahabad",730,8,29
Prof                                                                                Mukul Sharad Sutaone,147084,Department of Electronics and Communication Engineering,"Indian Institute of Information Technology, Allahabad",100,6,18
Dr                                                                                Mohammed Javed,102955,Department of Information Technology,"Indian Institute of Information Technology, Allahabad",225,8,8
Dr                                                                                Navjot Singh,104744,Department of Information Technology,"Indian Institute of Information Technology, Allahabad",563,15,25
Dr                                                                                Prasanna Kumar Mishra,102942,Department of Electronics and Communication Engineering,"Indian Institute of Information Technology, Allahabad",88,6,23
Prof                                                                                Vrijendra Singh,85409,Department of Information Technology,"Indian Institute of Information Technology, Allahabad",429,9,16
Dr                                                                                Amit Prabhakar,102921,Department of Applied Sciences,"Indian Institute of Information Technology, Allahabad",513,10,23
Dr                                                                                Pooja Mishra,102941,Department of Electronics and Communication Engineering,"Indian Institute of Information Technology, Allahabad",187,6,10
Dr                                                                                Surya Prakash,200406,Department of Electronics and Communication Engineering,"Indian Institute of Information Technology, Allahabad",79,4,8
Dr                                                                                Abhishek Vaish,102965,Department of Information Technology,"Indian Institute of Information Technology, Allahabad",210,8,10
Dr                                                                                Ranjana Vyas,102970,,"Indian Institute of Information Technology, Allahabad",76,5,6
Dr                                                                                Triloki Pant,102959,Department of Information Technology,"Indian Institute of Information Technology, Allahabad",51,3,9
Dr                                                                                Nabajyoti  Mazumdar,184914,Department of Information Technology,"Indian Institute of Information Technology, Allahabad",319,10,12
Dr                                                                                Rekha Verma,102945,Department of Electronics and Communication Engineering,"Indian Institute of Information Technology, Allahabad",65,6,12
Dr                                                                                Ramesh Kumar Bhukya,225026,Department of Electronics and Communication Engineering,"Indian Institute of Information Technology, Allahabad",112,3,5
Dr                                                                                 Vijay  Kumar yadav,308253,information technology,"Indian Institute of Information Technology, Allahabad",101,6,16
Dr                                                                                Anjali Gautam,212605,Department of Information Technology,"Indian Institute of Information Technology, Allahabad",159,8,8
Dr                                                                                Himanshu Maurya,212612,Department of Electronics and Communication Engineering,"Indian Institute of Information Technology, Allahabad",24,3,11
Dr                                                                                Amar Nath Yadav,102937,Department of Electronics and Communication Engineering,"Indian Institute of Information Technology, Allahabad",55,3,8
Dr                                                                                Anshu S Anand,103905,Department of Information Technology,"Indian Institute of Information Technology, Allahabad",32,3,4
Dr                                                                                Shanti Chandra,123349,Department of Electronics and Communication Engineering,"Indian Institute of Information Technology, Allahabad",43,4,5
Dr                                                                                Ashutosh Mishra,224079,Department of Applied Sciences,"Indian Institute of Information Technology, Allahabad",28,3,5
Dr                                                                                Radhika Gour,225177,Department of Electronics and Communication Engineering,"Indian Institute of Information Technology, Allahabad",N/A,N/A,N/A
Dr                                                                                Muneendra Ojha,412442,Department of Information Technology,"Indian Institute of Information Technology, Allahabad",N/A,N/A,N/A
Dr                                                                                Naveen Saini,531844,Department of Information Technology,"Indian Institute of Information Technology, Allahabad",N/A,N/A,N/A
