Name,Vidwan ID,Department,College,Total Citations,H Index,Journal Articles
Prof                                                                                Krishnan Balasubramanian,50968,Department of Mechanical Engineering,Indian Institute of Technology Madras,5926,40,288
Prof                                                                                Sundara Ramaprabhu,10325,Department of Physics,Indian Institute of Technology Madras,16622,67,356
Prof.                                                                                Ramanujam Sarathi,50878,Department of Electrical Engineering,Indian Institute of Technology Madras,3050,27,245
Prof                                                                                Jayaganthan  R,68155,Department of Engineering Design,Indian Institute of Technology Madras,5835,40,254
Dr                                                                                Mohanasankar  S,67515,Department of Electrical Engineering,Indian Institute of Technology Madras,2977,24,69
Prof                                                                                Balasubramanian M,50823,Department of Metallurgical and Materials Engineering,Indian Institute of Technology Madras,11807,58,253
Dr                                                                                T Sundararajan,10323,Department of Mechanical Engineering,Indian Institute of Technology Madras,8476,40,222
Prof                                                                                Rajagopalan Srinivasan,67591,Department of Chemical Engineering,Indian Institute of Technology Madras,4442,39,159
Prof                                                                                Sarit Kumar  Das,68271,Department of Mechanical Engineering,Indian Institute of Technology Madras,17796,48,222
Prof                                                                                Raman I Sujith,50728,Department of Aerospace Engineering,Indian Institute of Technology Madras,4937,36,177
Prof                                                                                V Sundar,61818,Department of Ocean Engineering,Indian Institute of Technology Madras,2023,25,158
Prof                                                                                Sundararajan G,61829,Department of Metallurgical and Materials Engineering,Indian Institute of Technology Madras,8727,47,219
Prof                                                                                Tanmay Basak,51500,Department of Chemical Engineering,Indian Institute of Technology Madras,6740,43,219
Dr                                                                                S R Chakravarthy,60125,Department of Aerospace Engineering,Indian Institute of Technology Madras,2261,27,121
Prof                                                                                Balaji Chakravarthy,10340,Department of Mechanical Engineering,Indian Institute of Technology Madras,3937,34,197
Prof.                                                                                Mahesh  Kumar Mishra,50849,,Indian Institute of Technology Madras,5530,41,91
Prof.                                                                                K Srinivasan,50488,Department of Civil Engineering,Indian Institute of Technology Madras,7100,37,184
Prof.                                                                                K Shanti Swarup,50914,Department of Electrical Engineering,Indian Institute of Technology Madras,3725,32,97
Prof                                                                                Arunachalakasi Arockiarajan,50786,Department of Applied Mechanics,Indian Institute of Technology Madras,2375,24,184
Prof.                                                                                Krishna Moorthy Sivalingam,50716,Department of Computer Science and Engineering,Indian Institute of Technology Madras,4450,27,68
Prof                                                                                S A Sannasiraj,61857,Department of Ocean Engineering,Indian Institute of Technology Madras,1549,22,113
Dr                                                                                Tiju  Thomas,69255,Department of Metallurgical and Materials Engineering,Indian Institute of Technology Madras,3787,31,191
Prof                                                                                Ramakrishnan  Swaminathan,60838,Department of Applied Mechanics,Indian Institute of Technology Madras,1782,21,109
Prof                                                                                Raghunathan Rengasamy,51416,Department of Chemical Engineering,Indian Institute of Technology Madras,8642,34,132
Prof.                                                                                Nilesh J Vasa,50963,Department of Engineering Design,Indian Institute of Technology Madras,1419,20,128
Dr.                                                                                Srinivasa K Reddy,4386,Department of Mechanical Engineering,Indian Institute of Technology Madras,6332,45,166
Prof.                                                                                Hema A Murthy,10210,Department of Computer Science and Engineering,Indian Institute of Technology Madras,2880,25,46
Prof                                                                                Kamaraj M,31820,Department of Metallurgical and Materials Engineering,Indian Institute of Technology Madras,4144,36,173
Prof                                                                                C Siva Ram Murthy,42789,Department of Computer Science and Engineering,Indian Institute of Technology Madras,2068,23,108
Prof                                                                                Jitendra Sangwai,50738,Department of Chemical Engineering,Indian Institute of Technology Madras,4744,37,159
Dr                                                                                Ashis Kumar Sen,61838,Department of Mechanical Engineering,Indian Institute of Technology Madras,3102,28,159
Prof.                                                                                B Nageswara  Rao,50568,Department of Civil Engineering,Indian Institute of Technology Madras,2434,27,126
Dr                                                                                Jayaraj  Joseph,157745,Department of Electrical Engineering,Indian Institute of Technology Madras,1131,18,45
Prof.                                                                                A N Rajagopalan,50865,Department of Electrical Engineering,Indian Institute of Technology Madras,3662,31,68
Prof.                                                                                Manu  Santhanam,50472,Department of Civil Engineering,Indian Institute of Technology Madras,5573,37,134
Prof                                                                                Ligy  Philip,50483,Department of Civil Engineering,Indian Institute of Technology Madras,5319,39,161
Prof                                                                                Balaraman  Ravindran,50714,Department of Computer Science and Engineering,Indian Institute of Technology Madras,2528,28,35
Dr                                                                                Deepa Venkitesh,61879,Department of Electrical Engineering,Indian Institute of Technology Madras,601,13,60
Prof                                                                                Balaji  Srinivasan,50740,Department of Electrical Engineering,Indian Institute of Technology Madras,847,15,57
Dr                                                                                Balaji  Srinivasan,68211,Department of Mechanical Engineering,Indian Institute of Technology Madras,1467,18,78
Prof.                                                                                Nandita  DasGupta,10244,Department of Electrical Engineering,Indian Institute of Technology Madras,2232,24,110
Dr.                                                                                A Ramesh,10337,Department of Mechanical Engineering,Indian Institute of Technology Madras,3576,32,94
Prof                                                                                Shunmugam M S,51054,Department of Mechanical Engineering,Indian Institute of Technology Madras,3152,32,142
Prof.                                                                                Ravindra  Gettu,50477,Department of Civil Engineering,Indian Institute of Technology Madras,3328,29,105
Prof                                                                                Sreenivas Jayanti,51483,Department of Chemical Engineering,Indian Institute of Technology Madras,4115,39,135
Prof                                                                                Abdus Samad,61811,Department of Ocean Engineering,Indian Institute of Technology Madras,1382,20,90
Dr.                                                                                Shankar C  Subramanian,50978,Department of Engineering Design,Indian Institute of Technology Madras,1229,18,80
Dr.                                                                                Raghu V Prakash,51000,Department of Mechanical Engineering,Indian Institute of Technology Madras,953,15,57
Dr                                                                                Shanthi Pavan,61884,Department of Electrical Engineering,Indian Institute of Technology Madras,2312,25,74
Dr                                                                                R Velmurugan,61872,Department of Aerospace Engineering,Indian Institute of Technology Madras,2684,32,105
Prof                                                                                R Sundaravadivelu,10374,Department of Ocean Engineering,Indian Institute of Technology Madras,943,16,62
Prof.                                                                                Amitava Das  Gupta,50730,Department of Electrical Engineering,Indian Institute of Technology Madras,1686,21,82
Prof                                                                                Gandham Phanikumar,50867,Department of Metallurgical and Materials Engineering,Indian Institute of Technology Madras,1834,25,129
Dr.                                                                                Prabhu Rajagopal,50986,Department of Mechanical Engineering,Indian Institute of Technology Madras,1287,19,76
Prof                                                                                Sivakumar M Srinivasan,10107,Department of Applied Mechanics,Indian Institute of Technology Madras,1436,21,120
Dr                                                                                Vinu R,67597,Department of Chemical Engineering,Indian Institute of Technology Madras,4176,35,127
Prof.                                                                                C Pandu Rangan,24307,Department of Computer Science and Engineering,Indian Institute of Technology Madras,1443,20,42
Dr                                                                                Kavitha  Arunachalam,68159,Department of Engineering Design,Indian Institute of Technology Madras,790,16,64
Prof                                                                                Bhamidi V S S S Prasad,10310,Department of Mechanical Engineering,Indian Institute of Technology Madras,1235,20,98
Prof                                                                                S Pushpavanam,10116,Department of Chemical Engineering,Indian Institute of Technology Madras,1303,18,125
Prof                                                                                Subramanya Sarma Vadlamani,50933,Department of Metallurgical and Materials Engineering,Indian Institute of Technology Madras,4372,36,114
Dr.                                                                                Vasudevan Raghavan,50997,Department of Mechanical Engineering,Indian Institute of Technology Madras,1032,19,98
Prof.                                                                                K Giridhar,10243,Department of Electrical Engineering,Indian Institute of Technology Madras,918,17,53
Prof                                                                                Sampathkumar T S,50928,Department of Metallurgical and Materials Engineering,Indian Institute of Technology Madras,4534,36,105
Prof                                                                                Venkatachalam Subramanian,10397,Department of Physics,Indian Institute of Technology Madras,1983,22,110
Dr.                                                                                Sujatha C,51055,Department of Mechanical Engineering,Indian Institute of Technology Madras,898,15,71
Prof                                                                                Satyajit Roy,10279,Department of Mathematics,Indian Institute of Technology Madras,4163,35,128
Dr                                                                                R Gnanamoorthy,61839,Department of Mechanical Engineering,Indian Institute of Technology Madras,2578,29,117
Prof                                                                                Veezhinathan Kamakoti,61907,Department of Computer Science and Engineering,Indian Institute of Technology Madras,710,15,48
Prof.                                                                                Sukhendu Das,10215,Department of Computer Science and Engineering,Indian Institute of Technology Madras,1001,15,34
Prof                                                                                Lelitha Devi Vanajakshi,50584,Department of Civil Engineering,Indian Institute of Technology Madras,1929,20,79
Prof                                                                                P Shanmugam,61815,Department of Ocean Engineering,Indian Institute of Technology Madras,1650,21,107
Prof.                                                                                K Ramesh,50921,Department of Applied Mechanics,Indian Institute of Technology Madras,1626,21,86
Dr.                                                                                Muniyandi Manivannan,50915,Department of Applied Mechanics,Indian Institute of Technology Madras,860,13,72
Prof                                                                                Umesh Srinivasan,60519,Department of Electrical Engineering,Indian Institute of Technology Madras,881,16,25
Prof                                                                                Srinivasan Chandrasekaran,61816,Department of Ocean Engineering,Indian Institute of Technology Madras,1149,19,73
Prof.                                                                                S  Mohan,25049,Department of Civil Engineering,Indian Institute of Technology Madras,2010,21,95
Prof                                                                                Srinivasan K,51098,Department of Mechanical Engineering,Indian Institute of Technology Madras,814,16,88
Dr                                                                                Rajnish Kumar,61914,Department of Chemical Engineering,Indian Institute of Technology Madras,6942,42,105
Prof                                                                                S M Shiva  Nagendra,50487,Department of Civil Engineering,Indian Institute of Technology Madras,2807,31,95
Dr.                                                                                Shaligram Tiwari,51032,Department of Mechanical Engineering,Indian Institute of Technology Madras,959,16,87
Prof                                                                                K Murali,61858,Department of Ocean Engineering,Indian Institute of Technology Madras,670,13,52
Dr.                                                                                Machireddy Ramasubba Reddy,10100,Department of Applied Mechanics,Indian Institute of Technology Madras,1148,15,49
Prof.                                                                                G R Dodagoudar,50517,Department of Civil Engineering,Indian Institute of Technology Madras,1047,14,100
Prof.                                                                                Kamalesh  Hatua,50836,Department of Electrical Engineering,Indian Institute of Technology Madras,1717,20,35
Dr                                                                                Sriram Venkatachalam,61817,Department of Ocean Engineering,Indian Institute of Technology Madras,884,17,61
Prof                                                                                K P Sudheer,17258,Department of Civil Engineering,Indian Institute of Technology Madras,5864,36,100
Prof                                                                                T Panda,10115,Department of Chemical Engineering,Indian Institute of Technology Madras,2715,29,99
Prof.                                                                                Devdas Menon,10179,Department of Civil Engineering,Indian Institute of Technology Madras,476,9,89
Prof                                                                                K C Hari Kumar,50877,Department of Metallurgical and Materials Engineering,Indian Institute of Technology Madras,2201,26,110
Prof                                                                                A Seshadri Sekhar,51024,Department of Mechanical Engineering,Indian Institute of Technology Madras,3087,31,76
Dr                                                                                 Babji Srinivasan,268136,Department of Applied Mechanics,Indian Institute of Technology Madras,1135,18,65
Prof                                                                                Anjan Chakravorty,61876,Department of Electrical Engineering,Indian Institute of Technology Madras,614,12,58
Prof                                                                                S T G Raghukanth,50571,Department of Civil Engineering,Indian Institute of Technology Madras,1189,17,104
Prof                                                                                Janaki Ram Gabbita Durga,50861,Department of Metallurgical and Materials Engineering,Indian Institute of Technology Madras,4665,38,96
Prof                                                                                Indumathi   Manivannan Nambi,50482,Department of Civil Engineering,Indian Institute of Technology Madras,2518,26,106
Prof.                                                                                Koshy Varghese,10185,Department of Civil Engineering,Indian Institute of Technology Madras,1317,17,36
Dr.                                                                                J Murali  Krishnan,50587,Department of Civil Engineering,Indian Institute of Technology Madras,1288,16,65
Prof                                                                                Shankar Narasimhan S,10119,Department of Chemical Engineering,Indian Institute of Technology Madras,2495,27,67
Dr.                                                                                Prakash M Maiya,10335,Department of Mechanical Engineering,Indian Institute of Technology Madras,2104,25,92
Prof                                                                                Sunetra Sarkar,50749,Department of Aerospace Engineering,Indian Institute of Technology Madras,846,17,58
Dr.                                                                                Srikrishna Bhashyam,50920,Department of Electrical Engineering,Indian Institute of Technology Madras,1019,14,38
Dr                                                                                Srinivasa Rao Bakshi,61821,Department of Metallurgical and Materials Engineering,Indian Institute of Technology Madras,5389,37,96
Prof                                                                                Somashekhar S Hiremath,61849,Department of Mechanical Engineering,Indian Institute of Technology Madras,876,17,73
Prof                                                                                Ramanathan Srinivasan,51421,Department of Chemical Engineering,Indian Institute of Technology Madras,1816,22,66
Dr                                                                                Shaikh Faruque  Ali,67507,Department of Applied Mechanics,Indian Institute of Technology Madras,1716,23,59
Prof.                                                                                K Sridharan,50919,Department of Electrical Engineering,Indian Institute of Technology Madras,1512,18,56
Dr                                                                                Dali Naidu  Arnepalli,69339,Department of Civil Engineering,Indian Institute of Technology Madras,589,14,41
Prof                                                                                Ashok Jhunjhunwala,10216,Department of Electrical Engineering,Indian Institute of Technology Madras,471,11,49
Prof                                                                                Andrew  Thangaraj,50732,Department of Electrical Engineering,Indian Institute of Technology Madras,1154,15,27
Dr.                                                                                Shankar Krishnapillai,51041,Department of Mechanical Engineering,Indian Institute of Technology Madras,784,14,80
Prof.                                                                                R G Robinson,50524,Department of Civil Engineering,Indian Institute of Technology Madras,1023,18,78
Prof                                                                                Sayan Gupta,50926,Department of Applied Mechanics,Indian Institute of Technology Madras,968,18,67
Prof                                                                                Subroto Kumar Bhattacharya,10366,Department of Ocean Engineering,Indian Institute of Technology Madras,1051,17,72
Dr.                                                                                Benny  Raphael,50473,Department of Civil Engineering,Indian Institute of Technology Madras,1482,22,52
Prof.                                                                                A Boominathan,10178,Department of Civil Engineering,Indian Institute of Technology Madras,960,15,52
Prof.                                                                                S Ganesh Sundara Raman,31822,Department of Metallurgical and Materials Engineering,Indian Institute of Technology Madras,2768,31,92
Dr.                                                                                Sankaranarayanan Vengadesan,50940,Department of Applied Mechanics,Indian Institute of Technology Madras,845,15,78
Dr                                                                                Radhakrishna  Ganti,67531,Department of Electrical Engineering,Indian Institute of Technology Madras,7443,25,32
Prof.                                                                                Shreepad Karmalkar,1647,Department of Electrical Engineering,Indian Institute of Technology Madras,1598,18,75
Prof.                                                                                Krishna Vasudevan,10246,Department of Electrical Engineering,Indian Institute of Technology Madras,776,11,28
Prof                                                                                Usha R,10265,Department of Mathematics,Indian Institute of Technology Madras,1031,16,89
Dr                                                                                Lakshminarasamma  N,61881,Department of Electrical Engineering,Indian Institute of Technology Madras,1093,13,22
Dr                                                                                Tuhin Subhra  Santra,68173,Department of Engineering Design,Indian Institute of Technology Madras,1027,20,37
Dr                                                                                Mathava Kumar  S,69345,Department of Civil Engineering,Indian Institute of Technology Madras,3030,30,80
Dr.                                                                                Chandramouli Padmanabhan,577,Department of Mechanical Engineering,Indian Institute of Technology Madras,1829,25,59
Prof                                                                                Ravi Kumar N V,48360,Department of Metallurgical and Materials Engineering,Indian Institute of Technology Madras,1403,22,89
Dr                                                                                Arvind Pattamatta,61837,Department of Mechanical Engineering,Indian Institute of Technology Madras,903,16,73
Prof                                                                                Shanti Bhattacharya,50882,Department of Electrical Engineering,Indian Institute of Technology Madras,495,12,41
Dr                                                                                Enakshi Bhattacharya,10241,Department of Electrical Engineering,Indian Institute of Technology Madras,860,14,44
Dr                                                                                Pratyush Kumar,67731,Department of Computer Science and Engineering,Indian Institute of Technology Madras,921,15,24
Prof                                                                                Subramshu Shekar Bhattacharya,10360,Department of Metallurgical and Materials Engineering,Indian Institute of Technology Madras,3243,20,77
Dr.                                                                                Balaji Narasimhan,50481,Department of Civil Engineering,Indian Institute of Technology Madras,1548,17,80
Dr                                                                                Pazhamalai Anbarasan,61916,Department of Chemistry,Indian Institute of Technology Madras,4660,31,81
Prof                                                                                K Ramamurthy,50474,Department of Civil Engineering,Indian Institute of Technology Madras,4137,29,82
Prof                                                                                T.M Muruganandam,50652,Department of Aerospace Engineering,Indian Institute of Technology Madras,589,12,33
Prof.                                                                                Ravinder David Koilpillai,50871,Department of Electrical Engineering,Indian Institute of Technology Madras,1117,12,24
Prof                                                                                G K Suraishkumar,51186,Department of Biotechnology,Indian Institute of Technology Madras,1209,19,71
Prof                                                                                R Nagarajan,51291,Department of Chemical Engineering,Indian Institute of Technology Madras,1591,23,55
Dr                                                                                Sheetal Kalyani,61885,Department of Electrical Engineering,Indian Institute of Technology Madras,964,17,66
Dr                                                                                Subhadeep  Banerjee,69343,Department of Civil Engineering,Indian Institute of Technology Madras,405,11,52
Prof                                                                                Mallikarjuna J M,50973,Department of Mechanical Engineering,Indian Institute of Technology Madras,1181,18,40
Dr                                                                                Ratna Kumar  Annabattula,68267,Department of Mechanical Engineering,Indian Institute of Technology Madras,1046,17,73
Prof                                                                                Mahesh V Panchagnula,50913,Department of Applied Mechanics,Indian Institute of Technology Madras,1192,18,61
Dr                                                                                Pradeep konda Gokuldoss,69235,Department of Metallurgical and Materials Engineering,Indian Institute of Technology Madras,7492,29,82
Prof.                                                                                Jagadeesh Kumar Varadarajan,24325,Department of Electrical Engineering,Indian Institute of Technology Madras,1099,17,33
Dr.                                                                                Arun Kumar Thittai,50860,Department of Applied Mechanics,Indian Institute of Technology Madras,958,17,45
Prof                                                                                Uday Chakkingal,50935,Department of Metallurgical and Materials Engineering,Indian Institute of Technology Madras,1865,23,52
Dr                                                                                Pallab Sinha  Mahapatra,68255,Department of Mechanical Engineering,Indian Institute of Technology Madras,1143,22,64
Dr                                                                                Naganathan Athi  N.,67519,Department of Biotechnology,Indian Institute of Technology Madras,1663,23,72
Dr                                                                                Radhakrishna G Pillai,67747,Department of Civil Engineering,Indian Institute of Technology Madras,1059,15,58
Dr.                                                                                Arunn Narasimhan,50939,Department of Mechanical Engineering,Indian Institute of Technology Madras,1069,18,56
Dr.                                                                                Venkatesh Balasubramanian,50985,Department of Engineering Design,Indian Institute of Technology Madras,705,14,45
Prof                                                                                Upendra Natarajan,51503,Department of Chemical Engineering,Indian Institute of Technology Madras,1003,17,77
Prof                                                                                Madhu Mutyam,50705,Department of Computer Science and Engineering,Indian Institute of Technology Madras,530,12,32
Prof                                                                                Dhiman Chatterjee,50956,Department of Mechanical Engineering,Indian Institute of Technology Madras,1125,16,61
Dr                                                                                Mayank  Mittal,68251,Department of Mechanical Engineering,Indian Institute of Technology Madras,520,12,34
Prof                                                                                Bhaskar  Ramamurthi,50745,Department of Electrical Engineering,Indian Institute of Technology Madras,1681,13,38
Dr.                                                                                G Saravana Kumar,50972,Department of Engineering Design,Indian Institute of Technology Madras,622,15,41
Prof                                                                                Prasad  Patnaik B S V,61874,Department of Applied Mechanics,Indian Institute of Technology Madras,1441,19,66
Prof.                                                                                S Kasiviswanathan,10393,Department of Physics,Indian Institute of Technology Madras,551,14,58
Dr.                                                                                P A Ramakrishna,50694,Department of Aerospace Engineering,Indian Institute of Technology Madras,790,17,53
Prof                                                                                N S  Narayanaswamy,50708,Department of Computer Science and Engineering,Indian Institute of Technology Madras,376,8,34
Prof                                                                                Sampath V,50923,Department of Metallurgical and Materials Engineering,Indian Institute of Technology Madras,903,15,52
Prof                                                                                Ravi Sankar Kottada,61825,,Indian Institute of Technology Madras,2585,23,68
Dr                                                                                Nagendra Krishnapura,61882,Department of Electrical Engineering,Indian Institute of Technology Madras,687,13,32
Dr                                                                                Kothandaraman  Ramanujam,61917,Department of Chemistry,Indian Institute of Technology Madras,2179,23,66
Dr                                                                                Sachin S Gunthe,61919,Department of Civil Engineering,Indian Institute of Technology Madras,4544,30,67
Prof                                                                                Meher  A Prasad,10184,Department of Civil Engineering,Indian Institute of Technology Madras,865,14,52
Prof                                                                                Samuel G L,51008,Department of Mechanical Engineering,Indian Institute of Technology Madras,1381,21,58
Dr                                                                                Gaurav Raina,60528,Department of Electrical Engineering,Indian Institute of Technology Madras,678,13,18
Prof                                                                                Sankaran Shanmugam,61828,Department of Metallurgical and Materials Engineering,Indian Institute of Technology Madras,1138,23,61
Prof                                                                                Prahallad Padhan,61935,Department of Physics,Indian Institute of Technology Madras,1695,23,65
Dr                                                                                Aniruddhan  S,67529,Department of Electrical Engineering,Indian Institute of Technology Madras,257,7,20
Dr                                                                                Krishna  Jagannathan,67551,Department of Electrical Engineering,Indian Institute of Technology Madras,511,13,18
Dr                                                                                Palaniappan  Ramu,69333,Department of Engineering Design,Indian Institute of Technology Madras,1062,15,40
Prof.                                                                                B S Murty,50485,Department of Civil Engineering,Indian Institute of Technology Madras,1502,24,67
Dr                                                                                Pijush Ghosh,61873,Department of Applied Mechanics,Indian Institute of Technology Madras,930,16,61
Dr.                                                                                Anurag  Mittal,50699,Department of Computer Science and Engineering,Indian Institute of Technology Madras,3095,26,15
Dr                                                                                Rajiv Sharma,61814,Department of Ocean Engineering,Indian Institute of Technology Madras,258,8,49
Dr                                                                                Sandipan Bandyopadhyay,61886,Department of Engineering Design,Indian Institute of Technology Madras,669,14,25
Dr                                                                                T Thyagaraj,61921,Department of Civil Engineering,Indian Institute of Technology Madras,689,14,46
Prof.                                                                                Srikanth Vedantam,50983,Department of Engineering Design,Indian Institute of Technology Madras,1056,18,60
Dr.                                                                                Babu Viswanathan,10330,Department of Mechanical Engineering,Indian Institute of Technology Madras,971,13,43
Dr.                                                                                G Venkatarathnam,10338,Department of Mechanical Engineering,Indian Institute of Technology Madras,972,19,54
Dr.                                                                                Muthuganapathy Ramanathan,50965,Department of Engineering Design,Indian Institute of Technology Madras,792,15,50
Dr.                                                                                Sutanu  Chakraborti,50671,Department of Computer Science and Engineering,Indian Institute of Technology Madras,325,10,8
Prof                                                                                Saravanan Umakanthan,50573,Department of Civil Engineering,Indian Institute of Technology Madras,399,13,54
Dr                                                                                Nilanjan Saha,61813,Department of Ocean Engineering,Indian Institute of Technology Madras,400,12,27
Dr                                                                                Sarith P Sathian,61875,Department of Applied Mechanics,Indian Institute of Technology Madras,647,14,59
Dr                                                                                Arun D Mahindrakar,61878,Department of Electrical Engineering,Indian Institute of Technology Madras,995,14,27
Prof.                                                                                A Veeraragavan,50591,Department of Civil Engineering,Indian Institute of Technology Madras,768,15,44
Dr.                                                                                Sathyan Subbiah,51016,Department of Mechanical Engineering,Indian Institute of Technology Madras,636,13,35
Dr                                                                                Kaushik  Mitra,67621,Department of Electrical Engineering,Indian Institute of Technology Madras,1032,18,14
Dr                                                                                Arunachalam N,68209,Department of Mechanical Engineering,Indian Institute of Technology Madras,483,12,37
Dr.                                                                                Nitin Chandrachoodan,50862,Department of Electrical Engineering,Indian Institute of Technology Madras,202,7,18
Dr.                                                                                Raghuram Chetty,51420,Department of Chemical Engineering,Indian Institute of Technology Madras,1199,19,51
Dr                                                                                Ramakrishna  Pasumarthy,67609,Department of Electrical Engineering,Indian Institute of Technology Madras,430,10,22
Prof                                                                                Karthik K  Srinivasan,69325,Department of Civil Engineering,Indian Institute of Technology Madras,1246,19,45
Prof                                                                                Prathap Haridoss,50916,Department of Metallurgical and Materials Engineering,Indian Institute of Technology Madras,1253,20,60
Dr                                                                                Chester Rebeiro,67775,Department of Computer Science and Engineering,Indian Institute of Technology Madras,664,14,21
Prof                                                                                N Ramesh Babu,10315,Department of Mechanical Engineering,Indian Institute of Technology Madras,1362,21,49
Dr.                                                                                Srirama Srinivas,50924,Department of Electrical Engineering,Indian Institute of Technology Madras,1422,17,20
Prof                                                                                P Krishnankutty,61812,Department of Ocean Engineering,Indian Institute of Technology Madras,201,8,29
Dr                                                                                Sumesh P.  Thampi,67595,Department of Chemical Engineering,Indian Institute of Technology Madras,1835,20,58
Prof                                                                                Ranjit Bauri,50917,Department of Metallurgical and Materials Engineering,Indian Institute of Technology Madras,1764,23,50
Prof                                                                                Sujatha Narayanan Unni,50936,Department of Applied Mechanics,Indian Institute of Technology Madras,351,11,23
Prof                                                                                Krishna Kannan,61840,Department of Mechanical Engineering,Indian Institute of Technology Madras,621,15,51
Dr.                                                                                Amit Kumar,50489,Department of Aerospace Engineering,Indian Institute of Technology Madras,399,12,43
Prof                                                                                Bijoy Krishna  Das,50748,Department of Electrical Engineering,Indian Institute of Technology Madras,520,11,27
Dr                                                                                Murugaiyan  Amirthalingam,69239,Department of Metallurgical and Materials Engineering,Indian Institute of Technology Madras,613,14,49
Dr                                                                                Swaminathan  Parasuraman,69259,Department of Metallurgical and Materials Engineering,Indian Institute of Technology Madras,413,12,52
Dr.                                                                                A Mani,10332,Department of Mechanical Engineering,Indian Institute of Technology Madras,1153,19,54
Dr                                                                                Vijayakumar Rajagopalan,61820,Department of Ocean Engineering,Indian Institute of Technology Madras,164,7,26
Prof                                                                                S Nallayarasu,61859,Department of Ocean Engineering,Indian Institute of Technology Madras,300,10,33
Dr                                                                                Pradeep  Sarvepalli,67625,Department of Electrical Engineering,Indian Institute of Technology Madras,1340,14,33
Dr                                                                                Prashanth L A,67737,Department of Computer Science and Engineering,Indian Institute of Technology Madras,716,13,17
Dr                                                                                Ganapathy  Krishnamurthi,68151,Department of Engineering Design,Indian Institute of Technology Madras,2291,21,28
Dr                                                                                Somnath Bhattacharyya,61823,Department of Metallurgical and Materials Engineering,Indian Institute of Technology Madras,1444,18,52
Dr                                                                                Amitava Ghosh,61836,Department of Mechanical Engineering,Indian Institute of Technology Madras,1462,21,51
Dr                                                                                Abhijit  Chaudhuri,67471,Department of Applied Mechanics,Indian Institute of Technology Madras,877,17,50
Dr                                                                                Mitesh  Khapra,67697,Department of Computer Science and Engineering,Indian Institute of Technology Madras,1558,21,5
Prof.                                                                                C Chandra  Sekhar,50678,Department of Computer Science and Engineering,Indian Institute of Technology Madras,323,10,9
Dr.                                                                                Arul K Prakash,50822,Department of Applied Mechanics,Indian Institute of Technology Madras,491,13,37
Dr                                                                                Vagesh D Narasimhamurthy,61810,Department of Applied Mechanics,Indian Institute of Technology Madras,461,12,37
Dr                                                                                Vignesh  Muthuvijayan,67579,Department of Biotechnology,Indian Institute of Technology Madras,767,16,45
Prof.                                                                                R Aravind,50736,Department of Electrical Engineering,Indian Institute of Technology Madras,744,13,24
Dr                                                                                Ethayaraja  Mani,67589,Department of Chemical Engineering,Indian Institute of Technology Madras,692,17,52
Dr                                                                                Balkrishna C.  Rao,68149,Department of Engineering Design,Indian Institute of Technology Madras,1225,15,35
Dr.                                                                                Nandan Kumar Sinha,50685,Department of Aerospace Engineering,Indian Institute of Technology Madras,313,9,20
Dr.                                                                                C Lakshmana Rao,50872,Department of Applied Mechanics,Indian Institute of Technology Madras,559,9,26
Dr.                                                                                Sridharakumar Narasimhan,51485,Department of Chemical Engineering,Indian Institute of Technology Madras,395,9,22
Dr                                                                                Bharath  Bhikkaji,67521,Department of Electrical Engineering,Indian Institute of Technology Madras,1273,13,23
Dr                                                                                Rupesh  Nasre,67699,Department of Computer Science and Engineering,Indian Institute of Technology Madras,548,9,20
Dr                                                                                Arun        Menon,69323,Department of Civil Engineering,Indian Institute of Technology Madras,279,8,33
Prof                                                                                Mahesh Sivasambu,50707,Department of Aerospace Engineering,Indian Institute of Technology Madras,709,16,46
Prof                                                                                B Kalyan Kumar,50833,Department of Electrical Engineering,Indian Institute of Technology Madras,786,13,24
Dr                                                                                John Augustine,61905,Department of Computer Science and Engineering,Indian Institute of Technology Madras,476,12,10
Dr                                                                                Venkatesh T.G.,67465,Department of Electrical Engineering,Indian Institute of Technology Madras,231,9,36
Dr                                                                                Manivannan P. V.,68239,Department of Mechanical Engineering,Indian Institute of Technology Madras,243,8,17
Dr                                                                                Manas  Mukherjee,69237,Department of Metallurgical and Materials Engineering,Indian Institute of Technology Madras,887,20,48
Prof.                                                                                Dharanipragada  Janakiram,50682,Department of Computer Science and Engineering,Indian Institute of Technology Madras,373,10,18
Prof                                                                                Shamit Bakshi,51038,Department of Mechanical Engineering,Indian Institute of Technology Madras,602,12,35
Dr                                                                                Shweta  Agrawal,67693,Department of Computer Science and Engineering,Indian Institute of Technology Madras,2135,17,1
Dr                                                                                Sateesh  Gedupudi,68273,Department of Mechanical Engineering,Indian Institute of Technology Madras,481,12,40
Dr                                                                                Satyesh Kumar  Yadav,69257,Department of Metallurgical and Materials Engineering,Indian Institute of Technology Madras,880,15,51
Dr                                                                                Deepak Khemani,10214,Department of Computer Science and Engineering,Indian Institute of Technology Madras,236,7,12
Dr                                                                                Anand Krishna Kanjarla,61827,Department of Metallurgical and Materials Engineering,Indian Institute of Technology Madras,1560,15,44
Dr                                                                                Debdutta  Ray,67623,Department of Electrical Engineering,Indian Institute of Technology Madras,631,14,41
Dr                                                                                Narasimhan  Swaminathan,68253,Department of Mechanical Engineering,Indian Institute of Technology Madras,604,14,45
Prof                                                                                Raju Sethuraman,10336,Department of Mechanical Engineering,Indian Institute of Technology Madras,673,15,45
Prof                                                                                H S N Murthy,50462,Department of Aerospace Engineering,Indian Institute of Technology Madras,383,11,32
Prof                                                                                Arul Jayachandran S,50529,Department of Civil Engineering,Indian Institute of Technology Madras,387,10,36
Dr                                                                                Chandan  Sarangi,157742,Department of Civil Engineering,Indian Institute of Technology Madras,1354,20,42
Prof                                                                                Amlan  Kumar Sengupta,50526,Department of Civil Engineering,Indian Institute of Technology Madras,110,6,38
Prof                                                                                A Sameen,50701,Department of Aerospace Engineering,Indian Institute of Technology Madras,417,12,33
Prof.                                                                                Asokan Thondiyath,50941,Department of Engineering Design,Indian Institute of Technology Madras,324,10,23
Prof                                                                                Guhan Jayaraman,51015,Department of Biotechnology,Indian Institute of Technology Madras,973,19,44
Prof                                                                                Sujatha Srinivasan,51118,Department of Mechanical Engineering,Indian Institute of Technology Madras,366,9,28
Dr                                                                                Satyanarayanan  S,67503,Department of Applied Mechanics,Indian Institute of Technology Madras,222,7,27
Dr.                                                                                K Bhaskar,50490,Department of Aerospace Engineering,Indian Institute of Technology Madras,1185,16,41
Dr                                                                                Aravind Kumar  Chandiran,67587,Department of Chemical Engineering,Indian Institute of Technology Madras,9192,20,43
Prof                                                                                Surendran Sankunny,10378,Department of Ocean Engineering,Indian Institute of Technology Madras,438,11,32
Dr                                                                                Soumya  Dutta,67617,Department of Electrical Engineering,Indian Institute of Technology Madras,449,9,30
Dr                                                                                Abhijit  Sarkar,67639,Department of Mechanical Engineering,Indian Institute of Technology Madras,132,7,22
Dr                                                                                 Suresh  Rajendran,67653,Department of Ocean Engineering,Indian Institute of Technology Madras,332,12,16
Dr                                                                                V. B.  Maji,69337,Department of Civil Engineering,Indian Institute of Technology Madras,272,9,29
Dr                                                                                Kameswararao  Anupindi,68215,Department of Mechanical Engineering,Indian Institute of Technology Madras,346,10,34
Dr                                                                                Nirav  Pravinbhai Bhatt,150394,Department of Biotechnology,Indian Institute of Technology Madras,433,11,23
Dr                                                                                T Renganathan,61915,Department of Chemical Engineering,Indian Institute of Technology Madras,588,12,39
Dr                                                                                Murugan R,67539,Department of Biotechnology,Indian Institute of Technology Madras,333,10,43
Dr                                                                                 Shyama Prasad  Das,69359,Department of Mechanical Engineering,Indian Institute of Technology Madras,273,8,30
Prof                                                                                Christopher S,150436,Department of Electrical Engineering,Indian Institute of Technology Madras,133,6,21
Dr.                                                                                Manoj Gopalakrishnan,50549,Department of Physics,Indian Institute of Technology Madras,461,13,37
Prof.                                                                                Vinita Vasudevan,50929,Department of Electrical Engineering,Indian Institute of Technology Madras,330,10,24
Dr                                                                                Satadal Ghosh,67238,Department of Aerospace Engineering,Indian Institute of Technology Madras,301,10,13
Dr                                                                                Saurabh  Saxena,67629,Department of Electrical Engineering,Indian Institute of Technology Madras,517,12,18
Dr                                                                                 Ramkumar P,68259,Department of Mechanical Engineering,Indian Institute of Technology Madras,201,9,32
Prof                                                                                Sanyasiraju VSS Yedida,10278,Department of Mathematics,Indian Institute of Technology Madras,429,11,34
Prof                                                                                Anuradha Banerjee,50943,Department of Applied Mechanics,Indian Institute of Technology Madras,309,11,31
Prof.                                                                                R Krishna Kumar,50960,Department of Engineering Design,Indian Institute of Technology Madras,725,16,37
Dr                                                                                Manikandan Mathur,60108,Department of Aerospace Engineering,Indian Institute of Technology Madras,676,13,37
Dr                                                                                Shyam Keralavarma,67461,Department of Aerospace Engineering,Indian Institute of Technology Madras,910,15,34
Prof.                                                                                Harishankar  Ramachandran,50790,Department of Electrical Engineering,Indian Institute of Technology Madras,116,6,26
Prof                                                                                Harish Kumar N,61865,Department of Physics,Indian Institute of Technology Madras,663,16,35
Dr                                                                                Ranjith M,67237,Department of Aerospace Engineering,Indian Institute of Technology Madras,101,6,11
Dr                                                                                Deepak  Kumar,67643,Department of Ocean Engineering,Indian Institute of Technology Madras,132,7,23
Dr                                                                                Soumendra Nath  Kuiry,69055,Department of Civil Engineering,Indian Institute of Technology Madras,314,8,24
Dr                                                                                Mansi Sharma,158546,Department of Electrical Engineering,Indian Institute of Technology Madras,120,5,11
Dr                                                                                Avhishek  Chatterjee,67473,Department of Electrical Engineering,Indian Institute of Technology Madras,139,7,13
Dr                                                                                Anubhab  Roy,67477,Department of Applied Mechanics,Indian Institute of Technology Madras,260,7,35
Dr                                                                                Anbarasu  Manivannan,150467,Department of Electrical Engineering,Indian Institute of Technology Madras,261,9,37
Dr                                                                                V Krishna Nandivada,61908,Department of Computer Science and Engineering,Indian Institute of Technology Madras,232,8,11
Dr                                                                                Vani  Janakiraman,67577,Department of Biotechnology,Indian Institute of Technology Madras,724,15,31
Dr                                                                                Soundarapandian  Santhana Krishnan,69327,Department of Mechanical Engineering,Indian Institute of Technology Madras,558,13,26
Dr                                                                                Bharath  Govindarajan M,150389,Department of Aerospace Engineering,Indian Institute of Technology Madras,321,9,9
Prof.                                                                                S R Gandhi,50519,Department of Civil Engineering,Indian Institute of Technology Madras,598,9,25
Prof.                                                                                P Alagusundaramoorthy,50525,Department of Civil Engineering,Indian Institute of Technology Madras,500,12,28
Dr                                                                                Santanu Ghosh,60119,Department of Aerospace Engineering,Indian Institute of Technology Madras,290,8,12
Dr                                                                                Ananth  Krishnan,67525,Department of Electrical Engineering,Indian Institute of Technology Madras,311,12,27
Dr                                                                                Smita  Srivastava,67543,Department of Biotechnology,Indian Institute of Technology Madras,891,15,27
Dr                                                                                Abhishek  Sinha,150442,Department of Electrical Engineering,Indian Institute of Technology Madras,767,9,16
Dr                                                                                Shankar Balachandran,158552,Department of Computer Science and Engineering,Indian Institute of Technology Madras,218,8,7
Prof                                                                                R Panner Selvam,61860,Department of Ocean Engineering,Indian Institute of Technology Madras,137,6,13
Dr                                                                                Anand T.N.C.,68201,Department of Mechanical Engineering,Indian Institute of Technology Madras,338,6,23
Dr                                                                                Bhaswar  Chakrabarti,150451,Department of Electrical Engineering,Indian Institute of Technology Madras,875,12,22
Dr.                                                                                A Puthenveettil Baburaj,50863,Department of Applied Mechanics,Indian Institute of Technology Madras,294,10,25
Dr                                                                                Parag Ravindran,61842,Department of Mechanical Engineering,Indian Institute of Technology Madras,207,8,26
Dr                                                                                Manivasakan Rathinam,67511,Department of Electrical Engineering,Indian Institute of Technology Madras,114,4,9
Dr                                                                                Venkatesh  Ramaiyan,67523,Department of Electrical Engineering,Indian Institute of Technology Madras,225,6,12
Dr                                                                                Ajay Kumar Shukla,69241,Department of Metallurgical and Materials Engineering,Indian Institute of Technology Madras,272,8,25
Dr                                                                                Rinku Mukherjee,67467,Department of Applied Mechanics,Indian Institute of Technology Madras,105,4,15
Dr                                                                                Viswanadha Reddy Puduru,69101,Department of Electrical Engineering,Indian Institute of Technology Madras,430,11,22
Prof                                                                                Ananthakrishnan  P,67645,Department of Ocean Engineering,Indian Institute of Technology Madras,211,8,12
Dr                                                                                Manoj  Pandey,68241,Department of Mechanical Engineering,Indian Institute of Technology Madras,280,8,21
Dr                                                                                Rupen  Goswami,69319,Department of Civil Engineering,Indian Institute of Technology Madras,117,5,24
Prof                                                                                G Appa Rao,50531,Department of Civil Engineering,Indian Institute of Technology Madras,208,5,22
Prof                                                                                Jayalal Sarma,67753,Department of Computer Science and Engineering,Indian Institute of Technology Madras,83,5,8
Dr                                                                                Ramesh Kannan K,150507,Department of Civil Engineering,Indian Institute of Technology Madras,153,7,16
Dr                                                                                Tarak Patra,157738,Department of Chemical Engineering,Indian Institute of Technology Madras,615,14,30
Prof                                                                                R Ravi,51473,Department of Chemical Engineering,Indian Institute of Technology Madras,370,10,26
Dr                                                                                Meghana  Nasre,67717,Department of Computer Science and Engineering,Indian Institute of Technology Madras,243,8,10
Dr                                                                                Sourav  Rakshit,69331,Department of Mechanical Engineering,Indian Institute of Technology Madras,62,5,11
Dr                                                                                Ilaksh  Adlakha,67499,Department of Applied Mechanics,Indian Institute of Technology Madras,378,13,26
Dr                                                                                Qadeer  Ahmad Khan,67631,Department of Electrical Engineering,Indian Institute of Technology Madras,340,10,2
Dr                                                                                Shantanu  S. Mulay,67213,Department of Aerospace Engineering,Indian Institute of Technology Madras,230,7,25
Dr                                                                                Senthil  Murugan,67463,Department of Aerospace Engineering,Indian Institute of Technology Madras,522,12,14
Dr                                                                                Saumendra K  Bajpai,67505,Department of Applied Mechanics,Indian Institute of Technology Madras,1398,12,21
Dr                                                                                Krithika  Narayanaswamy,68217,Department of Mechanical Engineering,Indian Institute of Technology Madras,773,7,18
Dr                                                                                Rachel Kalpana  Kalaimani,69105,Department of Electrical Engineering,Indian Institute of Technology Madras,58,4,11
Dr                                                                                Varadhan  S K M,67513,Department of Applied Mechanics,Indian Institute of Technology Madras,190,6,21
Dr                                                                                Venu Chandra,69057,Department of Civil Engineering,Indian Institute of Technology Madras,118,6,22
Dr                                                                                Sabita  Sarkar,69243,Department of Metallurgical and Materials Engineering,Indian Institute of Technology Madras,348,10,23
Prof                                                                                Kannan Lakshminarayan,158549,Department of Engineering Design,Indian Institute of Technology Madras,93,6,22
Dr                                                                                Varunkumar S,68275,Department of Mechanical Engineering,Indian Institute of Technology Madras,152,7,18
Dr                                                                                Sivasrinivasu  Devadula,69357,Department of Mechanical Engineering,Indian Institute of Technology Madras,399,10,20
Dr                                                                                Jithin  John Varghese,150409,Department of Chemical Engineering,Indian Institute of Technology Madras,451,10,20
Dr.                                                                                R Baskar,50996,Department of Biotechnology,Indian Institute of Technology Madras,926,13,23
Dr                                                                                Krishna S,67517,Department of Electrical Engineering,Indian Institute of Technology Madras,145,5,15
Dr                                                                                Raghavendra Rao B. V.,67701,Department of Computer Science and Engineering,Indian Institute of Technology Madras,111,5,7
Dr                                                                                Atul  Narayan,69059,Department of Civil Engineering,Indian Institute of Technology Madras,145,8,19
Dr                                                                                Phanisri Pradeep   Pratapa,137292,Department of Civil Engineering,Indian Institute of Technology Madras,468,11,19
Dr                                                                                Sivaramakrishnan K C,150414,Department of Computer Science and Engineering,Indian Institute of Technology Madras,243,10,5
Dr                                                                                Arun  Rajkumar,150428,Department of Computer Science and Engineering,Indian Institute of Technology Madras,631,8,N/A
Dr                                                                                Abhilash  Sharma Somayajula,150501,Department of Ocean Engineering,Indian Institute of Technology Madras,182,8,14
Prof.                                                                                P Sreenivasa  Kumar,50693,Department of Computer Science and Engineering,Indian Institute of Technology Madras,240,7,8
Dr                                                                                 Sivakumar Palaniappan,67749,Department of Civil Engineering,Indian Institute of Technology Madras,350,9,13
Dr                                                                                Alagappan  Ponnalagu,69069,Department of Civil Engineering,Indian Institute of Technology Madras,74,5,18
Dr                                                                                Shantanu Pradhan,150398,Department of Biotechnology,Indian Institute of Technology Madras,620,12,13
Dr                                                                                Himanshu Goyal,150412,Department of Chemical Engineering,Indian Institute of Technology Madras,219,9,19
Dr.                                                                                M Ramakrishna,50750,Department of Aerospace Engineering,Indian Institute of Technology Madras,68,5,17
Dr                                                                                Joel George   M,67235,Department of Aerospace Engineering,Indian Institute of Technology Madras,514,10,8
Prof                                                                                P Sriram,50713,Department of Aerospace Engineering,Indian Institute of Technology Madras,320,8,12
Dr                                                                                Sriram  Rengarajan,67239,Department of Aerospace Engineering,Indian Institute of Technology Madras,160,6,17
Dr                                                                                Manikandan  Narayanan,67715,Department of Computer Science and Engineering,Indian Institute of Technology Madras,2040,12,15
Prof                                                                                M S Ananth,69159,Department of Chemical Engineering,Indian Institute of Technology Madras,197,7,19
Dr                                                                                Chandrasekhar Annavarapu Sri,150508,Department of Civil Engineering,Indian Institute of Technology Madras,737,11,15
Dr                                                                                Vishal V. R.  Nandigana,68189,Department of Mechanical Engineering,Indian Institute of Technology Madras,1285,8,16
Prof.                                                                                S R Satishkumar,50579,Department of Civil Engineering,Indian Institute of Technology Madras,242,6,12
Dr                                                                                Luoyi Tao,60107,Department of Aerospace Engineering,Indian Institute of Technology Madras,194,7,17
Dr                                                                                Shankar Ghosh,60121,Department of Aerospace Engineering,Indian Institute of Technology Madras,88,4,4
Prof                                                                                Santanu K Ray,61835,Department of Metallurgical and Materials Engineering,Indian Institute of Technology Madras,67,4,9
Dr                                                                                Ganesh  Tamadapu,67479,Department of Applied Mechanics,Indian Institute of Technology Madras,174,8,17
Dr                                                                                Arun Pachai Kannu,61877,Department of Electrical Engineering,Indian Institute of Technology Madras,88,5,12
Dr                                                                                  Harish Guruprasad Ramaswamy,67709,Department of Computer Science and Engineering,Indian Institute of Technology Madras,237,9,2
Dr                                                                                Srikanthan  Sridharan,157740,Department of Engineering Design,Indian Institute of Technology Madras,297,7,4
Dr                                                                                Swagatika Sahoo,158548,Department of Chemical Engineering,Indian Institute of Technology Madras,1819,10,13
Dr                                                                                Rajsekar Manokaran,158551,Department of Computer Science and Engineering,Indian Institute of Technology Madras,293,8,3
Dr                                                                                Hamsa Priya Mohana Sundaram,67583,Department of Biotechnology,Indian Institute of Technology Madras,542,9,15
Dr                                                                                Lakshmi Priya P S,69065,Department of Civil Engineering,Indian Institute of Technology Madras,98,5,9
Dr                                                                                Venkatraman  Srinivasan,69067,Department of Civil Engineering,Indian Institute of Technology Madras,403,7,12
Dr                                                                                Kartik Nagar,157739,Department of Computer Science and Engineering,Indian Institute of Technology Madras,74,5,4
Dr                                                                                Janakiraman  Viraraghavan,67635,Department of Electrical Engineering,Indian Institute of Technology Madras,90,7,8
Dr                                                                                Vasudev Yadu,67707,Department of Computer Science and Engineering,Indian Institute of Technology Madras,71,4,N/A
Dr                                                                                Ravikiran  Sangras,68269,Department of Mechanical Engineering,Indian Institute of Technology Madras,100,5,3
Dr                                                                                Tarun  Naskar,150403,Department of Civil Engineering,Indian Institute of Technology Madras,50,4,10
Prof                                                                                K Ananthanarayanan,50470,Department of Civil Engineering,Indian Institute of Technology Madras,168,5,6
Dr                                                                                Viswanath K,68187,Department of Mechanical Engineering,Indian Institute of Technology Madras,31,2,5
Dr                                                                                Chakravarthy Mathiazhagan,10250,Department of Electrical Engineering,Indian Institute of Technology Madras,213,4,4
Dr                                                                                Ramnarayanan R,67593,Department of Chemical Engineering,Indian Institute of Technology Madras,1475,4,4
Prof                                                                                N Raghavan,158550,Department of Civil Engineering,Indian Institute of Technology Madras,19,2,3
Dr                                                                                Keerthana Kirupakaran,248851,Department of Civil Engineering,Indian Institute of Technology Madras,51,2,3
Dr                                                                                Arun Karuppaswamy  B,67633,Department of Electrical Engineering,Indian Institute of Technology Madras,76,2,2
Prof                                                                                Satyanarayana Kalidindi N,19467,Department of Civil Engineering,Indian Institute of Technology Madras,12,1,4
Dr.                                                                                Sankara J Subramanian,50970,Department of Engineering Design,Indian Institute of Technology Madras,9,1,N/A
