Name,Vidwan ID,Department,College,Total Citations,H Index,Journal Articles
Dr                                                                                Ram D Gopal,106024,"Operations Management, Quantitative Methods and Information Systems","Indian Institute of Management, Udaipur",3310,27,82
Dr                                                                                Janat Shah,54199,"Operations Management, Quantitative Methods and Information Systems","Indian Institute of Management, Udaipur",1430,14,24
Dr                                                                                Roger Moser,106020,Business Policy and Strategy,"Indian Institute of Management, Udaipur",1079,17,45
Dr                                                                                Tarun Jain,106009,"Operations Management, Quantitative Methods and Information Systems","Indian Institute of Management, Udaipur",178,8,25
Dr                                                                                Prateek Sharma,105995,Finance and Accounting,"Indian Institute of Management, Udaipur",120,6,19
Dr                                                                                Tushar Agrawal,105991,Centre for Development Policy and Management,"Indian Institute of Management, Udaipur",292,9,13
Dr                                                                                Ujjwal Das,106010,"Operations Management, Quantitative Methods and Information Systems","Indian Institute of Management, Udaipur",34,4,12
Dr                                                                                Saurabh  Gupta,105990,Centre for Development Policy and Management,"Indian Institute of Management, Udaipur",127,7,12
Dr                                                                                Sabyasachi Mukhopadhyay,106012,"Operations Management, Quantitative Methods and Information Systems","Indian Institute of Management, Udaipur",132,6,10
Dr                                                                                Satyam Mukherjee,88837,"Operations Management, Quantitative Methods and Information Systems","Indian Institute of Management, Udaipur",35,2,8
Dr                                                                                Anirban Adhikary,106011,"Operations Management, Quantitative Methods and Information Systems","Indian Institute of Management, Udaipur",287,5,8
Dr                                                                                Kumar Kunal  Kamal,106016,Organizational Behavior and Human Resources Management,"Indian Institute of Management, Udaipur",25,3,7
Dr                                                                                Samadrita  Bhattacharyya,203250,"Operations Management, Quantitative Methods and Information Systems","Indian Institute of Management, Udaipur",210,5,6
Dr                                                                                Ranojoy Basu,105992,Economics,"Indian Institute of Management, Udaipur",4,1,8
Dr                                                                                Vijayta Doshi,60039,Organizational Behavior and Human Resources Management,"Indian Institute of Management, Udaipur",9,2,7
Dr                                                                                Arpana Rai,106013,Organizational Behavior and Human Resources Management,"Indian Institute of Management, Udaipur",22,3,6
Dr                                                                                Sandhya Bhatia,48760,Finance and Accounting,"Indian Institute of Management, Udaipur",61,3,5
Dr                                                                                Dhirendra Mani Shukla,105989,Business Policy and Strategy,"Indian Institute of Management, Udaipur",26,4,5
Dr                                                                                Kirti Mishra,106015,Organizational Behavior and Human Resources Management,"Indian Institute of Management, Udaipur",17,2,2
Dr                                                                                Samarpan Nawn,105996,Finance and Accounting,"Indian Institute of Management, Udaipur",42,3,4
Dr                                                                                Debanjan Mitra,48753,,"Indian Institute of Management, Udaipur",16,2,3
Dr                                                                                Nidhi Aggarwal,105994,Finance and Accounting,"Indian Institute of Management, Udaipur",14,2,3
Dr                                                                                Rezina Sultana,48758,Economics,"Indian Institute of Management, Udaipur",2,1,2
Dr                                                                                Soorjith Illickal Karthikeyan,48765,Organizational Behavior and Human Resources Management,"Indian Institute of Management, Udaipur",11,2,2
Dr                                                                                Arundhati Bhattacharyya,106002,Marketing,"Indian Institute of Management, Udaipur",14,2,2
Dr                                                                                Prarthan B Desai,106019,Business Policy and Strategy,"Indian Institute of Management, Udaipur",2,1,1
Dr                                                                                Shaleen Gopal,48754,Business Policy and Strategy,"Indian Institute of Management, Udaipur",N/A,N/A,N/A
Mr                                                                                N Viswanathan,48763,Finance and Accounting,"Indian Institute of Management, Udaipur",N/A,N/A,N/A
Dr                                                                                Sumit Kumar,48803,"Operations Management, Quantitative Methods and Information Systems","Indian Institute of Management, Udaipur",N/A,N/A,N/A
Dr                                                                                Rajesh R Nanarpuzha,60050,Marketing,"Indian Institute of Management, Udaipur",N/A,N/A,N/A
Dr                                                                                Amish Dugar,62528,Finance and Accounting,"Indian Institute of Management, Udaipur",N/A,N/A,N/A
Dr                                                                                Suma Damodaran,105993,Economics,"Indian Institute of Management, Udaipur",N/A,N/A,N/A
Dr                                                                                Shobhit Aggarwal,105997,Finance and Accounting,"Indian Institute of Management, Udaipur",N/A,N/A,N/A
Dr                                                                                Uday Damodaran,105998,Finance and Accounting,"Indian Institute of Management, Udaipur",N/A,N/A,N/A
Dr                                                                                Bhavya Singhvi,105999,Finance and Accounting,"Indian Institute of Management, Udaipur",N/A,N/A,N/A
Mr                                                                                Rajesh  Agrawal,106000,Finance and Accounting,"Indian Institute of Management, Udaipur",N/A,N/A,N/A
Dr                                                                                Patrali Chakrabarty,106001,Marketing,"Indian Institute of Management, Udaipur",N/A,N/A,N/A
Dr                                                                                Ashish S Galande,106003,Marketing,"Indian Institute of Management, Udaipur",N/A,N/A,N/A
Dr                                                                                Prakash Satyavageeswaran,106004,Marketing,"Indian Institute of Management, Udaipur",N/A,N/A,N/A
Dr                                                                                Ankur  Kapoor,106006,Marketing,"Indian Institute of Management, Udaipur",N/A,N/A,N/A
Dr                                                                                Vedha Ponnappan,106007,Marketing,"Indian Institute of Management, Udaipur",N/A,N/A,N/A
Dr                                                                                Avijit Raychaudhuri,106008,"Operations Management, Quantitative Methods and Information Systems","Indian Institute of Management, Udaipur",N/A,N/A,N/A
Dr                                                                                Dina Banerjee,106014,Organizational Behavior and Human Resources Management,"Indian Institute of Management, Udaipur",N/A,N/A,N/A
Dr                                                                                Elizabeth Rose,106018,Business Policy and Strategy,"Indian Institute of Management, Udaipur",N/A,N/A,N/A
Dr                                                                                Sai Prakash Iyer,106021,Business Policy and Strategy,"Indian Institute of Management, Udaipur",N/A,N/A,N/A
Dr                                                                                Ramanathan  Subramaniam,106022,Marketing,"Indian Institute of Management, Udaipur",N/A,N/A,N/A
Dr                                                                                Amit Kothiyal,106023,"Operations Management, Quantitative Methods and Information Systems","Indian Institute of Management, Udaipur",N/A,N/A,N/A
Dr                                                                                Sandeep Menon,106025,"Operations Management, Quantitative Methods and Information Systems","Indian Institute of Management, Udaipur",N/A,N/A,N/A
Dr                                                                                Venkata Rao,106026,"Operations Management, Quantitative Methods and Information Systems","Indian Institute of Management, Udaipur",N/A,N/A,N/A
Dr                                                                                Manab Bose,106027,Organizational Behavior and Human Resources Management,"Indian Institute of Management, Udaipur",N/A,N/A,N/A
Dr                                                                                Sunil Unny Guptan,106028,Organizational Behavior and Human Resources Management,"Indian Institute of Management, Udaipur",N/A,N/A,N/A
Dr                                                                                Sunil Unny Guptan,106028,Organizational Behavior and Human Resources Management,"Indian Institute of Management, Udaipur",N/A,N/A,N/A
