Name,Vidwan ID,Department,College,Total Citations,H Index,Journal Articles
Prof                                                                                Avinash Kumar Agarwal,52370,Academics,Indian Institute of Technology Jodhpur,14748,55,235
Prof                                                                                Bijnan Bandyopadhyay,136,Department of Electrical Engineering,Indian Institute of Technology Jodhpur,5260,37,138
Prof                                                                                Richa Singh,109093,Department of Computer Science and Engineering,Indian Institute of Technology Jodhpur,7820,49,105
Prof                                                                                Mayank Vatsa,109034,Department of Computer Science and Engineering,Indian Institute of Technology Jodhpur,7648,49,103
Dr                                                                                Asif Ekbal,62446,School of Artificial Intelligence and Data Science (AIDE),Indian Institute of Technology Jodhpur,3268,29,93
Prof                                                                                Subhasish Dey,1676,Department of Civil and Infrastructure Engineering,Indian Institute of Technology Jodhpur,4908,39,212
Dr                                                                                Bhagwati P. Kashyap,89167,Department of Metallurgical and Materials Engineering,Indian Institute of Technology Jodhpur,4097,35,178
Dr                                                                                Mahesh Kumar,48490,Department of Electrical Engineering,Indian Institute of Technology Jodhpur,4430,32,159
Prof                                                                                Ajay Agarwal,214545,Department of Electrical Engineering,Indian Institute of Technology Jodhpur,4000,28,98
Dr                                                                                Chandan Pandey,94318,Department of Mechanical Engineering,Indian Institute of Technology Jodhpur,3704,37,138
Dr                                                                                Bharat Singh Rajpurohit,62477,Department of Electrical Engineering,Indian Institute of Technology Jodhpur,962,16,42
Dr                                                                                Ankur Gupta,94321,Department of Mechanical Engineering,Indian Institute of Technology Jodhpur,1195,18,85
Dr                                                                                Debasis Das,94306,Department of Computer Science and Engineering,Indian Institute of Technology Jodhpur,844,16,43
Dr                                                                                Rahul  Chhibber,89203,Department of Mechanical Engineering,Indian Institute of Technology Jodhpur,943,17,101
Dr                                                                                Shree Prakash Tiwari,89221,Department of Electrical Engineering,Indian Institute of Technology Jodhpur,1769,25,64
Dr                                                                                Harshit Agarwal,110583,Department of Electrical Engineering,Indian Institute of Technology Jodhpur,1515,22,58
Prof                                                                                Jaywant  H. Arakeri,54806,Department of Mechanical Engineering,Indian Institute of Technology Jodhpur,1401,21,84
Dr                                                                                Anil Kumar Tiwari,89153,Department of Electrical Engineering,Indian Institute of Technology Jodhpur,612,14,30
Dr                                                                                Kamaljit Rangra,94310,Department of Electrical Engineering,Indian Institute of Technology Jodhpur,644,13,54
Dr                                                                                Jai Narayan Tripathi,104418,Department of Electrical Engineering,Indian Institute of Technology Jodhpur,291,9,21
Dr                                                                                Pradip Kumar  Tewari,94300,Department of Chemical Engineering,Indian Institute of Technology Jodhpur,923,17,86
Dr                                                                                Ravi K. R.,99011,Department of Metallurgical and Materials Engineering,Indian Institute of Technology Jodhpur,1499,23,72
Dr                                                                                Soumava  Mukherjee,89225,Department of Electrical Engineering,Indian Institute of Technology Jodhpur,578,11,20
Dr                                                                                Devendra Singh Negi,247996,Department of Metallurgical and Materials Engineering,Indian Institute of Technology Jodhpur,1290,16,74
Dr                                                                                Comandur Venkatesan,89169,Department of Mechanical Engineering,Indian Institute of Technology Jodhpur,491,12,34
Dr                                                                                Deepak M Fulwani,89173,Department of Electrical Engineering,Indian Institute of Technology Jodhpur,1454,17,33
Dr                                                                                Nishant Kumar,227012,Department of Electrical Engineering,Indian Institute of Technology Jodhpur,1479,21,45
Dr                                                                                Gaurav  Harit,89177,Department of Computer Science and Engineering,Indian Institute of Technology Jodhpur,502,13,16
Dr                                                                                Abdul Gafoor Shaik,89143,Department of Electrical Engineering,Indian Institute of Technology Jodhpur,1733,19,23
Dr                                                                                Suril Vijaykumar Shah,89235,Department of Mechanical Engineering,Indian Institute of Technology Jodhpur,420,13,17
Prof                                                                                Ashok Joshi,11221,Department of Mechanical Engineering,Indian Institute of Technology Jodhpur,471,9,23
Dr                                                                                Sandeep Kumar Yadav,89215,Department of Electrical Engineering,Indian Institute of Technology Jodhpur,798,14,32
Dr                                                                                Pragya Kushwaha,526624,,Indian Institute of Technology Jodhpur,1057,20,34
Dr                                                                                Somitra Sanadhya,194990,Department of Computer Science and Engineering,Indian Institute of Technology Jodhpur,395,11,20
Dr                                                                                Manish Aggarwal,55870,School of Artificial Intelligence and Data Science (AIDE),Indian Institute of Technology Jodhpur,390,11,48
Dr                                                                                Suraj Srivastava,483877,Department of Electrical Engineering,Indian Institute of Technology Jodhpur,342,10,35
Dr                                                                                Prodyut Ranjan Chakraborty,89199,Department of Mechanical Engineering,Indian Institute of Technology Jodhpur,108,5,19
Dr                                                                                Kaushal A. Desai,89183,Department of Mechanical Engineering,Indian Institute of Technology Jodhpur,339,10,29
Dr                                                                                Amitava Banerjee,248110,Department of Metallurgical and Materials Engineering,Indian Institute of Technology Jodhpur,2271,18,44
Dr                                                                                Hardikkumar Bhupendra Kothadia,89179,Department of Mechanical Engineering,Indian Institute of Technology Jodhpur,349,9,42
Dr                                                                                Bhivraj Suthar,481148,School of Artificial Intelligence and Data Science (AIDE),Indian Institute of Technology Jodhpur,141,8,17
Dr                                                                                Amit Bhardwaj,99020,Department of Electrical Engineering,Indian Institute of Technology Jodhpur,423,10,21
Dr                                                                                Shobhana Singh,101009,Department of Mechanical Engineering,Indian Institute of Technology Jodhpur,300,10,21
Dr                                                                                Manish Narwaria,94313,Department of Electrical Engineering,Indian Institute of Technology Jodhpur,1723,17,21
Dr                                                                                Barun Pratiher,59530,Department of Mechanical Engineering,Indian Institute of Technology Jodhpur,366,13,30
Dr                                                                                Aashish Mathur,89159,Department of Electrical Engineering,Indian Institute of Technology Jodhpur,742,14,27
Dr                                                                                Krunal M. Gangawane,354355,Department of Chemical Engineering,Indian Institute of Technology Jodhpur,482,13,35
Dr                                                                                Deepak Mishra,94304,Department of Computer Science and Engineering,Indian Institute of Technology Jodhpur,290,9,17
Dr                                                                                Saakshi Dhanekar,99030,Department of Electrical Engineering,Indian Institute of Technology Jodhpur,482,9,24
Dr                                                                                Appala Naidu Gandi,89193,Department of Metallurgical and Materials Engineering,Indian Institute of Technology Jodhpur,2397,12,39
Dr                                                                                Atul Kumar Sharma,140246,Department of Mechanical Engineering,Indian Institute of Technology Jodhpur,744,16,38
Dr                                                                                Saurabh Nene,161039,Department of Metallurgical and Materials Engineering,Indian Institute of Technology Jodhpur,1506,21,40
Prof                                                                                Anand K Plappally,89149,Department of Mechanical Engineering,Indian Institute of Technology Jodhpur,634,6,23
Dr                                                                                Rajlaxmi  Chouhan,89207,Department of Electrical Engineering,Indian Institute of Technology Jodhpur,202,8,13
Dr                                                                                Avinash Sharma,533464,Department of Computer Science and Engineering,Indian Institute of Technology Jodhpur,156,8,5
Dr                                                                                Arpit  Khandelwal,89155,Department of Electrical Engineering,Indian Institute of Technology Jodhpur,46,4,14
Dr                                                                                Deepika Bhattu,115090,Department of Civil and Infrastructure Engineering,Indian Institute of Technology Jodhpur,981,20,36
Dr                                                                                Pallavi Jain,140759,Department of Computer Science and Engineering,Indian Institute of Technology Jodhpur,82,5,7
Dr                                                                                Tanmay Inamdar,483866,Department of Computer Science and Engineering,Indian Institute of Technology Jodhpur,66,5,7
Dr                                                                                Bhupendra Singh,205239,Department of Civil and Infrastructure Engineering,Indian Institute of Technology Jodhpur,277,8,22
Dr                                                                                Pranay Ranjan,248057,Department of Metallurgical and Materials Engineering,Indian Institute of Technology Jodhpur,678,11,18
Dr                                                                                Kunwar Aditya,239887,Department of Electrical Engineering,Indian Institute of Technology Jodhpur,513,12,9
Dr                                                                                Arun Kumar Singh,89157,Department of Electrical Engineering,Indian Institute of Technology Jodhpur,157,7,13
Dr                                                                                Angshuman Paul,216199,Department of Computer Science and Engineering,Indian Institute of Technology Jodhpur,474,8,12
Dr                                                                                Jaiveer Singh,104153,Department of Metallurgical and Materials Engineering,Indian Institute of Technology Jodhpur,469,14,24
Dr                                                                                Anoop Jain,99026,Department of Electrical Engineering,Indian Institute of Technology Jodhpur,117,7,14
Dr                                                                                Akshay Moudgil,431209,Department of Electrical Engineering,Indian Institute of Technology Jodhpur,346,11,18
Dr                                                                                Gourhari Ghosh,316136,Department of Mechanical Engineering,Indian Institute of Technology Jodhpur,234,9,17
Dr                                                                                Suchetana Chakraborty,120430,Department of Computer Science and Engineering,Indian Institute of Technology Jodhpur,73,5,6
Dr                                                                                Sreejith Krishnan,485907,Department of Civil and Infrastructure Engineering,Indian Institute of Technology Jodhpur,559,10,16
Dr                                                                                Jayant Kumar Mohanta,206187,Department of Mechanical Engineering,Indian Institute of Technology Jodhpur,180,6,7
Dr                                                                                Sai Kiran M. P. R.,213446,Department of Electrical Engineering,Indian Institute of Technology Jodhpur,161,7,7
Dr                                                                                Lawqueen Kanesh,277754,Department of Computer Science and Engineering,Indian Institute of Technology Jodhpur,46,4,4
Dr                                                                                Riby Abraham Boby,316137,Department of Mechanical Engineering,Indian Institute of Technology Jodhpur,155,7,9
Dr                                                                                Sumit Kalra,89233,Department of Computer Science and Engineering,Indian Institute of Technology Jodhpur,62,4,6
Dr                                                                                Anand Mishra,94308,Department of Computer Science and Engineering,Indian Institute of Technology Jodhpur,1155,12,3
Dr                                                                                Nitin Bhatia,94312,Department of Electrical Engineering,Indian Institute of Technology Jodhpur,59,4,8
Dr                                                                                Praveen Kumar Sappidi,196313,Department of Chemical Engineering,Indian Institute of Technology Jodhpur,115,6,25
Dr                                                                                Hirshikesh .,318253,Department of Mechanical Engineering,Indian Institute of Technology Jodhpur,459,9,23
Dr                                                                                Koundinya N.T.B.N,532313,Department of Metallurgical and Materials Engineering,Indian Institute of Technology Jodhpur,261,9,25
Dr                                                                                Amandeep Kaur,97200,Department of Electrical Engineering,Indian Institute of Technology Jodhpur,93,6,7
Dr                                                                                Srijan Sengupta,140248,Department of Metallurgical and Materials Engineering,Indian Institute of Technology Jodhpur,422,13,22
Dr                                                                                Nitin Kumar Sharma,230565,Department of Metallurgical and Materials Engineering,Indian Institute of Technology Jodhpur,110,7,19
Dr                                                                                Himanshu Kumar,97202,Department of Electrical Engineering,Indian Institute of Technology Jodhpur,69,6,5
Dr                                                                                Prashant Kumar Gupta,196171,Department of Chemical Engineering,Indian Institute of Technology Jodhpur,274,11,21
Dr                                                                                Saran Aadhar,247983,Department of Civil and Infrastructure Engineering,Indian Institute of Technology Jodhpur,861,14,18
Dr                                                                                Bhupendra Singh Reniwal,328770,Department of Electrical Engineering,Indian Institute of Technology Jodhpur,116,6,9
Dr                                                                                Santhosh Kumar Varanasi,388018,Department of Chemical Engineering,Indian Institute of Technology Jodhpur,69,5,11
Dr                                                                                Yashaswi Verma,94305,Department of Computer Science and Engineering,Indian Institute of Technology Jodhpur,385,9,7
Dr                                                                                Pratik Mazumder,357538,Department of Computer Science and Engineering,Indian Institute of Technology Jodhpur,105,6,9
Dr                                                                                Shuvajit Mukherjee,517516,Department of Civil and Infrastructure Engineering,Indian Institute of Technology Jodhpur,96,6,14
Dr                                                                                Suman  Kundu,94307,Department of Computer Science and Engineering,Indian Institute of Technology Jodhpur,223,6,8
Dr                                                                                Shrutidhara Sarma,94319,Department of Mechanical Engineering,Indian Institute of Technology Jodhpur,104,7,15
Dr                                                                                Pradeep Kumar Dammala,140250,Department of Civil and Infrastructure Engineering,Indian Institute of Technology Jodhpur,175,6,12
Dr                                                                                Arun Kumar R,94320,Department of Mechanical Engineering,Indian Institute of Technology Jodhpur,125,6,14
Dr                                                                                P. Ravi Prakash,205251,Department of Civil and Infrastructure Engineering,Indian Institute of Technology Jodhpur,93,6,9
Dr                                                                                Rajendra Nagar,97201,Department of Electrical Engineering,Indian Institute of Technology Jodhpur,71,5,7
Dr                                                                                Abir Bhattacharyya,99015,Department of Metallurgical and Materials Engineering,Indian Institute of Technology Jodhpur,371,10,15
Dr                                                                                Niladri Sekhar Tripathy,111331,Department of Electrical Engineering,Indian Institute of Technology Jodhpur,126,7,7
Dr                                                                                Tekcham Gishan Singh,205242,Department of Civil and Infrastructure Engineering,Indian Institute of Technology Jodhpur,101,6,9
Dr                                                                                Sk Md Hasan,248050,Department of Metallurgical and Materials Engineering,Indian Institute of Technology Jodhpur,228,7,17
Dr                                                                                Arani Ali Khan,94311,Department of Electrical Engineering,Indian Institute of Technology Jodhpur,197,8,7
Dr                                                                                Vikky Anand,196164,Department of Chemical Engineering,Indian Institute of Technology Jodhpur,148,8,13
Dr                                                                                Abhilasha Maheshwari,229215,Department of Chemical Engineering,Indian Institute of Technology Jodhpur,74,5,10
Dr                                                                                Harshal Akolekar,265072,Department of Mechanical Engineering,Indian Institute of Technology Jodhpur,219,6,7
Dr                                                                                Angan Sengupta,158541,Department of Chemical Engineering,Indian Institute of Technology Jodhpur,51,4,12
Dr                                                                                Monika Dubey,480323,Department of Civil and Infrastructure Engineering,Indian Institute of Technology Jodhpur,146,7,9
Dr                                                                                Shimmila Bhowmick,534013,School of Design,Indian Institute of Technology Jodhpur,37,4,1
Dr                                                                                Nipun Arora,101010,Department of Mechanical Engineering,Indian Institute of Technology Jodhpur,74,4,4
Dr                                                                                Debanjan Guha Roy,111330,Department of Civil and Infrastructure Engineering,Indian Institute of Technology Jodhpur,312,10,13
Dr                                                                                Ashish Pathak,216196,Department of Mechanical Engineering,Indian Institute of Technology Jodhpur,171,7,11
Dr                                                                                Bikash Santra,480230,School of Artificial Intelligence and Data Science (AIDE),Indian Institute of Technology Jodhpur,137,7,8
Dr                                                                                Romi Banerjee,147457,Department of Computer Science and Engineering,Indian Institute of Technology Jodhpur,177,7,10
Dr                                                                                Ranju Mohan,151682,Department of Civil and Infrastructure Engineering,Indian Institute of Technology Jodhpur,48,2,10
Dr                                                                                Ramesh Asapu,167042,Department of Chemical Engineering,Indian Institute of Technology Jodhpur,322,8,10
Dr                                                                                Nirmalya Bachhar,196325,Department of Chemical Engineering,Indian Institute of Technology Jodhpur,115,6,9
Dr                                                                                Tara Chand Kumawat,259025,Department of Chemical Engineering,Indian Institute of Technology Jodhpur,57,4,11
Dr                                                                                Aali Pant,269621,Department of Civil and Infrastructure Engineering,Indian Institute of Technology Jodhpur,87,5,8
Dr                                                                                Mayank Suman,269627,Department of Civil and Infrastructure Engineering,Indian Institute of Technology Jodhpur,108,5,7
Dr                                                                                Lalit Kaushik,482453,Department of Metallurgical and Materials Engineering,Indian Institute of Technology Jodhpur,118,7,10
Dr                                                                                Prasenjit Sarkar,170899,Department of Chemical Engineering,Indian Institute of Technology Jodhpur,251,8,9
Dr                                                                                Ravi Yadav,217173,Department of Electrical Engineering,Indian Institute of Technology Jodhpur,112,3,8
Dr                                                                                Amrita Puri,94322,Department of Mechanical Engineering,Indian Institute of Technology Jodhpur,36,3,6
Dr                                                                                Amit Sharma,161741,Department of Civil and Infrastructure Engineering,Indian Institute of Technology Jodhpur,401,9,10
Dr                                                                                Rajyalakshmi Garaga,431190,Center for Emerging Technologies for Sustainable Development (CETSD),Indian Institute of Technology Jodhpur,254,7,7
Dr                                                                                Mithu Rani Kuiti,97204,School of Management and Entrepreneurship,Indian Institute of Technology Jodhpur,132,5,9
Dr                                                                                Saptarshi Pyne,480550,Department of Computer Science and Engineering,Indian Institute of Technology Jodhpur,26,3,6
Dr                                                                                Kirti Sankhala,482858,Center for Emerging Technologies for Sustainable Development (CETSD),Indian Institute of Technology Jodhpur,76,5,9
Dr                                                                                Palash Das,305485,Department of Computer Science and Engineering,Indian Institute of Technology Jodhpur,15,2,3
Dr                                                                                Chandana N,391844,Center for Emerging Technologies for Sustainable Development (CETSD),Indian Institute of Technology Jodhpur,52,3,4
Dr                                                                                Gaurav Vaidya,481193,School of Design,Indian Institute of Technology Jodhpur,6,1,2
Dr                                                                                Amit Kumar Rathi,147456,Department of Civil and Infrastructure Engineering,Indian Institute of Technology Jodhpur,76,4,5
Prof                                                                                Manoj Choudhary,239883,Department of Electrical Engineering,Indian Institute of Technology Jodhpur,27,2,N/A
Dr                                                                                Shilpa Dang,239911,School of Artificial Intelligence and Data Science (AIDE),Indian Institute of Technology Jodhpur,49,5,5
Dr                                                                                Sanhita Das,400916,Department of Civil and Infrastructure Engineering,Indian Institute of Technology Jodhpur,110,4,7
Dr                                                                                Suresh Kumar Padala,481162,Department of Civil and Infrastructure Engineering,Indian Institute of Technology Jodhpur,11,2,7
Dr                                                                                B. Ravindra,89165,Department of Mechanical Engineering,Indian Institute of Technology Jodhpur,11,1,N/A
Dr                                                                                Binod Kumar,216463,Department of Electrical Engineering,Indian Institute of Technology Jodhpur,10,2,4
Dr                                                                                Vignesh T.G.,328771,Department of Mechanical Engineering,Indian Institute of Technology Jodhpur,90,4,6
Dr                                                                                Deepak Arora,120831,Department of Chemical Engineering,Indian Institute of Technology Jodhpur,61,3,5
Dr                                                                                Vinod Vijay Kumar,480620,Center for Technology Foresight and Policy (CTFP),Indian Institute of Technology Jodhpur,102,3,5
Dr                                                                                Sumit  Kamal,259027,Department of Chemical Engineering,Indian Institute of Technology Jodhpur,7,2,4
Dr                                                                                Nitin Awathare,485928,Department of Computer Science and Engineering,Indian Institute of Technology Jodhpur,10,2,N/A
Dr                                                                                Sudipto Mukhopadhyay,89231,Department of Mechanical Engineering,Indian Institute of Technology Jodhpur,7,1,2
Dr                                                                                Dip Sankar Banerjee,120276,Department of Computer Science and Engineering,Indian Institute of Technology Jodhpur,N/A,N/A,N/A
Dr                                                                                Trishikhi Raychoudhury,248060,Department of Civil and Infrastructure Engineering,Indian Institute of Technology Jodhpur,N/A,N/A,N/A
Dr                                                                                Vimal Raj Sharma,357530,Department of Computer Science and Engineering,Indian Institute of Technology Jodhpur,N/A,N/A,N/A
Dr                                                                                Nipal Deka,440936,Department of Mechanical Engineering,Indian Institute of Technology Jodhpur,N/A,N/A,N/A
Dr                                                                                Shreya Banerjee,480640,Center for Emerging Technologies for Sustainable Development (CETSD),Indian Institute of Technology Jodhpur,N/A,N/A,N/A
