Name,Vidwan ID,Department,College,Total Citations,H Index,Journal Articles
Prof                                                                                Mohd Yousuf,302962,Department of Zoology,Central University of Kashmir,6,2,150
Dr                                                                                Debanjan Bose,520067,Department of Physics,Central University of Kashmir,17403,64,135
Prof                                                                                Abid Hamid Dar,104427,Department of Biotechnology,Central University of Kashmir,2458,29,78
Prof                                                                                Mohammad Afzal Zargar,107789,Department of Biotechnology,Central University of Kashmir,2347,24,66
Dr                                                                                Kaukab Azeem,521289,Department of Physical Education,Central University of Kashmir,10,1,50
Dr                                                                                Nissar Ahmad Wani,232116,Department of Biotechnology,Central University of Kashmir,1683,23,37
Dr                                                                                Haribhau Bhapkar,284483,Department of Mathematics,Central University of Kashmir,105,5,33
Dr                                                                                Davinder Siwal,520076,Department of Physics,Central University of Kashmir,493,11,27
Dr                                                                                Mohammad Sayid Bhat,289908,Department of Education,Central University of Kashmir,N/A,N/A,27
Dr                                                                                Owais Mohmad Bhat,289873,Department of Biotechnology,Central University of Kashmir,653,16,33
Prof                                                                                Syed Zahoor Ahmad Geelani,104497,Department of Education,Central University of Kashmir,1,N/A,26
Dr                                                                                Tariq Ahmad Shah,104491,Central Library,Central University of Kashmir,174,8,25
Dr                                                                                Khalid Sultan,104462,Department of Physics,Central University of Kashmir,247,7,30
Prof                                                                                Sandhya Tiwari,489947,Department of English,Central University of Kashmir,N/A,N/A,25
Dr                                                                                Chinnappan Baskar,520907,Department of Chemistry,Central University of Kashmir,1373,17,14
Dr                                                                                Mayavan Viji,520914,Department of Chemistry,Central University of Kashmir,313,13,26
Dr                                                                                Aftab Hussain Shah,104429,Department of Mathematics,Central University of Kashmir,21,3,24
Dr                                                                                Manju .,520082,Department of Physics,Central University of Kashmir,268,9,19
Dr                                                                                Ashaq Hussain Najar,104436,Department of Tourism Studies,Central University of Kashmir,75,4,16
Dr                                                                                Johnbabu Koyye,104444,Department of Convergent Journalism,Central University of Kashmir,N/A,N/A,14
Prof                                                                                Abdul Gani,104425,Department of Management Studies,Central University of Kashmir,71,5,12
Dr                                                                                Sukanya Ghosh,520079,Department of Physics,Central University of Kashmir,142,7,15
Dr                                                                                Ramjit .,104475,Department of Tourism Studies,Central University of Kashmir,63,6,17
Dr                                                                                Mohammad Nadeem Lone,237022,Department of Chemistry,Central University of Kashmir,647,9,8
Dr                                                                                Prashant Kumar Gupta,520753,Department of Chemistry,Central University of Kashmir,262,8,15
Dr                                                                                Shabir Ahmad Ahanger,104484,Department of Mathematics,Central University of Kashmir,15,2,15
Dr                                                                                Gulafroz  Jan,198860,Department of Law,Central University of Kashmir,N/A,N/A,11
Dr                                                                                Zubair Rashid,521541,Department of Civil Engineering,Central University of Kashmir,108,7,8
Prof                                                                                Farooq Ahmad Shah,61342,Department of Management Studies,Central University of Kashmir,295,8,9
Dr                                                                                Khalid Wasim Hassan,104460,Department of Politics and Governance,Central University of Kashmir,N/A,N/A,6
Dr                                                                                Masroor Ahmad,104465,Department of Economics,Central University of Kashmir,6,2,9
Dr                                                                                Asif Khan,104437,Department of Convergent Journalism,Central University of Kashmir,1,N/A,5
Prof                                                                                Sheikh Nasrullah,104468,Department of Information Technology,Central University of Kashmir,53,3,3
Dr                                                                                Jainendra Kumar Verma,65795,Department of Economics,Central University of Kashmir,18,2,6
Dr                                                                                Zia Ul Haq,104499,Department of Management Studies,Central University of Kashmir,58,2,5
Dr                                                                                Kothapeta Lakshman,514979,Department of Politics and Governance,Central University of Kashmir,N/A,N/A,6
Dr                                                                                Asif H Shah,519558,Department of Civil Engineering,Central University of Kashmir,1,1,2
Ms                                                                                Humma Ahangar,104430,Central Library,Central University of Kashmir,24,2,2
Prof                                                                                Fayaz Ahmad Nika,104448,Department of Management Studies,Central University of Kashmir,58,4,4
Dr                                                                                Raja Nisar Ali,104479,Department of Physics,Central University of Kashmir,6,1,5
Dr                                                                                Abdul Roof Rather,167509,Department of Physical Education,Central University of Kashmir,N/A,N/A,5
Mr                                                                                Shahid  Hajam,519345,Department of Information Technology,Central University of Kashmir,31,1,3
Dr                                                                                Ghulam Mohammad Sofi,104450,Department of Mathematics,Central University of Kashmir,1,1,4
Dr                                                                                Zahoor Ahmad Najar,104498,Department of Information Technology,Central University of Kashmir,7,1,4
Prof                                                                                A Ravinder Nath,216245,,Central University of Kashmir,9,2,3
Dr                                                                                Faizan Ashraf Mir,104447,Department of Tourism Studies,Central University of Kashmir,7,2,1
Dr                                                                                Nookaraju  Bendukurthi,104470,Department of Convergent Journalism,Central University of Kashmir,7,1,2
Dr                                                                                Tosib Alam,104492,Department of Economics,Central University of Kashmir,4,1,3
Dr                                                                                Adil Amin Nazki,521750,Department of Tourism Studies,Central University of Kashmir,N/A,N/A,3
Dr                                                                                Khursheed Hussain Dar,104461,Department of Economics,Central University of Kashmir,3,1,1
Dr                                                                                Mohammad Lateef,104463,Department of Zoology,Central University of Kashmir,52,2,2
Dr                                                                                Mushtaq Ahmad Lone,104467,Department of Management Studies,Central University of Kashmir,14,2,2
Dr                                                                                Rahul Rangotra,104474,Department of Management Studies,Central University of Kashmir,1,1,1
Dr                                                                                Ibraq Khurshid,104483,Department of Zoology,Central University of Kashmir,N/A,N/A,2
Dr                                                                                Sammaiah Buhukya,521267,Department of Management Studies,Central University of Kashmir,N/A,N/A,N/A
Dr                                                                                Chandrakiran Singh,523569,Department of Zoology,Central University of Kashmir,35,2,2
Dr                                                                                Insha Farooq Mir,104457,Department of Management Studies,Central University of Kashmir,N/A,N/A,1
Dr                                                                                Mudasir Bhat,168780,Department of Law,Central University of Kashmir,N/A,N/A,1
Mr                                                                                Afaq Alam Khan,104428,Department of Information Technology,Central University of Kashmir,N/A,N/A,N/A
Dr                                                                                Tasleem Araf Cash,104433,Department of Economics,Central University of Kashmir,N/A,N/A,N/A
Ms                                                                                S. Arokia Mary,104434,Department of Education,Central University of Kashmir,N/A,N/A,N/A
Mr                                                                                T Arun Christopher,104435,Department of Education,Central University of Kashmir,N/A,N/A,N/A
Mr                                                                                Bilal Ahmad Ganai,104438,Department of Law,Central University of Kashmir,N/A,N/A,N/A
Dr                                                                                Himabindu Mukthipudi,104439,Department of Politics and Governance,Central University of Kashmir,N/A,N/A,N/A
Mr                                                                                Dinesh Kumar K,104441,Department of Education,Central University of Kashmir,N/A,N/A,N/A
Dr                                                                                Altaf Hussain,104443,Department of Urdu,Central University of Kashmir,N/A,N/A,N/A
Dr                                                                                Nazir Ahmad Zargar,104445,Department of Religious Studies,Central University of Kashmir,N/A,N/A,N/A
Dr                                                                                Gawher Ahmad Bhat,104449,Department of Education,Central University of Kashmir,N/A,N/A,N/A
Dr                                                                                Harpal Singh,104454,Department of Religious Studies,Central University of Kashmir,N/A,N/A,N/A
Dr                                                                                Hilal Ahmad Najar,104455,Department of Law,Central University of Kashmir,N/A,N/A,N/A
Dr                                                                                Ihsan ur Rahim Malik,104456,Department of English,Central University of Kashmir,N/A,N/A,N/A
Mr                                                                                Irfan Ahmed Noorani,104458,Department of Zoology,Central University of Kashmir,N/A,N/A,N/A
Dr                                                                                Ishrat Bashir,104459,Department of English,Central University of Kashmir,N/A,N/A,N/A
Dr                                                                                Moyeed ul Zafar,104466,Department of Religious Studies,Central University of Kashmir,N/A,N/A,N/A
Mr                                                                                Katake Nitin Ambadas,104469,Department of Mathematics,Central University of Kashmir,N/A,N/A,N/A
Dr                                                                                Nusrat Jabeen,104472,Department of Urdu,Central University of Kashmir,N/A,N/A,N/A
Dr                                                                                Mohammad Rashid Azeez,104476,Department of Urdu,Central University of Kashmir,N/A,N/A,N/A
Dr                                                                                Mohammad Ahmed Raza,104477,Department of Religious Studies,Central University of Kashmir,N/A,N/A,N/A
Mr                                                                                Reyaz Ahmad Wani,104478,Department of Education,Central University of Kashmir,N/A,N/A,N/A
Ms                                                                                Saima Bashir,104482,Department of Education,Central University of Kashmir,N/A,N/A,N/A
Mr                                                                                Shahnaz Bashir,104485,Department of Convergent Journalism,Central University of Kashmir,N/A,N/A,N/A
Ms                                                                                Shahnaz Akhter,104486,Department of Tourism Studies,Central University of Kashmir,N/A,N/A,N/A
Dr                                                                                Firdous Ahmad Sofal,104487,Department of Education,Central University of Kashmir,N/A,N/A,N/A
Dr                                                                                Sunil Gawande,104488,Department of Education,Central University of Kashmir,N/A,N/A,N/A
Mr                                                                                Sunil Kumar Mannil,104489,Department of English,Central University of Kashmir,N/A,N/A,N/A
Ms                                                                                Tahira Khatoon,104490,Department of Politics and Governance,Central University of Kashmir,N/A,N/A,N/A
Mr                                                                                Yash Paul,104496,Department of Information Technology,Central University of Kashmir,N/A,N/A,N/A
Dr                                                                                Arif Nazir,167500,Department of Convergent Journalism,Central University of Kashmir,N/A,N/A,N/A
Dr                                                                                Mohammad Muzamil Shah,167507,Department of Physical Education,Central University of Kashmir,N/A,N/A,N/A
Dr                                                                                Mohammad Muqarram,167510,Department of Physical Education,Central University of Kashmir,N/A,N/A,N/A
