Name,Vidwan ID,Department,College,Total Citations,H Index,Journal Articles
Dr                                                                                Balasubramanian V,32323,Department of Manufacturing Engineering,Annamalai University,11179,55,407
Dr                                                                                Sunil kumar B,114937,Department of Genetics and Plant Breeding,Annamalai University,51,4,368
Dr                                                                                Govindarajan M,117295,Department of Zoology,Annamalai University,6669,52,298
Dr                                                                                Soundarapandian  P,41225,Centre of Advanced Study In Marine Biology,Annamalai University,229,9,275
VADIVEL A,236846,Department of Mathematics,Annamalai University,218,8,238
Dr                                                                                Jayabharathi J,58501,Department of Chemistry,Annamalai University,3033,28,264
Dr.                                                                                Annaian Shanmugam,20750,Centre of Advanced Study in Marine Biology,Annamalai University,1143,20,222
Dr                                                                                Anantha Raman P.,40011,Centre of Advanced Study in Marine Biology,Annamalai University,1520,21,207
Dr                                                                                Sundaraganesan N,106745,Department of Physics,Annamalai University,5034,40,217
Prof                                                                                Subramanian S,121005,Department of Electrical Engineering,Annamalai University,202,5,167
Dr                                                                                Thanikachalam V,106764,Department of Chemistry,Annamalai University,2339,27,213
Dr                                                                                SINGARAVEL RAMAIYAN,285875,Department of Soil Science and Agricultural Chemistry,Annamalai University,8,2,210
Dr                                                                                Rajasimman M,40132,Department of Chemical Engineering,Annamalai University,2277,28,204
Dr                                                                                Rajendra Prasad N,106553,Department of Biochemistry and Biotechnology,Annamalai University,4005,38,177
Dr                                                                                Kabilan S,21820,Department of Chemistry,Annamalai University,1844,23,183
Dr                                                                                Geetha D.,39954,Department of Physics,Annamalai University,1751,22,156
Dr                                                                                Chidambaram S,41244,Department of Earth Sciences,Annamalai University,3526,31,160
Dr                                                                                Ramasamy V,39945,Department of Physics,Annamalai University,2761,25,176
Dr                                                                                Kottaimuthu A,65742,Department of Pharmacy,Annamalai University,216,8,130
Dr                                                                                Anton Smith A,116172,Department of Pharmacy,Annamalai University,276,10,118
Dr                                                                                Bhavani R,117388,Department of Computer Science and Engineering,Annamalai University,427,9,76
Dr                                                                                Nalini N,58508,Department of Biochemistry and Biotechnology,Annamalai University,5095,39,136
Dr                                                                                Subramanian P,58510,Department of Biochemistry and Biotechnology,Annamalai University,1737,24,125
Dr                                                                                Manoharan S,58511,Department of Biochemistry and Biotechnology,Annamalai University,3193,31,136
Dr                                                                                Sadik Batcha M,50443,Department of Library and Information Science,Annamalai University,90,5,139
Dr                                                                                Anuradha C.V,58507,Department of Biochemistry and Biotechnology,Annamalai University,4801,40,132
Dr                                                                                Srinivasan M,43418,Centre of Advanced Study in Marine Biology,Annamalai University,467,13,111
Dr                                                                                Manivasagam T,61051,Department of Biochemistry and Biotechnology,Annamalai University,3116,35,89
Dr                                                                                Mirunalini S,106455,Department of Biochemistry and Biotechnology,Annamalai University,1070,16,123
Dr.                                                                                Kalyanaraman R,41113,Department of Mathematics,Annamalai University,40,4,115
Dr                                                                                Sathiyanarayanan G,250796,Department of Genetics and Plant Breeding,Annamalai University,48,4,90
Dr                                                                                Bakkialakshmi S,39950,Department of Physics,Annamalai University,167,8,128
Dr                                                                                T Suthin Raj,106755,Department of Plant Pathology,Annamalai University,46,2,123
Dr                                                                                Deivasigamani Balaraman,114801,Centre of Advanced Study In Marine Biology,Annamalai University,271,10,88
Dr                                                                                Nadarajan C,106485,Department of History,Annamalai University,N/A,N/A,39
Dr                                                                                Arumugam Muthuvel,52191,Centre of Advanced Study In Marine Biology,Annamalai University,756,14,94
Prof                                                                                Saravanan K,114934,Department of Genetics and Plant Breeding,Annamalai University,83,4,109
Dr                                                                                M SEENIVASAN,236843,Department of Mathematics,Annamalai University,82,4,35
Dr                                                                                Poongothai S,41265,Department of Civil Engineering,Annamalai University,110,6,72
Dr                                                                                Chinnadurai V,58481,Department of Mathematics,Annamalai University,64,4,107
Dr                                                                                Muthukumar A,106479,Department of Plant Pathology,Annamalai University,142,7,114
Dr                                                                                Karuppaiah P,31906,Department of Horticulture,Annamalai University,N/A,N/A,88
Dr.                                                                                Raghukandan K,32320,Department of Manufacturing Engineering,Annamalai University,2362,26,78
"Dr                                                                                Saravanan, T.",106627,,Annamalai University,5,1,56
Dr                                                                                Subashini T.S,117572,Department of Computer Science and Engineering,Annamalai University,531,12,86
Dr                                                                                Chidambaram I.A,24569,Department of Electrical Engineering,Annamalai University,N/A,N/A,98
Dr                                                                                RAJESH P,235605,Department of Computer and Information Science,Annamalai University,10,2,30
Dr                                                                                Thirumaran S,106769,Department of Physics,Annamalai University,1202,19,102
Dr                                                                                Senthilvalavan P,234602,Department of Soil Science and Agricultural Chemistry,Annamalai University,5,1,81
Dr                                                                                Balabaskar P,106250,Department of Plant Pathology,Annamalai University,9,2,100
Dr                                                                                Sivakumar G,58496,Department of Physics,Annamalai University,1020,18,98
Dr                                                                                NEHRU KUMAR V,233629,Department of Civil Engineering,Annamalai University,25,2,91
Dr                                                                                Seetharaman K,58525,Department of Computer and Information Science,Annamalai University,197,9,71
Dr                                                                                Ravisankar Athimulam Kulasekaran,106588,Department of Population Studies,Annamalai University,21,2,77
Dr                                                                                Saleem H,58495,Department of Physics,Annamalai University,1294,20,89
Dr                                                                                Sriramachandrasekharan M V,106720,Department of Soil Science and Agricultural Chemistry,Annamalai University,1,1,98
Dr                                                                                Sundaramanickam A,96563,Centre of Advanced Study In Marine Biology,Annamalai University,707,9,82
Dr                                                                                Rajendiran N,41148,Department of Chemistry,Annamalai University,1705,26,97
Dr                                                                                Sabesan Thayumanavan,92263,,Annamalai University,96,5,64
Dr                                                                                Uma Maheswari T,106781,Department of Horticulture,Annamalai University,18,2,67
Dr                                                                                Karthikeyan M,106396,Department of Computer and Information Science,Annamalai University,78,4,80
Dr                                                                                Veerappan N,36819,Centre of Advanced Study in Marine Biology,Annamalai University,53,5,41
Dr                                                                                Haripriya K,106348,Department of Horticulture,Annamalai University,27,3,73
Dr                                                                                Priya  R,41524,Department of Computer Science and Engineering,Annamalai University,133,7,41
Dr                                                                                AYYAPPAN  SARAVANAKUMAR,122486,Centre of Advanced Study In Marine Biology,Annamalai University,207,6,86
Dr                                                                                Stanely Mainzen Prince P,106722,Department of Biochemistry and Biotechnology,Annamalai University,4916,42,89
Dr                                                                                Selvakumar K,106648,Department of Information Technology,Annamalai University,86,5,79
Dr                                                                                Jaiganesh V,82047,Department of Plant Pathology,Annamalai University,N/A,N/A,71
Dr                                                                                Kalaiselvi Geetha M,163622,Department of Computer Science and Engineering,Annamalai University,252,9,45
Dr                                                                                Manoharan  C,93373,Department of Physics,Annamalai University,1498,24,76
Dr                                                                                Santhi S.G,41526,Department of Computer Science and Engineering,Annamalai University,19,2,43
Dr                                                                                Ganesh. P,106330,Department of Microbiology,Annamalai University,77,4,74
Dr                                                                                Kamalakannan S,106376,Department of Horticulture,Annamalai University,4,1,50
Dr                                                                                Kannan C,106384,Department of Plant Pathology,Annamalai University,N/A,N/A,53
Dr                                                                                Venkatesan A,106807,Department of Botany,Annamalai University,33,3,60
Dr                                                                                Perumal Murugesan,122483,Centre of Advanced Study In Marine Biology,Annamalai University,289,9,80
Dr                                                                                Mukesh M V,106463,,Annamalai University,49,4,66
Dr                                                                                Vijayarengan P,39977,Department of Botany,Annamalai University,101,4,80
Dr                                                                                Balamurugan K,236338,Department of Pharmacy,Annamalai University,18,3,81
Dr                                                                                RAVIMYCIN T,236759,Department of Botany,Annamalai University,N/A,N/A,76
Dr                                                                                Guru Prasad Mohanta,43650,Department of Pharmacy,Annamalai University,974,16,70
Dr                                                                                Vijayakumar K,106822,Department of Library and Information Science,Annamalai University,4,1,79
Dr                                                                                Dhanavel D,41178,,Annamalai University,77,2,79
Dr                                                                                Ramanathan Kathiresan,66017,Vice Chancellor,Annamalai University,15,1,79
Dr                                                                                TAMILSELVAN S,106757,Department of Mathematics,Annamalai University,52,4,62
Dr                                                                                Thirunarayanan G,106773,Department of Chemistry,Annamalai University,571,14,67
Dr                                                                                VENNILA S,291337,Department of Genetics and Plant Breeding,Annamalai University,N/A,N/A,53
Dr                                                                                Thangaraj M,79713,Centre of Advanced Study in Marine Biology,Annamalai University,171,6,62
Dr                                                                                Karthik Kumar S,106391,Department of English,Annamalai University,N/A,N/A,32
Dr                                                                                Murugappan Alagappan,28116,Department of Civil Engineering,Annamalai University,114,7,61
Dr                                                                                Arutchelvan Veeraraghavan,41264,Department of Civil Engineering,Annamalai University,477,7,61
Dr                                                                                Sivakumar Kannan,121791,Centre of Advanced Study In Marine Biology,Annamalai University,856,12,60
Dr                                                                                Sanjeevi K,60983,Department of Library and Information Science,Annamalai University,N/A,N/A,29
Dr                                                                                Kathirvelu C.,106404,Department of Entomology,Annamalai University,2,1,46
Dr                                                                                Karthikeyan B,106394,Department of Chemistry,Annamalai University,708,15,59
Dr                                                                                Natarajan R,106497,Department of Library and Information Science,Annamalai University,N/A,N/A,67
Dr                                                                                Sivagurunathan P,106689,Department of Microbiology,Annamalai University,145,6,61
Dr                                                                                Kumar S,106417,Department of Horticulture,Annamalai University,3,1,51
Dr                                                                                Suhasini  A,41512,Department of Computer Science and Engineering,Annamalai University,119,8,49
Dr                                                                                Florence S,106322,Department of English,Annamalai University,N/A,N/A,70
