Name,Vidwan ID,Department,College,Total Citations,H Index,Journal Articles
Dr                                                                                Vinoth Kumar Raja,91921,Department of Chemical Engineering,National Institute of Technology Andhra Pradesh,1543,20,39
Dr                                                                                Krishnamurthy Jyothinagaram,91927,School of Sciences,National Institute of Technology Andhra Pradesh,621,13,46
Dr                                                                                Tejavathu Ramesh,91913,Department of Electrical Engineering,National Institute of Technology Andhra Pradesh,305,10,25
Prof                                                                                G Ravi Kiran Sastry,91943,Department of Mechanical Engineering,National Institute of Technology Andhra Pradesh,514,12,30
Dr                                                                                Veeresh Kumar G B,91953,Department of Mechanical Engineering,National Institute of Technology Andhra Pradesh,863,14,18
Dr                                                                                Kishore Kumar Puli,91931,,National Institute of Technology Andhra Pradesh,121,6,11
Dr                                                                                Babu Rao Thella,91951,Department of Mechanical Engineering,National Institute of Technology Andhra Pradesh,287,7,24
Dr                                                                                Sankar Peddapati,91907,Department of Electrical Engineering,National Institute of Technology Andhra Pradesh,1096,7,14
Dr                                                                                Karthick Seshadri,91905,Department of Computer Science and Engineering,National Institute of Technology Andhra Pradesh,48,3,11
Dr                                                                                Kiran Kumar Gurrala,91929,Department of Electronics and Communication Engineering,National Institute of Technology Andhra Pradesh,74,5,11
Dr                                                                                Raffi Mohammed,91933,Department of Metallurgical and Materials Engineering,National Institute of Technology Andhra Pradesh,162,6,7
Dr                                                                                Jagan Mohan Rao Tingirikar,91915,Department of Biotechnology,National Institute of Technology Andhra Pradesh,378,13,13
Dr                                                                                Seenivasan Ayothiraman,91909,Department of Biotechnology,National Institute of Technology Andhra Pradesh,212,8,13
Dr                                                                                Tapas Paramanik,91941,School of Sciences,National Institute of Technology Andhra Pradesh,228,8,15
Dr                                                                                Baranidharan Sundaram,91919,Department of Civil Engineering,National Institute of Technology Andhra Pradesh,70,5,7
Dr                                                                                Himabindu Kommanti,91917,Department of Computer Science and Engineering,National Institute of Technology Andhra Pradesh,16,2,2
Dr                                                                                Giridhar Rajesh Bande,91935,Department of Civil Engineering,National Institute of Technology Andhra Pradesh,149,5,9
Dr                                                                                Karthikeya Sharma Thopudurthi,91945,Department of Mechanical Engineering,National Institute of Technology Andhra Pradesh,138,6,10
Dr                                                                                Talari Reshma,91939,Department of Civil Engineering,National Institute of Technology Andhra Pradesh,74,5,8
Dr                                                                                Srilatha Chebrolu,91937,Department of Computer Science and Engineering,National Institute of Technology Andhra Pradesh,389,6,4
Dr                                                                                Soumya Jose,91923,School of Humanities and Management,National Institute of Technology Andhra Pradesh,12,2,5
Dr                                                                                Puchalapalli Dinesh Sankar Reddy,91955,Department of Chemical Engineering,National Institute of Technology Andhra Pradesh,36,4,3
Dr                                                                                Sunil Kumar Rajulapati,92013,Department of Metallurgical and Materials Engineering,National Institute of Technology Andhra Pradesh,4,2,2
Prof                                                                                Amba Prasad Rao Gaddale,91903,Department of Mechanical Engineering,National Institute of Technology Andhra Pradesh,N/A,N/A,N/A
Dr                                                                                Nagesh Bhattu Sristy,91925,Department of Computer Science and Engineering,National Institute of Technology Andhra Pradesh,N/A,N/A,N/A
Dr                                                                                Jayaram Nakka,91947,Department of Electrical Engineering,National Institute of Technology Andhra Pradesh,N/A,N/A,N/A
