Name,Vidwan ID,Department,College,Total Citations,H Index,Journal Articles
Prof                                                                                Dr Jaspal  Singh,389884,Department of Civil Engineering,Punjab Agricultural University,259,4,130
Dr                                                                                Surinder Singh Kukal,53225,Department of Soil Science,Punjab Agricultural University,3443,29,93
Prof                                                                                Rakesh Sharda,265376,Department of Soil Science,Punjab Agricultural University,194,6,73
Dr                                                                                Harmit Singh Thind,53306,Department of Soil Science,Punjab Agricultural University,1504,23,63
Dr                                                                                Vijay Kumar,320281,Department of Plant Breeding and Genetics,Punjab Agricultural University,44,3,26
Dr                                                                                Mehra Singh Sidhu,320261,Department of Physics,Punjab Agricultural University,7,1,15
Dr                                                                                Gurmeet Singh Buttar,49174,Department of Agronomy,Punjab Agricultural University,252,6,8
Mr                                                                                Tarandeep Singh,320343,Department of Farm Power and Machinery,Punjab Agricultural University,4,N/A,5
Dr                                                                                Hanuman Bobade,322086,Department of Food and Nutrition,Punjab Agricultural University,24,N/A,6
Dr                                                                                Suniti Bala,87235,Department of Library,Punjab Agricultural University,N/A,N/A,N/A
Dr                                                                                Rajan Bhatt,322310,Department of Soil Science,Punjab Agricultural University,2,1,4
Dr                                                                                Jyoti Jain,320673,Department of Plant Breeding and Genetics,Punjab Agricultural University,N/A,N/A,1
Mr                                                                                Sumit Grover,352646,Department of Food and Nutrition,Punjab Agricultural University,15,1,1
Dr.                                                                                Usha Parmar,21214,Department of Botany,Punjab Agricultural University,N/A,N/A,N/A
Dr.                                                                                Neelima Arora,21218,Department of Botany,Punjab Agricultural University,N/A,N/A,N/A
Dr.                                                                                S K Thind,21219,Department of Botany,Punjab Agricultural University,N/A,N/A,N/A
Dr.                                                                                Seema Bedi,21220,Department of Botany,Punjab Agricultural University,N/A,N/A,N/A
Dr.                                                                                Kuldeep Singh Khera,23709,Department of Zoology,Punjab Agricultural University,N/A,N/A,N/A
Dr.                                                                                Jasvinder Kaur Sangha,31925,Department of Food and Nutrition,Punjab Agricultural University,N/A,N/A,N/A
Dr.                                                                                NK Khullar,32178,Department of Civil Engineering,Punjab Agricultural University,N/A,N/A,N/A
Mr.                                                                                Jaskarn Singh Mahal,32220,Department of Farm Power and Machinery,Punjab Agricultural University,N/A,N/A,N/A
Dr.                                                                                Gursaheb Singh Manes,32223,Department of Farm Power and Machinery,Punjab Agricultural University,N/A,N/A,N/A
Dr.                                                                                Virash Kamal Gupta,32253,Department of Entomology,Punjab Agricultural University,N/A,N/A,N/A
Dr.                                                                                Balwinder Singh,32254,Department of Entomology,Punjab Agricultural University,N/A,N/A,N/A
Dr.                                                                                Paramjit Singh,32264,Department of Entomology,Punjab Agricultural University,N/A,N/A,N/A
Dr.                                                                                Pushpinder Singh Aulakh,32767,Department of Horticulture,Punjab Agricultural University,N/A,N/A,N/A
Dr.                                                                                Avtar Singh Bimbraw,33021,Department of Agronomy,Punjab Agricultural University,N/A,N/A,N/A
Dr.                                                                                Yash Paul Sachdeva,33084,Department of Business Management,Punjab Agricultural University,N/A,N/A,N/A
Dr.                                                                                Sandeep Kapur,33085,Department of Business Management,Punjab Agricultural University,N/A,N/A,N/A
Dr.                                                                                Pratibha Goyal,33086,Department of Business Management,Punjab Agricultural University,N/A,N/A,N/A
Dr.                                                                                Gangadeep Banga,33087,Department of Business Management,Punjab Agricultural University,N/A,N/A,N/A
Dr.                                                                                S S Chahal,34102,Department of Economics and Sociology,Punjab Agricultural University,N/A,N/A,N/A
Dr.                                                                                Mohinder Singh Sidhu,34103,Department of Economics and Sociology,Punjab Agricultural University,N/A,N/A,N/A
Mr.                                                                                Kamal Vatta,34106,Department of Economics and Sociology,Punjab Agricultural University,N/A,N/A,N/A
Dr.                                                                                Sanjay Kumar,34107,Department of Economics and Sociology,Punjab Agricultural University,N/A,N/A,N/A
Dr.                                                                                Wasakha Singh Dhillon,39141,Department of Horticulture,Punjab Agricultural University,N/A,N/A,N/A
Prof                                                                                Swarndeep Singh Hundal,44100,Department of Zoology,Punjab Agricultural University,N/A,N/A,N/A
Dr                                                                                O P Gupta,44113,Department of Information technology,Punjab Agricultural University,N/A,N/A,N/A
Dr                                                                                Ashwani Kumar Soni,44128,Department of Civil Engineering,Punjab Agricultural University,N/A,N/A,N/A
Dr                                                                                H.S. Rattanpal,44763,Department of Fruit Science,Punjab Agricultural University,N/A,N/A,N/A
Dr                                                                                Jayesh Singh,50523,Department of Plant Breeding and Genetics,Punjab Agricultural University,N/A,N/A,N/A
Dr                                                                                Deepika Vig,51035,Department of Human Development,Punjab Agricultural University,N/A,N/A,N/A
Dr                                                                                Mahesh Narang,51089,Department of Farm Power and Machinery,Punjab Agricultural University,N/A,N/A,N/A
Dr                                                                                Surinder Sandhu,51119,Department of Plant Breeding and Genetics,Punjab Agricultural University,N/A,N/A,N/A
Dr                                                                                Lalit Mohan Kathuria,51970,Department of Business Management,Punjab Agricultural University,N/A,N/A,N/A
Dr                                                                                Sukhmeet Singh,52076,Department of Farm Power and Machinery,Punjab Agricultural University,N/A,N/A,N/A
Dr                                                                                Sanjeev Chauhan,52776,Department of Forestry and Natural Resources,Punjab Agricultural University,N/A,N/A,N/A
Dr                                                                                Rajni Sharma,52781,Department of Forestry and Natural Resources,Punjab Agricultural University,N/A,N/A,N/A
Dr                                                                                Nirmaljit Kaur Makkar,52787,Department of Botany,Punjab Agricultural University,N/A,N/A,N/A
Dr                                                                                Satbir Singh,52806,Department of Animal husbandry,Punjab Agricultural University,N/A,N/A,N/A
Dr                                                                                S K Uppal,52845,Department of Chemistry,Punjab Agricultural University,N/A,N/A,N/A
Dr                                                                                Vishal Bector,53418,Department of Farm Power and Machinery,Punjab Agricultural University,N/A,N/A,N/A
Dr                                                                                Rajeev Kumar,170659,Department of Physics,Punjab Agricultural University,N/A,N/A,N/A
Dr                                                                                Preeti Sharma,320262,Department of Extension Education and Communication Management,Punjab Agricultural University,N/A,N/A,N/A
Dr                                                                                Pankaj Sharma,320263,Department of Plant Breeding and Genetics,Punjab Agricultural University,N/A,N/A,N/A
Dr                                                                                Satbir Singh,320270,Department of Animal Husbandry,Punjab Agricultural University,N/A,N/A,N/A
Dr                                                                                Keshani Bhushan,320271,Department of Microbiology,Punjab Agricultural University,N/A,N/A,N/A
Dr                                                                                Nitish Dhingra,320278,Department of Physics,Punjab Agricultural University,N/A,N/A,N/A
Dr                                                                                Tarundeep Kaur,320283,Department of Agronomy,Punjab Agricultural University,N/A,N/A,N/A
Dr                                                                                Kamaljeet Singh Suri,320289,Department of Entomology,Punjab Agricultural University,N/A,N/A,N/A
Dr                                                                                Sarwan Kumar,320298,Department of Entomology,Punjab Agricultural University,N/A,N/A,N/A
Prof                                                                                Pardeep Chhuneja,320325,Department of Entomology,Punjab Agricultural University,N/A,N/A,N/A
Dr                                                                                Chhaya Atri,320333,Department of Plant Breeding and Genetics,Punjab Agricultural University,N/A,N/A,N/A
Dr                                                                                Bharathi Mohindru,320345,Department of Entomology,Punjab Agricultural University,N/A,N/A,N/A
Prof                                                                                Tejdeep Kler,320351,Department of Zoology,Punjab Agricultural University,N/A,N/A,N/A
Dr                                                                                Vikramjit Kaur Zhawar,320359,Department of Biochemistry,Punjab Agricultural University,N/A,N/A,N/A
Dr                                                                                Subhash Chander,320361,Department of Horticulture,Punjab Agricultural University,N/A,N/A,N/A
Dr                                                                                Simerjeet Kaur,320366,Department of Agronomy,Punjab Agricultural University,N/A,N/A,N/A
Dr                                                                                Gurlal Singh,320379,Department of Economics and Sociology,Punjab Agricultural University,N/A,N/A,N/A
Dr                                                                                Neena Singla,320409,Department of Zoology,Punjab Agricultural University,N/A,N/A,N/A
Dr                                                                                Madhu Sharma,320441,Department of Horticulture,Punjab Agricultural University,N/A,N/A,N/A
Dr                                                                                Sukhpreet Kaur,320448,Department of Food and Nutrition,Punjab Agricultural University,N/A,N/A,N/A
Mr                                                                                Sanjeev Vermani,320463,Department of Library,Punjab Agricultural University,N/A,N/A,N/A
Dr                                                                                Sanjula Sharma,320484,Department of Plant Breeding and Genetics,Punjab Agricultural University,N/A,N/A,N/A
Dr                                                                                Arashdeep Singh,320503,Department of Food and Nutrition,Punjab Agricultural University,N/A,N/A,N/A
Dr                                                                                Manpreet Singh,320569,Department of Agronomy,Punjab Agricultural University,N/A,N/A,N/A
Dr                                                                                Neha Babbar,320573,Department of Entomology,Punjab Agricultural University,N/A,N/A,N/A
Dr                                                                                Jagbir Rehal,320577,Department of Food and Nutrition,Punjab Agricultural University,N/A,N/A,N/A
Dr                                                                                Shashi Pathania,320688,Department of Horticulture,Punjab Agricultural University,N/A,N/A,N/A
Dr                                                                                Gurvinder Kocher,320761,Department of Microbiology,Punjab Agricultural University,N/A,N/A,N/A
Dr                                                                                Antima Gupta,321133,Department of Food and Nutrition,Punjab Agricultural University,N/A,N/A,N/A
Dr                                                                                Tarsem Chand Mittal,321533,Department of Food and Nutrition,Punjab Agricultural University,N/A,N/A,N/A
Dr                                                                                Sandhya Singh,321580,Department of Food and Nutrition,Punjab Agricultural University,N/A,N/A,N/A
Dr                                                                                Yogita Sharma,321623,Department of Library,Punjab Agricultural University,N/A,N/A,N/A
Dr                                                                                Preeti Goyal,321745,Department of Biochemistry,Punjab Agricultural University,N/A,N/A,N/A
Dr                                                                                Jagroop Kaur,321761,Department of Agronomy,Punjab Agricultural University,N/A,N/A,N/A
Prof                                                                                Preetinder Kaur,321803,Department of Food and Nutrition,Punjab Agricultural University,N/A,N/A,N/A
Prof                                                                                Savita Sharma,322324,Department of Food and Nutrition,Punjab Agricultural University,N/A,N/A,N/A
Prof                                                                                Navdeep Aggarwal,323217,Department of Business Management,Punjab Agricultural University,N/A,N/A,N/A
Dr                                                                                Sumeet Grewal,324659,Department of Apparel and Textile Science,Punjab Agricultural University,N/A,N/A,N/A
Dr                                                                                Surabhi Mahajan,324689,Department of Apparel and Textile Science,Punjab Agricultural University,N/A,N/A,N/A
Dr                                                                                Surabhi Mahajan,324689,Department of Apparel and Textile Science,Punjab Agricultural University,N/A,N/A,N/A
