Name,Vidwan ID,Department,College,Total Citations,H Index,Journal Articles
Prof                                                                                Venugopal Rao Soma,68475,Advanced Centre of Research in High Energy Materials,University of Hyderabad,10054,53,375
Prof                                                                                Ashwini Nangia,43027,School of Chemistry,University of Hyderabad,12602,62,259
Prof                                                                                Periasamy Mariappan,21649,School of Chemistry,University of Hyderabad,5438,36,275
Dr                                                                                K V Jovan Jose,69607,School of Chemistry,University of Hyderabad,8755,51,221
Prof                                                                                Susanta Mahapatra,69665,School of Chemistry,University of Hyderabad,3475,33,223
Prof                                                                                Rukmani Mohanta,69533,School of Physics,University of Hyderabad,4059,32,192
Dr                                                                                Geeta K Vemugant,58653,School of Medical Sciences,University of Hyderabad,3793,33,163
Prof                                                                                K C Kumaraswamy,42801,School of Chemistry,University of Hyderabad,5202,38,210
Dr                                                                                Samudranil Pal,21459,School of Chemistry,University of Hyderabad,5134,42,208
Prof                                                                                C S Sunandana,87571,School of Physics,University of Hyderabad,1752,23,174
Prof                                                                                Prakash Babu Phanithi,58648,School of Medical Sciences,University of Hyderabad,358,10,78
Dr                                                                                Sharika Nandan Kaul,23026,School of Physics,University of Hyderabad,3555,30,177
Prof                                                                                T P Radhakrishnan,58617,School of Chemistry,University of Hyderabad,4027,32,149
Dr                                                                                Vipin Srivastava,23135,School of Physics,University of Hyderabad,1627,20,185
Prof                                                                                Anunay Samanta,42884,School of Chemistry,University of Hyderabad,9392,57,177
Prof                                                                                S Srinath,69475,School of Physics,University of Hyderabad,3371,32,113
Dr                                                                                Agepati S Raghavendra,58629,Department of Plant Sciences,University of Hyderabad,3982,31,153
Dr                                                                                Rangarajan Balamurugan,58601,School of Chemistry,University of Hyderabad,2718,27,152
Prof                                                                                Pallu Reddanna,58639,Department of Animal Biology,University of Hyderabad,5195,41,170
Dr                                                                                Ashok Chatterjee,96193,School of Physics,University of Hyderabad,2660,28,136
Dr                                                                                Musti Joginadha Swamy,43012,School of Chemistry,University of Hyderabad,3105,30,161
Prof                                                                                Samar Kumar Das,69833,School of Chemistry,University of Hyderabad,4337,37,157
Prof                                                                                Gajendra Kumar Pathak,43210,School of Humanities,University of Hyderabad,N/A,N/A,48
Prof                                                                                Butchi Venkat Rao,79665,School of Physics,University of Hyderabad,1817,26,132
Prof                                                                                Ravi Kumar Gutti,71257,Department of Biochemistry,University of Hyderabad,715,15,54
Dr                                                                                Venkata Ramana Chintalapati,32591,Department of Plant Sciences,University of Hyderabad,2326,26,150
Prof                                                                                Rekha Pande,48604,Department of History,University of Hyderabad,58,5,39
Prof                                                                                Anand Pathak,76273,School of Physics,University of Hyderabad,1213,19,100
Prof                                                                                Amba Kulkarni,69155,Department of Sanskrit,University of Hyderabad,46,4,13
Dr                                                                                D Basavaiah,113157,School of Chemistry,University of Hyderabad,8275,42,138
Prof                                                                                Ghanashyam Krishna Mamidipudi,69467,School of Chemistry,University of Hyderabad,1498,21,121
Dr                                                                                Yamuna Singh,175054,"Centre for Earth, Ocean and Atmospheric Sciences",University of Hyderabad,N/A,N/A,109
Prof                                                                                Appa Rao Podile,43025,Department of Plant Sciences,University of Hyderabad,2248,29,107
Dr                                                                                Vaitheeswaran G. S,43732,School of Physics,University of Hyderabad,1831,26,118
Prof                                                                                Senthilkumaran Balasubramanian,71325,Department of Animal Biology,University of Hyderabad,2708,30,104
Prof                                                                                Aloka Parasher Sen,76287,Department of Sanskrit,University of Hyderabad,15,2,109
Prof                                                                                Anand Kumar Kondapi,72121,Department of Biotechnology,University of Hyderabad,1628,26,69
Dr                                                                                M V Rajasekharan,58609,School of Chemistry,University of Hyderabad,2649,29,126
Prof                                                                                Siba Udgata,71829,School of Computer and Information Sciences,University of Hyderabad,1036,15,36
Dr.                                                                                Atul Negi,36729,School of Computer and Information Sciences,University of Hyderabad,750,14,20
Prof                                                                                Ramachary Dhevalapally B.,69599,School of Chemistry,University of Hyderabad,4534,38,95
Mr                                                                                Sarraju R S,243528,,University of Hyderabad,N/A,N/A,46
Dr                                                                                Nadimpalli Siva Kumar,58623,Department of Biochemistry,University of Hyderabad,530,14,109
Prof                                                                                Arun K Pujari,59703,School of Computer and Information Sciences,University of Hyderabad,1172,21,43
Prof                                                                                Tushar Jana,69489,School of Chemistry,University of Hyderabad,3400,36,97
Dr                                                                                P Vijaya Kumar,519385,Department of Telugu,University of Hyderabad,N/A,N/A,85
Dr                                                                                James Raju K C,43303,School of Physics,University of Hyderabad,1016,19,73
Prof                                                                                Samrat Sabat,69469,Centre for Advanced Studies in Electronics Science and Tehcnology,University of Hyderabad,1513,20,48
Dr                                                                                Arun K. Pujari,36720,School of Computer and Information Sciences,University of Hyderabad,1142,20,42
Dr                                                                                Pramod K. Nayar,36756,Department of English,University of Hyderabad,394,8,48
Prof                                                                                Harikumar E,71079,School of Physics,University of Hyderabad,667,15,98
Prof                                                                                Darla Venkateswara Rao,237748,Department of Telugu,University of Hyderabad,N/A,N/A,27
Dr                                                                                Pratap Kollu,68477,Centre for Advanced Studies in Electronics Science and Tehcnology,University of Hyderabad,3164,32,97
Dr                                                                                Seshu Bai Vummethala,75901,School of Physics,University of Hyderabad,422,12,99
Prof                                                                                Surajit Dhara,58599,School of Physics,University of Hyderabad,1392,22,95
Prof                                                                                Nirmal Viswanathan,103122,School of Physics,University of Hyderabad,2057,21,67
Prof                                                                                Chanchal K. Mitra,22165,Department of Biochemistry,University of Hyderabad,1170,18,85
Dr                                                                                V.V.S.S Srikanth,105831,School of Engineering Sciences and Technology,University of Hyderabad,1409,21,79
Dr                                                                                C Raghavendra Rao,92883,,University of Hyderabad,324,9,20
Dr                                                                                Alok Singh,61035,School of Computer and Information Sciences,University of Hyderabad,1400,21,53
Dr                                                                                Bapi Raju S.,36728,School of Computer and Information Sciences,University of Hyderabad,1460,18,39
Dr                                                                                Vineet C Padmanabhan Nair,107769,School of Computer and Information Sciences,University of Hyderabad,4567,24,39
Prof                                                                                Rajender Singh,23091,School of Physics,University of Hyderabad,326,11,53
Dr                                                                                Arunasree M. Kalle,69563,,University of Hyderabad,2233,26,85
Prof                                                                                Dibakar Das,71029,School of Engineering Sciences and Technology,University of Hyderabad,315,12,70
Prof                                                                                Ashok Karumuri,80235,"Centre for Earth, Ocean and Atmospheric Sciences",University of Hyderabad,7602,31,76
Prof                                                                                Alok   Pandey,241041,,University of Hyderabad,N/A,N/A,24
Dr                                                                                Attipalli R Reddy,58632,Department of Plant Sciences,University of Hyderabad,2505,15,83
Dr                                                                                Subramanyam Rajagopal,58638,Department of Plant Sciences,University of Hyderabad,1793,24,76
Prof                                                                                Raghavendra Rao Chillarige,71335,School of Computer and Information Sciences,University of Hyderabad,73,5,7
Prof                                                                                Arun Agarwal,36721,School of Computer and Information Sciences,University of Hyderabad,491,9,25
Prof                                                                                Raja Shekhar Bellamkonda,43273,School of Management Studies,University of Hyderabad,319,7,55
Dr                                                                                Prem Kiran Paturi,80171,Advanced Centre of Research in High Energy Materials,University of Hyderabad,1310,22,34
Prof                                                                                Rajagopal Nagarajan,69663,School of Chemistry,University of Hyderabad,1827,22,74
Prof                                                                                cherla annapurna,71327,Department of Hindi,University of Hyderabad,N/A,N/A,43
Prof                                                                                GVRK ACHARYULU,71711,School of Management Studies,University of Hyderabad,N/A,N/A,57
Prof                                                                                Rajadurai Chandrasekar,69497,School of Chemistry,University of Hyderabad,1800,25,69
Prof                                                                                Rameshwar Sharma,71217,Department of Plant Sciences,University of Hyderabad,1474,22,73
Dr                                                                                Bhagvati Chakravarthy,36727,School of Computer and Information Sciences,University of Hyderabad,303,8,13
Prof                                                                                Vishnu Sarwade,244090,Centre for Dalit and Adivasi Studies and Translation,University of Hyderabad,N/A,N/A,17
Dr                                                                                B RAVI,68439,Indira Gandhi Memorial Library,University of Hyderabad,N/A,N/A,20
Dr                                                                                sathiyendiran M,69837,School of Chemistry,University of Hyderabad,1522,24,67
Dr                                                                                Kolluru Sree Krishna,98273,"Centre for Earth, Ocean and Atmospheric Sciences",University of Hyderabad,1492,23,63
Prof                                                                                Akhil Sahoo,69621,School of Chemistry,University of Hyderabad,3357,34,66
Prof                                                                                Lalitha Guruprasad,58604,School of Chemistry,University of Hyderabad,672,15,65
Prof                                                                                Viswanathan Baskar,58602,School of Chemistry,University of Hyderabad,1471,20,62
Dr                                                                                SWATI GHOSH ACHARYYA,76707,School of Engineering Sciences and Technology,University of Hyderabad,357,11,34
Prof                                                                                Srinivasarao Yaragorla,48220,School of Chemistry,University of Hyderabad,793,18,61
Prof                                                                                Abani K Bhuyan,58603,School of Chemistry,University of Hyderabad,1355,19,59
Prof                                                                                K Muralidharan,58622,School of Chemistry,University of Hyderabad,916,18,63
Dr                                                                                Salman Abdul Moiz,71035,School of Computer and Information Sciences,University of Hyderabad,58,5,15
Prof                                                                                Sarada Devi Tetali,71219,Department of Plant Sciences,University of Hyderabad,920,13,25
Dr                                                                                Radheshyam Maurya,71375,Department of Animal Biology,University of Hyderabad,886,13,60
Dr                                                                                M Durga Prasad,58607,School of Chemistry,University of Hyderabad,611,14,58
Prof                                                                                Pradeepta Panda,69605,School of Chemistry,University of Hyderabad,1135,20,52
Prof                                                                                Anil  Kumar Chaudhary,71009,Advanced Centre of Research in High Energy Materials,University of Hyderabad,407,12,43
Prof                                                                                Phanindra Goyari,58660,School of Economics,University of Hyderabad,69,5,44
Dr                                                                                Devleena Mani Tiwari,119545,"Centre for Earth, Ocean and Atmospheric Sciences",University of Hyderabad,416,13,48
Prof                                                                                P Jyothi,75893,School of Management Studies,University of Hyderabad,3,1,30
Prof                                                                                V S Nageswara Rao Sunkaranam,76617,Centre for Advanced Studies in Electronics Science and Tehcnology,University of Hyderabad,595,14,36
