Name,Vidwan ID,Department,College,Total Citations,H Index,Journal Articles
Prof                                                                                M P Sebastian,56357,Department of Information Systems,"Indian Institute of Management, Kozhikode",190,8,85
Dr                                                                                Satish Krishnan,59850,Department of Information Systems,"Indian Institute of Management, Kozhikode",767,15,40
Dr                                                                                Anand G,56335,Department of Quantitative Methods and Operations Management,"Indian Institute of Management, Kozhikode",1728,23,56
Dr                                                                                Sreejesh S,124048,Department of Marketing Management,"Indian Institute of Management, Kozhikode",1039,18,53
Dr                                                                                Sidhartha S Padhi,59853,Department of Quantitative Methods and Operations Management,"Indian Institute of Management, Kozhikode",1045,16,50
Dr                                                                                Jijo Lukose P J,56341,"Department of Finance, Accounting and Control","Indian Institute of Management, Kozhikode",274,9,37
Prof                                                                                Keyoor Purani,56354,Department of Marketing Management,"Indian Institute of Management, Kozhikode",702,11,37
Dr                                                                                Ram Kumar P N,56338,Department of Quantitative Methods and Operations Management,"Indian Institute of Management, Kozhikode",407,12,35
Prof                                                                                R  Radhakrishna Pillai,56350,Department of Information Systems,"Indian Institute of Management, Kozhikode",654,13,20
Dr                                                                                Kausik Gangopadhyay,56321,Department of Economics,"Indian Institute of Management, Kozhikode",196,7,27
Prof                                                                                Rajesh Srinivas Upadhyayula,56327,Department of Strategic Management,"Indian Institute of Management, Kozhikode",153,5,25
Prof                                                                                Atanu Adhikari,56368,Department of Marketing Management,"Indian Institute of Management, Kozhikode",157,6,11
Prof                                                                                Kulbhushan Balooni,56315,Department of Economics,"Indian Institute of Management, Kozhikode",325,11,20
Dr                                                                                Arqum Mateen,59852,Department of Quantitative Methods and Operations Management,"Indian Institute of Management, Kozhikode",306,10,22
Prof                                                                                G Sridhar,56360,Department of Marketing Management,"Indian Institute of Management, Kozhikode",209,7,15
Dr                                                                                Soumya Roy,59856,Department of Quantitative Methods and Operations Management,"Indian Institute of Management, Kozhikode",137,8,16
Dr                                                                                M K Nandakumar,56326,Department of Strategic Management,"Indian Institute of Management, Kozhikode",317,7,12
Prof                                                                                Raju C,56331,Department of Quantitative Methods and Operations Management,"Indian Institute of Management, Kozhikode",63,5,15
Dr                                                                                Ashutosh Sarkar,56340,Department of Quantitative Methods and Operations Management,"Indian Institute of Management, Kozhikode",467,7,17
Dr                                                                                T N Krishnan,56345,Department of Organizational Behaviour and Human Resources,"Indian Institute of Management, Kozhikode",272,7,16
Prof                                                                                Sumit Mitra,56328,Department of Strategic Management,"Indian Institute of Management, Kozhikode",100,4,15
Prof                                                                                Anjan Kumar Swain,56353,Department of Information Systems,"Indian Institute of Management, Kozhikode",100,5,12
Prof                                                                                Anandakuttan B Unnithan,56359,Department of Marketing Management,"Indian Institute of Management, Kozhikode",210,4,11
Dr                                                                                Mohammed Shahid Abdulla,59837,Department of Information Systems,"Indian Institute of Management, Kozhikode",36,3,6
Dr                                                                                Joshy Joseph,56370,Department of Marketing Management,"Indian Institute of Management, Kozhikode",67,5,11
Dr                                                                                Balagopal Gopalakrishnan,124042,"Department of Finance, Accounting and Control","Indian Institute of Management, Kozhikode",33,3,10
Dr                                                                                Abhilash S Nair,56334,"Department of Finance, Accounting and Control","Indian Institute of Management, Kozhikode",82,5,6
Dr                                                                                Surya Prakash Pati,59854,Department of Organizational Behaviour and Human Resources,"Indian Institute of Management, Kozhikode",71,4,8
Dr                                                                                Sthanu R Nair,56317,Department of Economics,"Indian Institute of Management, Kozhikode",54,3,7
Dr                                                                                Shubhasis Dey,56323,Department of Economics,"Indian Institute of Management, Kozhikode",3,1,5
Prof                                                                                Rameshan P,56325,Department of Strategic Management,"Indian Institute of Management, Kozhikode",4,1,8
Dr                                                                                Praveen Sugathan,59914,Department of Marketing Management,"Indian Institute of Management, Kozhikode",253,7,8
Prof                                                                                Sanal Kumar Velayudhan,56364,Department of Marketing Management,"Indian Institute of Management, Kozhikode",85,4,7
Dr                                                                                Aravind Sampath,59831,"Department of Finance, Accounting and Control","Indian Institute of Management, Kozhikode",11,2,7
Dr                                                                                S Subramanian,59861,Department of Strategic Management,"Indian Institute of Management, Kozhikode",41,5,7
Dr                                                                                Pronobesh Banerjee,124050,Department of Marketing Management,"Indian Institute of Management, Kozhikode",67,3,5
Prof                                                                                Saji Gopinath,56329,Department of Quantitative Methods and Operations Management,"Indian Institute of Management, Kozhikode",172,4,4
Dr                                                                                Thangamani G,56332,Department of Quantitative Methods and Operations Management,"Indian Institute of Management, Kozhikode",46,3,5
Dr                                                                                L Ramprasath,56339,"Department of Finance, Accounting and Control","Indian Institute of Management, Kozhikode",2,1,4
Dr                                                                                Omkumar Krishnan,56372,Department of Marketing Management,"Indian Institute of Management, Kozhikode",62,2,3
Dr                                                                                Priya Nair Rajeev,59855,Department of Organizational Behaviour and Human Resources,"Indian Institute of Management, Kozhikode",16,2,2
Dr                                                                                Leena Mary Eapen,56320,Department of Economics,"Indian Institute of Management, Kozhikode",47,3,4
Dr                                                                                Sudershan Kuntluru,56337,"Department of Finance, Accounting and Control","Indian Institute of Management, Kozhikode",52,3,5
Dr                                                                                Manoranjan Dhal,56351,Department of Organizational Behaviour and Human Resources,"Indian Institute of Management, Kozhikode",27,2,5
Dr                                                                                Deepak Dhayanithy,59860,Department of Strategic Management,"Indian Institute of Management, Kozhikode",2,1,4
Dr                                                                                Roopak Kumar Gupta,124054,Department of Organizational Behaviour and Human Resources,"Indian Institute of Management, Kozhikode",12,2,5
Prof                                                                                Anupam Das,59835,Department of Humanities and Liberal Arts in Management,"Indian Institute of Management, Kozhikode",16,3,3
Dr                                                                                Chitwan Lalji,124040,Department of Economics,"Indian Institute of Management, Kozhikode",8,2,4
Dr                                                                                Deva Prasad M,124046,Department of Humanities and Liberal Arts in Management,"Indian Institute of Management, Kozhikode",6,1,2
Dr                                                                                Payal Anand,124052,Department of Organizational Behaviour and Human Resources,"Indian Institute of Management, Kozhikode",72,4,2
Prof                                                                                Unnikrishnan K Nair,56342,Department of Organizational Behaviour and Human Resources,"Indian Institute of Management, Kozhikode",18,1,3
Dr                                                                                Joffi Thomas,56366,Department of Marketing Management,"Indian Institute of Management, Kozhikode",9,1,2
Dr                                                                                Rachappa Shette,59819,"Department of Finance, Accounting and Control","Indian Institute of Management, Kozhikode",30,2,3
Dr                                                                                Ashok Thomas,124041,Department of Economics,"Indian Institute of Management, Kozhikode",79,3,3
Dr                                                                                Shannu Narayan,59844,Department of Humanities and Liberal Arts in Management,"Indian Institute of Management, Kozhikode",N/A,N/A,N/A
Dr                                                                                Suram Balasubrahmanyam,59857,Department of Strategic Management,"Indian Institute of Management, Kozhikode",2,1,N/A
Dr                                                                                Anubha Shekhar Sinha,59862,Department of Strategic Management,"Indian Institute of Management, Kozhikode",2,1,1
Dr                                                                                Anirban Banerjee,124045,"Department of Finance, Accounting and Control","Indian Institute of Management, Kozhikode",1,N/A,1
Prof                                                                                S S S Kumar,56333,"Department of Finance, Accounting and Control","Indian Institute of Management, Kozhikode",N/A,N/A,N/A
Dr                                                                                Sony Thomas,56336,"Department of Finance, Accounting and Control","Indian Institute of Management, Kozhikode",N/A,N/A,N/A
Dr                                                                                A F Mathew,56347,Department of Humanities and Liberal Arts in Management,"Indian Institute of Management, Kozhikode",N/A,N/A,N/A
Dr                                                                                Pankaj Kumar Baag,59825,"Department of Finance, Accounting and Control","Indian Institute of Management, Kozhikode",N/A,N/A,N/A
Dr                                                                                Qambar Abidi,124043,"Department of Finance, Accounting and Control","Indian Institute of Management, Kozhikode",N/A,N/A,N/A
Dr                                                                                Sudarshan  Kumar,124044,"Department of Finance, Accounting and Control","Indian Institute of Management, Kozhikode",N/A,N/A,N/A
Dr                                                                                Lakshman Mahadevan,124047,Department of Information Systems,"Indian Institute of Management, Kozhikode",N/A,N/A,N/A
Dr                                                                                Aishwarya Ramasundaram,124051,Department of Marketing Management,"Indian Institute of Management, Kozhikode",N/A,N/A,N/A
Dr                                                                                Kapil Verma,124053,Department of Organizational Behaviour and Human Resources,"Indian Institute of Management, Kozhikode",N/A,N/A,N/A
Dr                                                                                Debashis Chatterjee,124055,Department of Organizational Behaviour and Human Resources,"Indian Institute of Management, Kozhikode",N/A,N/A,N/A
Dr                                                                                Saparya Suresh,124056,Department of Quantitative Methods and Operations Management,"Indian Institute of Management, Kozhikode",N/A,N/A,N/A
Dr                                                                                Nycil George,124057,Department of Strategic Management,"Indian Institute of Management, Kozhikode",N/A,N/A,N/A
Dr                                                                                Anita Kerai,124058,Department of Strategic Management,"Indian Institute of Management, Kozhikode",N/A,N/A,N/A
Dr                                                                                Venkataraman S,124059,Department of Strategic Management,"Indian Institute of Management, Kozhikode",N/A,N/A,N/A
Dr                                                                                Geetha M,124060,Department of Marketing Management,"Indian Institute of Management, Kozhikode",N/A,N/A,N/A
Prof                                                                                Ram Kumar Kakani,124061,"Department of Finance, Accounting and Control","Indian Institute of Management, Kozhikode",N/A,N/A,N/A
