Name,Vidwan ID,Department,College,Total Citations,H Index,Journal Articles
Dr                                                                                Balasubramanian P,174274,Department of Library,Manonmaniam Sundaranar University,2,1,166
Dr                                                                                Murugesan AG,208007,Department of Environmental Science,Manonmaniam Sundaranar University,1036,18,203
Dr                                                                                Selvaraju .R,174257,Department of Education,Manonmaniam Sundaranar University,48,N/A,57
Prof                                                                                Sengottayan Senthil-Nathan,174264,,Manonmaniam Sundaranar University,5946,47,176
Dr                                                                                Pathinettam Padiyan Duraipandi,187769,Department of Physics,Manonmaniam Sundaranar University,240,9,155
Prof                                                                                Senthamarai Kannan K,174306,Department of Statistics,Manonmaniam Sundaranar University,163,5,153
Prof                                                                                Kannan C,174235,Department of Chemistry,Manonmaniam Sundaranar University,983,12,143
Dr                                                                                Parasuraman Kumar,174272,,Manonmaniam Sundaranar University,77,6,94
Prof                                                                                Annadurai G,174263,Department of Environmental Science,Manonmaniam Sundaranar University,7256,41,132
Dr                                                                                Citarasu Thavasimuthu,174278,Department of Marine Science,Manonmaniam Sundaranar University,2063,21,108
Dr                                                                                Mohanraj K,174295,Department of Physics,Manonmaniam Sundaranar University,1051,17,115
Dr                                                                                Chandrasekar N,314369,,Manonmaniam Sundaranar University,4526,34,108
Prof                                                                                Tamizh Chelvam T,22605,Department of Mathematics,Manonmaniam Sundaranar University,814,18,106
Prof                                                                                RAJARATHINAM ARUNACHALAM,174304,Department of Statistics,Manonmaniam Sundaranar University,23,3,81
Dr                                                                                Deepa H,174256,Department of Education,Manonmaniam Sundaranar University,127,1,50
Dr                                                                                Selvam A,174298,Department of Plant Science,Manonmaniam Sundaranar University,3901,35,78
Dr                                                                                Arumuga Maria Devi T,174270,Department of Information Technology and Engineering,Manonmaniam Sundaranar University,44,4,63
Dr                                                                                Immanuel G,174279,Department of Marine Science,Manonmaniam Sundaranar University,2341,23,94
Prof                                                                                Krishnan N,174271,Department of Information Technology and Engineering,Manonmaniam Sundaranar University,394,11,11
Dr                                                                                Muthu Karuppiah,174236,Department of Chemistry,Manonmaniam Sundaranar University,882,15,75
Prof                                                                                Uma Maheswari Sankaran,174234,Department of Biotechnology,Manonmaniam Sundaranar University,109,7,72
Dr                                                                                Kannan. K,174275,Department of Library,Manonmaniam Sundaranar University,5,2,27
Dr                                                                                Thirumagal A,44146,Department of Library,Manonmaniam Sundaranar University,37,3,70
Prof                                                                                Suruliandi A,147439,Department of Computer Science and Engineering,Manonmaniam Sundaranar University,467,10,49
Prof                                                                                Balasubramanian R,174249,Department of Computer Science and Engineering,Manonmaniam Sundaranar University,97,4,68
Prof                                                                                Sudhakar Sivasubramaniam,174233,Department of Biotechnology,Manonmaniam Sundaranar University,417,9,43
Dr                                                                                P. Arockia Jansi  Rani,174246,Department of Computer Science and Engineering,Manonmaniam Sundaranar University,112,6,57
M Sivasankaran Nair,21618,Department of Chemistry,Manonmaniam Sundaranar University,600,10,67
Prof                                                                                chandrasekar N,175056,Department of Geotechnology,Manonmaniam Sundaranar University,1003,10,67
Prof                                                                                Sundarakannan P,174296,Department of Physics,Manonmaniam Sundaranar University,634,15,60
Prof                                                                                Subramanian E,21887,Department of Chemistry,Manonmaniam Sundaranar University,1209,22,60
Dr                                                                                Arumugam S,174289,Department of Physical Education and Sports,Manonmaniam Sundaranar University,N/A,N/A,50
Dr                                                                                Marimuthu K N,95100,Department of Management Studies,Manonmaniam Sundaranar University,N/A,N/A,36
Prof                                                                                Arumugam P,174307,Department of Statistics,Manonmaniam Sundaranar University,24,2,49
Prof                                                                                Murugan Kasi,174232,Department of Biotechnology,Manonmaniam Sundaranar University,584,14,43
Dr                                                                                Deneshkumar V,174308,Department of Statistics,Manonmaniam Sundaranar University,98,4,46
Dr                                                                                Selvakumar K R,174262,Department of Education,Manonmaniam Sundaranar University,127,1,23
Dr                                                                                Kala R,174283,Department of Mathematics,Manonmaniam Sundaranar University,84,5,38
Dr                                                                                Selvakumar K,174286,Department of Mathematics,Manonmaniam Sundaranar University,124,6,40
Prof                                                                                Kavitha  G,485013,Economics,Manonmaniam Sundaranar University,N/A,N/A,36
Dr                                                                                Saudia Subash,174273,Department of Information Technology and Engineering,Manonmaniam Sundaranar University,188,8,15
Prof                                                                                Murugan D,174245,Department of Computer Science and Engineering,Manonmaniam Sundaranar University,154,7,29
Prof                                                                                Samuel Gnana Prakash V,174281,Department of Marine Science,Manonmaniam Sundaranar University,553,15,41
Dr                                                                                Monikandan S,174284,Department of Mathematics,Manonmaniam Sundaranar University,44,4,36
Prof                                                                                Rajesh R S,174251,Department of Computer Science and Engineering,Manonmaniam Sundaranar University,218,10,21
Dr                                                                                Nagarajan Srinivasan,140778,Department of Chemistry,Manonmaniam Sundaranar University,1463,21,38
Dr                                                                                Michael Babu M,174280,Department of Marine Science,Manonmaniam Sundaranar University,818,14,32
Dr                                                                                Sasikumar R,174305,Department of Statistics,Manonmaniam Sundaranar University,3,1,33
Dr                                                                                Kanna Muthiah,183017,Department of English,Manonmaniam Sundaranar University,N/A,N/A,16
Dr                                                                                Sethu Sankaran,174291,Department of Physical Education and Sports,Manonmaniam Sundaranar University,N/A,N/A,30
Dr                                                                                Divya C,174269,Department of Information Technology and Engineering,Manonmaniam Sundaranar University,29,2,20
Prof                                                                                Loganathan A,174303,Department of Statistics,Manonmaniam Sundaranar University,253,9,31
Dr                                                                                Veliappan A,95094,Department of Education,Manonmaniam Sundaranar University,N/A,N/A,20
Prof                                                                                William Dharma Raja B,95095,,Manonmaniam Sundaranar University,25,N/A,25
Dr                                                                                Subha V,120350,Department of Computer Science and Engineering,Manonmaniam Sundaranar University,86,5,19
Prof                                                                                Maruthakutti R,95101,Department of Sociology,Manonmaniam Sundaranar University,2,1,17
Dr                                                                                Nagashri K,174321,Department of Pharmaceutical Chemistry,Manonmaniam Sundaranar University,202,7,16
Dr                                                                                Sabarinathan Venkatachalam,163919,Department of Renewable Energy Science,Manonmaniam Sundaranar University,245,10,21
Dr                                                                                Swarnalatha K,174237,Department of Chemistry,Manonmaniam Sundaranar University,119,8,21
Dr                                                                                Mary Josephine Punitha S,174282,Department of Marine Science,Manonmaniam Sundaranar University,229,7,19
Dr                                                                                Kalidass Subramaniam,51501,Department of Animal Science,Manonmaniam Sundaranar University,284,7,18
Dr                                                                                Durai C,174290,Department of Physical Education and Sports,Manonmaniam Sundaranar University,N/A,N/A,21
Dr                                                                                Shailajha S,174294,Department of Physics,Manonmaniam Sundaranar University,110,6,21
Dr                                                                                Muthulingam Udayakumar,213051,Department of Plant Science,Manonmaniam Sundaranar University,37,4,15
Prof                                                                                Balamurugan V,174244,Department of Computer Science and Engineering,Manonmaniam Sundaranar University,62,3,12
Dr                                                                                Muthulakshmi G,174247,Department of Computer Science and Engineering,Manonmaniam Sundaranar University,2,1,12
Dr                                                                                G. MONIKANDA PRASAD,164627,Department of Economics,Manonmaniam Sundaranar University,N/A,N/A,12
Dr                                                                                G. Murugeswari,174250,Department of Computer Science and Engineering,Manonmaniam Sundaranar University,10,2,15
Dr                                                                                M BHOOPAL,174276,Department of Management Studies,Manonmaniam Sundaranar University,N/A,N/A,15
Dr                                                                                Sacratees J,95096,Department of Economics,Manonmaniam Sundaranar University,2,1,6
Dr                                                                                Sankar Raj Vaithilingam,174285,Department of Mathematics,Manonmaniam Sundaranar University,330,7,17
Dr                                                                                Siva Subramanian,412141,Department of Plant Science,Manonmaniam Sundaranar University,N/A,N/A,16
Dr                                                                                K Manoj,105219,,Manonmaniam Sundaranar University,49,1,12
Dr                                                                                Muralidharan M,174317,Department of Environmental Science,Manonmaniam Sundaranar University,68,5,15
Prof                                                                                Ravichandran V,174297,Department of Plant Science,Manonmaniam Sundaranar University,294,9,13
Dr                                                                                Beulah Jerlin,196828,,Manonmaniam Sundaranar University,N/A,N/A,8
Dr                                                                                Antelin Vijila S,174242,Department of Computer Science and Engineering,Manonmaniam Sundaranar University,1,1,5
Mr                                                                                GNANAMUTHUJEBARAJ B,387120,Department of Education,Manonmaniam Sundaranar University,N/A,N/A,1
Dr                                                                                Dhanalakshmi K,174288,Department of Pharmaceutical Chemistry,Manonmaniam Sundaranar University,N/A,N/A,9
Dr                                                                                Revathy B,174313,Department of Commerce,Manonmaniam Sundaranar University,1,1,9
Dr                                                                                Krishnaveni M,174319,Department of Marine Science,Manonmaniam Sundaranar University,89,4,8
Dr                                                                                Venkatesh Subramanian,166696,Department of Biotechnology,Manonmaniam Sundaranar University,1,1,6
Mr                                                                                Chenthilnathan A,174320,Department of Pharmaceutical Chemistry,Manonmaniam Sundaranar University,30,4,7
Dr                                                                                Balakumar B,174268,Department of Information Technology and Engineering,Manonmaniam Sundaranar University,7,2,5
Dr                                                                                R. Sukanya,369347,Department of Commerce,Manonmaniam Sundaranar University,N/A,N/A,4
Mr                                                                                Chockalingam A,384754,Department of Information Technology and Engineering,Manonmaniam Sundaranar University,6,1,2
Saranya L,398916,Department of Biotechnology,Manonmaniam Sundaranar University,7,2,6
Mr                                                                                JEROME WESLY,468885,Department of Library,Manonmaniam Sundaranar University,N/A,N/A,2
Mrs                                                                                Selvarani Ravindranath,472224,Department of Tamil,Manonmaniam Sundaranar University,N/A,N/A,6
Mrs                                                                                Gowri Manohari,522310,Department of Mathematics,Manonmaniam Sundaranar University,N/A,N/A,N/A
Dr                                                                                Sundareswaran P,174248,Department of Computer Science and Engineering,Manonmaniam Sundaranar University,8,1,5
Ms                                                                                Idhaya Thomas,408326,Department of Computer Science and Engineering,Manonmaniam Sundaranar University,1,1,2
Dinesh P,432819,Department of English,Manonmaniam Sundaranar University,N/A,N/A,3
Ms                                                                                JOHNSI RANI  M,497540,Department of English,Manonmaniam Sundaranar University,N/A,N/A,4
Mrs                                                                                Meera S N,529136,Department of Mathematics,Manonmaniam Sundaranar University,N/A,N/A,3
Ms                                                                                Yolin Angel,533377,Department of Biotechnology,Manonmaniam Sundaranar University,N/A,N/A,4
Mrs                                                                                V. S. JEBA REEDA,384780,Department of Physics,Manonmaniam Sundaranar University,N/A,N/A,4
Mr                                                                                S.Syed Nawas Husain,414018,Department of Computer Science and Engineering,Manonmaniam Sundaranar University,N/A,N/A,3
Smt                                                                                Venkateswari A,419465,tamil,Manonmaniam Sundaranar University,N/A,N/A,N/A
Mrs                                                                                BEAUTLIN  JEMI J,432705,Department of Mathematics,Manonmaniam Sundaranar University,N/A,N/A,1
