Name,Vidwan ID,Department,College,Total Citations,H Index,Journal Articles
Dr                                                                                Rahul Johari,179579,School of Automation and Robotics,Guru Gobind Singh Indraprastha University,714,12,66
Dr                                                                                Raj Kumar Mittal,328525,School of Management Studies,Guru Gobind Singh Indraprastha University,169,4,85
Dr                                                                                Amarjeet Kaur,36712,School of Environment Management,Guru Gobind Singh Indraprastha University,2195,25,101
Dr                                                                                Satyabrata Mohapatra,439708,School of Basic and Applied Sciences,Guru Gobind Singh Indraprastha University,3986,37,110
Dr                                                                                Prakash Chand Sharma,42917,School of Biotechnology,Guru Gobind Singh Indraprastha University,3340,27,91
Prof                                                                                Virendra P Vishwakarma,227582,"School of Information, Communication and Technology",Guru Gobind Singh Indraprastha University,607,14,54
Dr                                                                                Yogesh Singh,36686,"School of Information, Communication and Technology",Guru Gobind Singh Indraprastha University,1497,22,50
Dr                                                                                Navin Rajpal,36689,"School of Information, Communication and Technology",Guru Gobind Singh Indraprastha University,682,14,39
Dr                                                                                Amit Prakash Singh,48529,"School of Information, Communication and Technology",Guru Gobind Singh Indraprastha University,413,9,27
Prof                                                                                Pravin Chandra,196745,"School of Information, Communication and Technology",Guru Gobind Singh Indraprastha University,805,15,32
Prof                                                                                Rashmi Bhardwaj,164053,School of Basic and Applied Sciences,Guru Gobind Singh Indraprastha University,592,11,56
Prof                                                                                Gagan Deep Sharma,439717,School of Management Studies,Guru Gobind Singh Indraprastha University,2543,26,62
Prof                                                                                Nandula Raghuram,439700,School of Biotechnology,Guru Gobind Singh Indraprastha University,1425,21,43
Dr                                                                                Anuradha Chug,179320,"School of Information, Communication and Technology",Guru Gobind Singh Indraprastha University,622,15,20
Prof                                                                                Udayan Ghose,201639,"School of Information, Communication and Technology",Guru Gobind Singh Indraprastha University,193,7,24
Dr                                                                                C S Rai,36690,"School of Information, Communication and Technology",Guru Gobind Singh Indraprastha University,444,12,29
Dr                                                                                Manju Khari,127027,"School of Information, Communication and Technology",Guru Gobind Singh Indraprastha University,343,8,36
Dr                                                                                Ritu Aggarwal,439746,School of Automation and Robotics,Guru Gobind Singh Indraprastha University,986,19,51
Dr                                                                                B V Ramana Reddy,36688,"School of Information, Communication and Technology",Guru Gobind Singh Indraprastha University,329,10,20
Dr                                                                                Neeleshwar Sonnathi,439737,School of Basic and Applied Sciences,Guru Gobind Singh Indraprastha University,1075,17,38
Dr                                                                                Durgesh Tripathi,172273,School of Mass Communication,Guru Gobind Singh Indraprastha University,5,1,11
Prof                                                                                Vandana Nath,439720,"School of Information, Communication and Technology",Guru Gobind Singh Indraprastha University,401,10,25
Dr                                                                                Anshu Gupta,439723,School of Environment Management,Guru Gobind Singh Indraprastha University,1665,19,38
Dr                                                                                Anirban Dandapat,439710,School of Automation and Robotics,Guru Gobind Singh Indraprastha University,1001,18,38
Prof                                                                                Ranjith Kumar CT,439711,School of Biotechnology,Guru Gobind Singh Indraprastha University,1767,25,39
Dr                                                                                Ghanendra Kumar,439707,School of Electronics and Communication Engineering,Guru Gobind Singh Indraprastha University,54,4,36
Prof                                                                                Kiranmay Sarma,439741,School of Environment Management,Guru Gobind Singh Indraprastha University,389,10,36
Dr                                                                                Kamaldeep Kaur,439745,"School of Information, Communication and Technology",Guru Gobind Singh Indraprastha University,212,9,13
Dr                                                                                Shipra Mital Gupta,439704,School of Basic and Applied Sciences,Guru Gobind Singh Indraprastha University,1939,14,22
Dr                                                                                Rinu Sharma,125203,School of Biotechnology,Guru Gobind Singh Indraprastha University,557,14,27
Prof                                                                                Puja Khatri,439749,School of Management Studies,Guru Gobind Singh Indraprastha University,104,5,23
Mr                                                                                Sourish Dutta,391140,Vivekananda Institute of Professional Studies,Guru Gobind Singh Indraprastha University,N/A,N/A,21
Prof                                                                                Nimisha Sharma,410167,School of Biotechnology,Guru Gobind Singh Indraprastha University,153,6,25
Prof                                                                                Anurag Jain,222829,"School of Information, Communication and Technology",Guru Gobind Singh Indraprastha University,192,9,11
Prof                                                                                Varun Joshi,439740,School of Environment Management,Guru Gobind Singh Indraprastha University,402,12,24
Prof                                                                                Anil Saini,439726,School of Management Studies,Guru Gobind Singh Indraprastha University,52,4,9
Dr                                                                                Arif Khan,439729,School of Basic and Applied Sciences,Guru Gobind Singh Indraprastha University,440,9,22
Prof                                                                                Anu Venugopalan,439705,School of Basic and Applied Sciences,Guru Gobind Singh Indraprastha University,304,9,20
Dr                                                                                Sumit Dookia,439718,School of Environment Management,Guru Gobind Singh Indraprastha University,105,6,14
Dr                                                                                Bhanu Prakash Joshi,439742,School of Automation and Robotics,Guru Gobind Singh Indraprastha University,246,7,11
Prof                                                                                Udita Taneja,439758,School of Management Studies,Guru Gobind Singh Indraprastha University,58,6,10
Dr                                                                                Sanjay K Das,439701,School of Environment Management,Guru Gobind Singh Indraprastha University,39,5,15
Dr                                                                                Meenakshi Handa,36711,School of Management Studies,Guru Gobind Singh Indraprastha University,176,8,14
Dr                                                                                Deeksha Katyal,439721,School of Environment Management,Guru Gobind Singh Indraprastha University,186,8,11
Dr                                                                                Vijita S Aggarwal,36707,School of Management Studies,Guru Gobind Singh Indraprastha University,67,5,9
Dr                                                                                Jaspreeti Singh,294388,"School of Information, Communication and Technology",Guru Gobind Singh Indraprastha University,32,3,5
Dr                                                                                Sakthivel M,439724,School of Law and Legal Studies,Guru Gobind Singh Indraprastha University,14,2,10
Prof                                                                                Vijita Singh Aggarwal,439733,School of Management Studies,Guru Gobind Singh Indraprastha University,67,5,9
Dr                                                                                Jyotsna Yadav,179311,"School of Information, Communication and Technology",Guru Gobind Singh Indraprastha University,50,4,4
Dr                                                                                Kulveen Trehan,439732,School of Mass Communication,Guru Gobind Singh Indraprastha University,13,2,9
Dr                                                                                Shilpa Jain,125197,School of Management Studies,Guru Gobind Singh Indraprastha University,19,2,7
Prof                                                                                Shalini Garg,439755,School of Management Studies,Guru Gobind Singh Indraprastha University,70,5,2
Mrs                                                                                Sanigdha Acharya,125194,School of Chemical Technology,Guru Gobind Singh Indraprastha University,136,5,5
Dr                                                                                Divya Verma,439756,School of Management Studies,Guru Gobind Singh Indraprastha University,41,4,6
Dr                                                                                Monisha Mandal,125205,School of Chemical Technology,Guru Gobind Singh Indraprastha University,181,4,7
Mrs                                                                                Priyanka Choudhary,439725,"School of Information, Communication and Technology",Guru Gobind Singh Indraprastha University,7,1,3
Dr                                                                                Vandana Singh,232961,School of Law and Legal Studies,Guru Gobind Singh Indraprastha University,1,1,6
Ms                                                                                Neetu Agarwal,330517,School of Management Studies,Guru Gobind Singh Indraprastha University,N/A,N/A,N/A
Dr                                                                                Deepti Prakash,439754,School of Management Studies,Guru Gobind Singh Indraprastha University,13,2,6
Ms                                                                                Pooja Kalra,211232,School of Management Studies,Guru Gobind Singh Indraprastha University,N/A,N/A,2
Prof                                                                                Meenu Kapoor,439703,School of Biotechnology,Guru Gobind Singh Indraprastha University,271,3,3
Prof                                                                                Kanwal Deeinderpal Singh,439714,School of Law and Legal Studies,Guru Gobind Singh Indraprastha University,N/A,N/A,1
Dr                                                                                Lisa P Lukose,439715,School of Law and Legal Studies,Guru Gobind Singh Indraprastha University,2,1,3
Dr                                                                                Deepshikha Agarwal,36718,School of Law and Legal Studies,Guru Gobind Singh Indraprastha University,N/A,N/A,2
Dr                                                                                Anuradha Jha,125198,School of Law and Legal Studies,Guru Gobind Singh Indraprastha University,N/A,N/A,N/A
Mrs                                                                                Shweta Dabas,439736,"School of Information, Communication and Technology",Guru Gobind Singh Indraprastha University,9,2,1
Mr                                                                                Shiv Ram Meena,125209,"School of Information, Communication and Technology",Guru Gobind Singh Indraprastha University,1,1,1
Dr                                                                                Praveen Kumar,439753,School of Management Studies,Guru Gobind Singh Indraprastha University,2,1,N/A
Dr                                                                                Anjali Thakur,449117,USLLS,Guru Gobind Singh Indraprastha University,N/A,N/A,1
Dr                                                                                Uttam Kumar Mandal,22162,School of Chemical Technology,Guru Gobind Singh Indraprastha University,N/A,N/A,N/A
