Name,Vidwan ID,Department,College,Total Citations,H Index,Journal Articles
Dr                                                                                Devaraj D,298737,Department of Electrical and Electronics Engineering,Kalasalingam Academy of Research and Education,3467,31,132
Prof                                                                                Dr. A. Samson  Nesaraj,455683,Department of Chemistry & Director (Student Affairs),Kalasalingam Academy of Research and Education,910,16,123
Dr                                                                                Pallikonda Rajasekaran Murugan,298714,Department of Electronics and Communication Engineering,Kalasalingam Academy of Research and Education,1563,19,68
Dr                                                                                Siva Irulappasamy,167187,Department of Mechanical Engineering,Kalasalingam Academy of Research and Education,919,16,71
"Prof                                                                                Dr. V. Yegnanarayanan,  MATHEMATICS",499452,Department of Mathematics,Kalasalingam Academy of Research and Education,198,8,74
Dr                                                                                Krishnan Sundar,163472,Department of Biotechnology,Kalasalingam Academy of Research and Education,951,18,66
Venkatesh k,397334,School of computing,Kalasalingam Academy of Research and Education,66,3,20
Dr                                                                                Senthil Muthu Kumar Thiagamani,377152,Department of Mechanical Engineering,Kalasalingam Academy of Research and Education,7896,16,48
Dr                                                                                Muthukannan Muthiah,263550,Department of Civil Engineering,Kalasalingam Academy of Research and Education,637,16,45
Dr                                                                                Ramalingan C,298659,Department of Chemistry,Kalasalingam Academy of Research and Education,950,17,69
Dr                                                                                Selvapalam N,298658,Department of Chemistry,Kalasalingam Academy of Research and Education,6785,31,56
Dr                                                                                Meyyappan Pl,289192,Department of Civil Engineering,Kalasalingam Academy of Research and Education,891,12,38
Dr                                                                                Sivapragasam Chandrasekaran,298672,Department of Civil Engineering,Kalasalingam Academy of Research and Education,891,12,38
Dr                                                                                Selvaraj Kunjiappan,218954,Department of Biotechnology,Kalasalingam Academy of Research and Education,904,18,53
Dr                                                                                Deepalakshmi Perumalsamy,298682,Department of Computer Science and Engineering,Kalasalingam Academy of Research and Education,722,16,31
Dr                                                                                M Maria Antony Raj,340385,Department of Social Work,Kalasalingam Academy of Research and Education,N/A,N/A,53
Dr                                                                                E R Nagarajan,298660,Department of Chemistry,Kalasalingam Academy of Research and Education,1117,17,55
Dr                                                                                Deny John Samuvel,298720,Department of Electronics and Communication Engineering,Kalasalingam Academy of Research and Education,280,8,25
Dr                                                                                Venkatesulu Mandadi,298750,Department of Information Technology,Kalasalingam Academy of Research and Education,372,9,36
Dr                                                                                Hariharasudan Anandhan,404658,Department of English,Kalasalingam Academy of Research and Education,351,11,54
Dr                                                                                Nagaraj P,298705,Department of Computer Science and Engineering,Kalasalingam Academy of Research and Education,938,20,9
Dr                                                                                Saravanakumar Subramanian,123929,Department of Physics,Kalasalingam Academy of Research and Education,326,11,46
Dr                                                                                Muneeswaran Vasudevan,298715,,Kalasalingam Academy of Research and Education,790,19,9
Dr                                                                                Aruna Jeyanthy P,298739,Department of Electrical and Electronics Engineering,Kalasalingam Academy of Research and Education,248,8,14
Dr                                                                                Rajesh K,298741,Department of Electrical and Electronics Engineering,Kalasalingam Academy of Research and Education,217,6,14
Dr                                                                                G.Murugaboopathi Gurusamy,298686,Department of Computer Science and Engineering,Kalasalingam Academy of Research and Education,281,9,34
Dr                                                                                Suthendran Kannan,298749,Department of Information Technology,Kalasalingam Academy of Research and Education,260,9,25
Dr                                                                                T Manikumar,274332,Computer Science and Engineering,Kalasalingam Academy of Research and Education,11,2,19
Dr                                                                                Brintha N C,298691,Department of Computer Science and Engineering,Kalasalingam Academy of Research and Education,104,6,26
Dr                                                                                Sureshbabu  Ram Kumar Pandian,298642,,Kalasalingam Academy of Research and Education,2871,21,32
Dr                                                                                Sankarganesh Arunachalam,298649,Department of Biotechnology,Kalasalingam Academy of Research and Education,819,15,34
Dr                                                                                Rameshkumar P,298667,Department of Chemistry,Kalasalingam Academy of Research and Education,1306,20,36
Prof                                                                                Koteswara Rao Anne,289898,Department of Computer Science and Engineering,Kalasalingam Academy of Research and Education,225,8,11
Dr                                                                                Ramalakshmi Ramar,298687,Department of Computer Science and Engineering,Kalasalingam Academy of Research and Education,246,9,16
Dr                                                                                Charles Pravin Pravin,298713,Department of Electronics and Communication Engineering,Kalasalingam Academy of Research and Education,348,10,23
Dr                                                                                Perumal Balasubramani,377141,Department of Electronics and Communication Engineering,Kalasalingam Academy of Research and Education,205,8,12
Dr                                                                                Gnanasekaran D,121737,Library,Kalasalingam Academy of Research and Education,6,1,19
Dr                                                                                Sarasu Pakiriswamy,298683,Department of Computer Science and Engineering,Kalasalingam Academy of Research and Education,1459,14,25
Mr                                                                                Rkanniga Devi,263194,Department of Computer Science and Engineering,Kalasalingam Academy of Research and Education,278,10,18
Dr                                                                                Kanniga Devi Rangaswamy,298690,Department of Computer Science and Engineering,Kalasalingam Academy of Research and Education,278,10,18
Mr                                                                                Chithambar Ganesh A,298679,Department of Civil Engineering,Kalasalingam Academy of Research and Education,521,14,18
Dr                                                                                Dhanasekaran Subbiah,298689,Department of Computer Science and Engineering,Kalasalingam Academy of Research and Education,395,7,18
Dr                                                                                Balakannan Sirumolasi Paramasivam,298756,Department of Information Technology,Kalasalingam Academy of Research and Education,71,5,12
Dr                                                                                Arivarasan Ayyaswamy,298792,Department of Physics,Kalasalingam Academy of Research and Education,455,13,28
Mrs                                                                                Sumathi Ramachandra Raja,298696,Department of Computer Science and Engineering,Kalasalingam Academy of Research and Education,180,7,4
Dr                                                                                Hima Deepthi Vankayalapati,377566,Department of Electronics and Communication Engineering,Kalasalingam Academy of Research and Education,183,7,10
Dr                                                                                Aravind B R,214883,Department of English,Kalasalingam Academy of Research and Education,55,4,28
Dr                                                                                Shilaja C,298748,Department of Electrical and Electronics Engineering,Kalasalingam Academy of Research and Education,225,8,18
Dr                                                                                Jeyavijayan Subbiah,298784,Department of Physics,Kalasalingam Academy of Research and Education,314,10,30
Dr                                                                                Lakshmanan P,298666,Department of Chemistry,Kalasalingam Academy of Research and Education,1547,19,27
Dr                                                                                Selvarengan Paranthaman,298787,Department of Physics,Kalasalingam Academy of Research and Education,403,8,28
Mr                                                                                Raja Subramanian R,298706,Department of Computer Science and Engineering,Kalasalingam Academy of Research and Education,138,7,4
Dr                                                                                Diwakaran S,298724,Department of Electronics and Communication Engineering,Kalasalingam Academy of Research and Education,81,4,14
Dr                                                                                Vanitha S,298673,Department of Civil Engineering,Kalasalingam Academy of Research and Education,67,4,10
Dr                                                                                Revathy Mahalingam Sakthivel,298794,Department of Physics,Kalasalingam Academy of Research and Education,130,6,26
Mr                                                                                Kamaraja A S,388142,Department of Electrical and Electronics Engineering,Kalasalingam Academy of Research and Education,71,5,17
Dr                                                                                Palanichelvam Karuppaiah,298636,Department of Biotechnology,Kalasalingam Academy of Research and Education,480,11,25
Dr                                                                                Krishna Kumar M,298793,Department of Physics,Kalasalingam Academy of Research and Education,462,13,25
Dr                                                                                Saravanan Alagarsamy,298699,Department of Computer Science and Engineering,Kalasalingam Academy of Research and Education,179,8,5
Dr                                                                                Muthukumar A,298726,Department of Electronics and Communication Engineering,Kalasalingam Academy of Research and Education,133,7,12
Dr                                                                                Vikranth  Volli,377854,Department of Chemical Engineering,Kalasalingam Academy of Research and Education,722,13,19
Dr                                                                                Bala Subramanian C,125721,,Kalasalingam Academy of Research and Education,22,3,16
Dr                                                                                Ramesh Babu Chokkalingam,298671,Department of Civil Engineering,Kalasalingam Academy of Research and Education,82,4,8
Mr                                                                                Jagan Sivamani,298681,Department of Civil Engineering,Kalasalingam Academy of Research and Education,174,6,14
Dr                                                                                Kartheeban Kamatchi,298685,Department of Computer Science and Engineering,Kalasalingam Academy of Research and Education,110,5,7
Mr                                                                                Sakthimohan M,298728,Department of Electronics and Communication Engineering,Kalasalingam Academy of Research and Education,138,8,2
Mr                                                                                 Karuppasamy Pandian M,298746,Department of Electrical and Electronics Engineering,Kalasalingam Academy of Research and Education,154,6,14
Dr                                                                                Arunachalam S,298665,Department of Chemistry,Kalasalingam Academy of Research and Education,276,9,23
Dr                                                                                Vanitha Duraikkan,377158,Department of Physics,Kalasalingam Academy of Research and Education,351,9,23
Dr                                                                                Ramkumar Pandian,340408,Department of Aeronautical Engineering,Kalasalingam Academy of Research and Education,70,4,13
Dr                                                                                Sankar Ganesh Devaraj,298635,Department of Biotechnology,Kalasalingam Academy of Research and Education,225,9,19
Dr                                                                                Maragathasundari S,298764,Department of Mathematics,Kalasalingam Academy of Research and Education,87,6,15
Dr                                                                                Muthukumaran Azhaguchamy,298637,Department of Biotechnology,Kalasalingam Academy of Research and Education,277,10,18
Dr                                                                                Murugeswari Rathinam,298688,Department of Computer Science and Engineering,Kalasalingam Academy of Research and Education,86,4,4
Mr                                                                                 Rajendran S,298744,Department of Electrical and Electronics Engineering,Kalasalingam Academy of Research and Education,256,6,4
Dr                                                                                Dhanpal Naidu,298786,Department of Physics,Kalasalingam Academy of Research and Education,278,9,19
Dr                                                                                Theivasanthi Thirugnanasambandan,298791,Department of Physics,Kalasalingam Academy of Research and Education,558,11,14
Dr                                                                                P Sriramakrishnan,298653,Department of Computer Applications,Kalasalingam Academy of Research and Education,189,7,13
Dr                                                                                Arun Prasath Thiyagarajan,298634,Department of Biomedical Engineering,Kalasalingam Academy of Research and Education,102,5,9
Dr                                                                                Thenmozhi A,298718,Department of Electronics and Communication Engineering,Kalasalingam Academy of Research and Education,39,4,12
Mr                                                                                Ramesh G,298723,Department of Electronics and Communication Engineering,Kalasalingam Academy of Research and Education,47,5,N/A
Dr                                                                                Dhanalakshmi K S,298729,Department of Electronics and Communication Engineering,Kalasalingam Academy of Research and Education,76,5,9
Dr                                                                                Sivakumar Pothiraj,298730,Department of Electronics and Communication Engineering,Kalasalingam Academy of Research and Education,59,4,13
Mr                                                                                Velmurugan S P,298735,Department of Electronics and Communication Engineering,Kalasalingam Academy of Research and Education,285,8,13
Dr                                                                                Agnes Idhaya Selvi V,298740,Department of Electrical and Electronics Engineering,Kalasalingam Academy of Research and Education,35,4,8
Dr                                                                                Lakshminarayanan P,298662,Department of Chemistry,Kalasalingam Academy of Research and Education,845,13,16
Dr                                                                                Manikandan Palanivel,298716,Department of Electronics and Communication Engineering,Kalasalingam Academy of Research and Education,59,5,4
Dr                                                                                Jagamohan Meher,328990,Department of Agriculture and Horticulture,Kalasalingam Academy of Research and Education,11,2,16
Dr                                                                                Bennilo  Fernandes J,377558,Department of Electronics and Communication Engineering,Kalasalingam Academy of Research and Education,12,2,12
Dr                                                                                Vanavil Balakrishnan,298639,Department of Biotechnology,Kalasalingam Academy of Research and Education,204,7,11
Dr                                                                                Robert Singh Robert Singh,298700,Department of Computer Science and Engineering,Kalasalingam Academy of Research and Education,142,6,6
Dr                                                                                Lakshmi A,298732,Department of Electronics and Communication Engineering,Kalasalingam Academy of Research and Education,238,6,7
Dr                                                                                Devendran P,298788,Department of Physics,Kalasalingam Academy of Research and Education,54,5,15
Dr                                                                                Jayalakshmi M,252500,Department of Computer Science and Engineering,Kalasalingam Academy of Research and Education,58,4,11
Dr                                                                                Naresh Kumar Sharma,298646,Department of Biotechnology,Kalasalingam Academy of Research and Education,197,7,6
Mrs                                                                                Elizabeth Rani G,298702,Department of Computer Science and Engineering,Kalasalingam Academy of Research and Education,86,7,N/A
Dr                                                                                Murugan B S,280903,Department of Computer Science and Engineering,Kalasalingam Academy of Research and Education,139,3,7
Dr                                                                                Sundaravel B,298668,Department of Chemistry,Kalasalingam Academy of Research and Education,378,7,13
Dr                                                                                Rajajeyaganthan R,298670,Department of Chemistry,Kalasalingam Academy of Research and Education,129,6,10
Dr                                                                                Senthil T,298736,Department of Electronics and Communication Engineering,Kalasalingam Academy of Research and Education,22,2,9
