Name,Vidwan ID,Department,College,Total Citations,H Index,Journal Articles
Dr                                                                                G Seetharaman,194472,Department of Electronics and Communication Engineering,"Indian Institute of Information Technology, Tiruchirappalli",31,3,11
Dr                                                                                Velmurugan C,194479,Department of Mechanical Engineering,"Indian Institute of Information Technology, Tiruchirappalli",393,11,14
Dr                                                                                Suresh  Balanethiram,194476,Department of Electronics and Communication Engineering,"Indian Institute of Information Technology, Tiruchirappalli",119,6,12
Dr                                                                                M Senthil Sivakumar,194474,Department of Electronics and Communication Engineering,"Indian Institute of Information Technology, Tiruchirappalli",48,4,11
Dr                                                                                Kokila Jagadeesh,212555,Department of Computer Science and Engineering,"Indian Institute of Information Technology, Tiruchirappalli",25,3,8
Dr                                                                                Rinshu Dwivedi,194475,Department of Science and Humanities,"Indian Institute of Information Technology, Tiruchirappalli",134,5,12
Dr                                                                                Jagadeeshwar  Pashikanti,194477,Department of Science and Humanities,"Indian Institute of Information Technology, Tiruchirappalli",31,4,9
Dr                                                                                N Renugadevi,194473,Department of Computer Science and Engineering,"Indian Institute of Information Technology, Tiruchirappalli",25,2,4
Dr                                                                                Anoop Jacob Thomas,194478,Department of Computer Science and Engineering,"Indian Institute of Information Technology, Tiruchirappalli",N/A,N/A,N/A
Dr                                                                                G Devasena,194480,Department of Computer Science and Engineering,"Indian Institute of Information Technology, Tiruchirappalli",N/A,N/A,N/A
Dr                                                                                R Krishnamurthy,194481,Department of Electronics and Communication Engineering,"Indian Institute of Information Technology, Tiruchirappalli",N/A,N/A,N/A
Dr                                                                                Kamakshi K,194482,Department of Science and Humanities,"Indian Institute of Information Technology, Tiruchirappalli",N/A,N/A,N/A
Dr                                                                                V Sindhu,194483,Department of Science and Humanities,"Indian Institute of Information Technology, Tiruchirappalli",N/A,N/A,N/A
Prof                                                                                N V S N Sarma,269035,Department of Electronics and Communication Engineering,"Indian Institute of Information Technology, Tiruchirappalli",N/A,N/A,N/A
