Name,Vidwan ID,Department,College,Total Citations,H Index,Journal Articles
Prof                                                                                Manjit Kaur,272740,Amity School of Physical Sciences,"Amity University, Punjab",103139,126,1740
Prof                                                                                Ravinder Kohli,238572,Administration,"Amity University, Punjab",9139,51,384
Prof                                                                                Anil K. Sharma,186760,Biotechnology,"Amity University, Punjab",7539,43,135
Prof                                                                                Uttam Banerjee,254874,Amity School of Biological Sciences,"Amity University, Punjab",13453,48,209
Dr                                                                                Sandeep Sharma,238612,Amity School of Physical Sciences,"Amity University, Punjab",16257,68,211
Dr                                                                                Satheesh Neela,442887,Food Science and Technology,"Amity University, Punjab",477,12,28
Prof                                                                                Rashmi Sanghi,463339,Amity School of Chemical Sciences,"Amity University, Punjab",4452,36,71
Prof                                                                                Chanderdeep Tandon,238459,Amity School of Biological sciences,"Amity University, Punjab",1102,18,108
Dr                                                                                RISHIKESH SINGH,444184,Amity School of Earth Sciences,"Amity University, Punjab",1445,23,45
Dr                                                                                Suchinder Sharma,238495,Amity School of Physical Sciences,"Amity University, Punjab",2632,20,76
Dr                                                                                Amit Sharma,460951,Amity School of Chemical Sciences,"Amity University, Punjab",5793,29,59
Dr                                                                                Shailendra Kumar Gupta,268298,Amity School of Physical Sciences,"Amity University, Punjab",1588,24,76
Prof                                                                                Simran Tandon,258553,Amity School of Biological Sciences,"Amity University, Punjab",1015,19,60
Dr                                                                                Krishna Kumar Rai,437387,Amity School of Biological sciences,"Amity University, Punjab",592,13,35
Dr                                                                                ANIL ARYA,430933,Amity School of Physical Sciences,"Amity University, Punjab",1759,22,38
Dr                                                                                Shubhani Aggarwal,333784,Amity School of Engineering and Technology,"Amity University, Punjab",1586,15,21
Prof                                                                                Pratap Reddy Maddigapu,238458,Amity School of Earth Sciences,"Amity University, Punjab",1346,17,46
Dr                                                                                Anil Kumar,289334,Amity School of Health Sciences,"Amity University, Punjab",279,11,41
Dr                                                                                Himanshu Jindal,333720,Amity School of Engineering and Technology,"Amity University, Punjab",205,10,24
Dr                                                                                Jitendra Mishra,433423,Amity School of Biological sciences,"Amity University, Punjab",1834,14,17
Dr                                                                                Ishita Matai,238537,Amity School of Biological Sciences,"Amity University, Punjab",2023,19,33
Dr                                                                                Mayank Joshi,393345,Amity School of Pharmaceutical Sciences,"Amity University, Punjab",670,16,40
Dr                                                                                Vishal Agrawal,112923,Amity School of Biological Sciences,"Amity University, Punjab",1808,22,34
Dr                                                                                Amardeep Singh Virdi,238535,Amity School of Health Sciences,"Amity University, Punjab",963,18,35
Dr                                                                                Dalip Kumar,264819,Administration,"Amity University, Punjab",N/A,N/A,40
Dr                                                                                Nidhi Naithani,289751,Amity School of Chemical Sciences,"Amity University, Punjab",514,14,33
Dr                                                                                MOONDEEP CHAUHAN,386863,Environmental Sciences,"Amity University, Punjab",271,7,27
Dr. Soma Sahu,314603,Psychology,"Amity University, Punjab",N/A,N/A,31
Dr                                                                                Bharat Bhushan,292538,Amity School of Health Sciences,"Amity University, Punjab",90,5,17
Dr                                                                                Seema Rana,291151,,"Amity University, Punjab",64,4,8
Dr                                                                                Atasi Sinhababu,238353,Amity University Punjab Library,"Amity University, Punjab",14,3,26
Dr                                                                                Swati Tyagi,264832,Amity School of Physical Sciences,"Amity University, Punjab",403,10,28
Dr                                                                                Vishan Kumar Gupta,167467,Amity School of Engineering and Technology,"Amity University, Punjab",201,7,10
Dr                                                                                Doyeli Sanyal,238478,Amity School of Earth Sciences,"Amity University, Punjab",294,10,24
Dr. Monika Bharti,153782,"Department of CSE, Amity School of Engineering and Technology","Amity University, Punjab",95,7,13
Dr                                                                                Harvinder Singh,79641,,"Amity University, Punjab",581,10,16
Dr                                                                                Nancy Nancy,292796,Amity School of Physical Sciences,"Amity University, Punjab",826,13,20
Dr                                                                                Saurabh Sharma,432878,Amity School of Biological sciences,"Amity University, Punjab",39,3,17
Ankur Mandal,465139,Amity School of Physical Sciences,"Amity University, Punjab",194,7,14
Dr                                                                                Ankita Bisht,433467,Mathematics,"Amity University, Punjab",86,6,15
Dr                                                                                Bhupinder  Kaur,443833,Amity Law School,"Amity University, Punjab",N/A,N/A,10
Mr                                                                                VISHAL KUMAR DHIMAN,370156,Amity School of Architecture,"Amity University, Punjab",29,4,8
Dr                                                                                Himanshu Verma,386631,Amity School of Engineering and Technology,"Amity University, Punjab",77,4,6
Dr                                                                                Akul Sen Gupta,444500,Amity School of Chemical Sciences,"Amity University, Punjab",182,6,16
Dr                                                                                Neetu Bansal,333788,Amity School of Physical Sciences,"Amity University, Punjab",123,6,15
Dr                                                                                Khokan Roy,296559,Amity School of Chemical Sciences,"Amity University, Punjab",92,5,10
Dr                                                                                Rajni Garg,367315,Amity School of Health Sciences,"Amity University, Punjab",97,5,10
Dr                                                                                Amit Panwar,438763,Amity School of Biological sciences,"Amity University, Punjab",440,6,7
Dr                                                                                Surabhi Soni,264834,Amity School of Biological Sciences,"Amity University, Punjab",102,6,9
Dr                                                                                Harman Shergill,114257,Amity Law School,"Amity University, Punjab",N/A,N/A,9
Dr                                                                                Rajneesh Mehra,238463,Amity School of Business Administration,"Amity University, Punjab",N/A,N/A,9
Dr                                                                                Deepika Bedi,238514,Amity School of Chemical Sciences,"Amity University, Punjab",228,5,11
Dr                                                                                Anmoldeep Randhawa,272831,Amity School of Biological Sciences,"Amity University, Punjab",190,9,11
Dr                                                                                Gourab Paul,463354,Amity School of Biological sciences,"Amity University, Punjab",75,5,11
Dr                                                                                Parveen Siwach,220122,,"Amity University, Punjab",16,1,8
Dr                                                                                Preeti Kumari,238881,Amity School of Biological Sciences,"Amity University, Punjab",188,7,9
Dr                                                                                Kusum Pal,250311,Amity Law School,"Amity University, Punjab",N/A,N/A,5
Dr                                                                                Sumeet Kaur,353074,Amity School of Social Sciences,"Amity University, Punjab",N/A,N/A,8
Dr                                                                                Neeru Chaudhary,444737,Amity School of Engineering and Technology,"Amity University, Punjab",N/A,N/A,5
Dr                                                                                Deepti Singla,250396,Amity Law School,"Amity University, Punjab",N/A,N/A,7
Sumanpreet Kaur,314527,Amity School of Social Sciences,"Amity University, Punjab",N/A,N/A,9
Dr                                                                                Sushil  Rohiwal,354055,Department of Social Sciences,"Amity University, Punjab",N/A,N/A,9
Ms                                                                                SILKY SACHAR,388748,,"Amity University, Punjab",8,2,2
Dr                                                                                Rashmi Sharma,442063,Amity School of Chemical Sciences,"Amity University, Punjab",N/A,N/A,8
Dr                                                                                Jaspreet Kaur Majithia,258346,Amity Law School,"Amity University, Punjab",N/A,N/A,7
Mr                                                                                Abhimanyu Goyal,294859,Amity School of Business Administration,"Amity University, Punjab",1,1,2
Dr                                                                                Manvi Arora,296451,Amity School of Social Sciences,"Amity University, Punjab",N/A,N/A,5
Ms                                                                                Arshpreet Kaur,388836,,"Amity University, Punjab",8,1,3
Dr. Panika jain,440024,Amity School of Social Sciences,"Amity University, Punjab",10,2,7
Dr                                                                                RAMNEEK KAUR,289797,Amity Law School,"Amity University, Punjab",N/A,N/A,4
Dr                                                                                Niladri Bhattacharjee,292619,Amity School of Earth Sciences,"Amity University, Punjab",5,1,3
Dr                                                                                Bindu Chaudhary,295770,Amity school of social sciences,"Amity University, Punjab",N/A,N/A,5
Dr                                                                                Jaishree Meena,441147,Amity School of Biological sciences,"Amity University, Punjab",50,3,4
Dr                                                                                Sawinder Kaur,292793,Amity School of Engineering and Technology,"Amity University, Punjab",31,3,5
Ms                                                                                Pancham Preet  Kaur,378981,Amity Law School,"Amity University, Punjab",N/A,N/A,4
Dr                                                                                Ashish Katyal,432849,Biotechnology,"Amity University, Punjab",N/A,N/A,3
Ms                                                                                Parampreet Kaur,471761,Amity School of Engineering and Technology,"Amity University, Punjab",N/A,N/A,4
Dr                                                                                Divyansha Kumar,433419,Amity School of Business Administration,"Amity University, Punjab",N/A,N/A,5
Dr                                                                                Sarika Goswami,463342,Amity School of Earth Sciences,"Amity University, Punjab",21,2,4
Mr                                                                                Ankush Girdhar,463668,Amity School of Physical Sciences,"Amity University, Punjab",4,1,5
Dr                                                                                Khushboo Sharda,275347,Amity Law School,"Amity University, Punjab",N/A,N/A,4
Dr                                                                                Jaya Priyadarshini,292655,Amity School of Social Sciences,"Amity University, Punjab",N/A,N/A,N/A
Dr                                                                                Vivek Shukla,302785,Amity Law School,"Amity University, Punjab",N/A,N/A,4
Mr                                                                                Vinod Raturi,314533,Amity School of Engineering and Technology,"Amity University, Punjab",N/A,N/A,3
Dr                                                                                Samita Sharma,437403,Amity School of Social Sciences,"Amity University, Punjab",39,1,N/A
Mr                                                                                Damanpreet Chugh,250599,Amity School of Architecture,"Amity University, Punjab",N/A,N/A,1
Ms                                                                                Deepika  Vasudeva,269635,Amity School of Architecture,"Amity University, Punjab",N/A,N/A,N/A
Mrs                                                                                shobhita singh,378951,Amity School of Engineering and Technology,"Amity University, Punjab",N/A,N/A,N/A
Dr                                                                                Jyoti,363604,Amity School of Social Sciences,"Amity University, Punjab",1,N/A,2
Mrs                                                                                DEEPIKA  SHARMA,374069,Amity School of Architecture,"Amity University, Punjab",N/A,N/A,N/A
Ms                                                                                Shruti Behera,297198,Amity School of Architecture,"Amity University, Punjab",N/A,N/A,N/A
Mr                                                                                Ashish Kumar,367344,Amity University Punjab Library,"Amity University, Punjab",N/A,N/A,1
Dr                                                                                Pallavi Goswami,238464,Amity School of languages and Culture,"Amity University, Punjab",N/A,N/A,N/A
Dr                                                                                Sumanpreet Kaur,255233,Amity School of Social Sciences,"Amity University, Punjab",N/A,N/A,N/A
Mr                                                                                Nikhil Sharma,271065,Amity School of Engineering and Technology,"Amity University, Punjab",N/A,N/A,N/A
Dr                                                                                Madhur Sharma,296352,Amity School of Business Administration,"Amity University, Punjab",N/A,N/A,N/A
Aishwarya Arora,314523,Amity School of Social Sciences,"Amity University, Punjab",N/A,N/A,N/A
Ms                                                                                Agomoni Sen,407721,Amity School of Architecture,"Amity University, Punjab",N/A,N/A,N/A
Dr                                                                                Ridamjeet  Kaur,443215,forensic Science,"Amity University, Punjab",N/A,N/A,N/A
Dr                                                                                Priyanka Tangariya,443248,Amity School of Health Sciences,"Amity University, Punjab",N/A,N/A,N/A
