Name,Vidwan ID,Department,College,Total Citations,H Index,Journal Articles
Dr                                                                                Sendilvelan Subramanian,129782,Mechanical Engineering,Dr.MGR Educational and Research Institute,1374,20,228
Dr                                                                                T Nalini,221201,Department of Computer Science and Engineering,Dr.MGR Educational and Research Institute,1084,7,139
Dr                                                                                L Ramesh,62019,,Dr.MGR Educational and Research Institute,294,10,46
Dr                                                                                Sujatha Kesavan,169787,EEE,Dr.MGR Educational and Research Institute,254,8,38
Dr                                                                                K Rajan,221141,Department of Mechanical Engineering,Dr.MGR Educational and Research Institute,1195,19,58
Dr                                                                                Rajewary Hari,221528,Department of Bio-Technology,Dr.MGR Educational and Research Institute,171,8,57
Dr                                                                                Balachandran S,224294,Department of Anaesthesiology,Dr.MGR Educational and Research Institute,1176,19,56
Dr                                                                                S Manivannan,186779,Department of Electrical and Electronics Engineering,Dr.MGR Educational and Research Institute,197,7,39
Dr                                                                                Rajalaxmi V,223627,Department of Physiotherapy,Dr.MGR Educational and Research Institute,47,3,58
Dr                                                                                Vinita Mary Abraham,221353,Department of Dentistry,Dr.MGR Educational and Research Institute,25,3,55
Dr                                                                                Gomathi Kannayiram,221677,Department of Bio-Technology,Dr.MGR Educational and Research Institute,756,10,46
Dr                                                                                A Vinita Mary,221355,Public Health Dentistry,Dr.MGR Educational and Research Institute,25,3,51
Dr                                                                                Dahlia Sam,221493,Department of Information Technology,Dr.MGR Educational and Research Institute,121,6,27
Dr                                                                                JIBI PAUL,223600,Department of Physiotherapy,Dr.MGR Educational and Research Institute,55,4,31
Dr                                                                                Kesavan R,221352,Department of Dentistry,Dr.MGR Educational and Research Institute,18,2,47
Dr                                                                                Brindha G,221164,Department of Management Studies,Dr.MGR Educational and Research Institute,210,4,43
Dr                                                                                Karthikeyan Sekar,221973,Department of Bio-Technology,Dr.MGR Educational and Research Institute,1029,12,40
Dr                                                                                G. Mohan Kumar,221675,Department of Physiotherapy,Dr.MGR Educational and Research Institute,19,2,40
Prof                                                                                N Ethiraj,221181,Department of Mechanical Engineering,Dr.MGR Educational and Research Institute,65,4,23
Dr                                                                                Ganesh M,225160,Physiology,Dr.MGR Educational and Research Institute,10,2,37
Dr                                                                                K BALASUBRAMANIAN,221771,,Dr.MGR Educational and Research Institute,N/A,N/A,38
Dr                                                                                Ganesh M,223054,Physiology,Dr.MGR Educational and Research Institute,8,1,37
Dr                                                                                Thirunavukkarasu Palaniyandi,221628,Department of Bio-Technology,Dr.MGR Educational and Research Institute,111,7,31
Ms                                                                                Divya S,223061,Department of Law,Dr.MGR Educational and Research Institute,930,17,30
Prof                                                                                Thamizharasan Sampath,221693,Department of Pharmacy,Dr.MGR Educational and Research Institute,3,1,22
Dr                                                                                Karthikeyan V,221571,Department of Electrical and Electronics Engineering,Dr.MGR Educational and Research Institute,66,5,19
Dr                                                                                Udhayakala P,221584,Chemistry,Dr.MGR Educational and Research Institute,179,8,29
Dr                                                                                Kanya Nataraj,150012,Department of Information Technology,Dr.MGR Educational and Research Institute,67,5,12
Dr                                                                                Hemalatha C N,221692,Department of Pharmacy,Dr.MGR Educational and Research Institute,43,4,25
Dr                                                                                Arunachalam Ar,221554,Department of Computer Science and Engineering,Dr.MGR Educational and Research Institute,100,3,22
Dr                                                                                Sathiyapriya Viswanathan,221807,Department of Biochemistry,Dr.MGR Educational and Research Institute,36,3,28
Dr                                                                                Yuvarani Gopinath,222848,Department of Physiotherapy,Dr.MGR Educational and Research Institute,14,2,28
Dr                                                                                Kavitha D,221709,Department of Chemistry,Dr.MGR Educational and Research Institute,3138,14,24
Dr                                                                                Johnson T,221588,Department of Mathematics,Dr.MGR Educational and Research Institute,12,2,26
Dr                                                                                Kamatchi Kaviraja,223568,Department of Physiotherapy,Dr.MGR Educational and Research Institute,13,2,25
Dr                                                                                Tharani G,223588,Department of Physiotherapy,Dr.MGR Educational and Research Institute,13,2,25
Dr                                                                                Selvaraj Sudhakar,223943,Department of Physiotherapy,Dr.MGR Educational and Research Institute,49,4,24
Dr                                                                                Ravichandaran K,221585,Department of Visual Communication and Animation,Dr.MGR Educational and Research Institute,63,2,14
Dr                                                                                Carolinejeba Ramesh,221601,Department of Bio-Technology,Dr.MGR Educational and Research Institute,4,1,24
Dr                                                                                Hema V H,130745,Department of Nursing,Dr.MGR Educational and Research Institute,2,N/A,17
Dr                                                                                R Kavitha Rajendran,223599,Department of Tamil,Dr.MGR Educational and Research Institute,N/A,N/A,4
Dr                                                                                Radhika T,228848,Department of Dentistry,Dr.MGR Educational and Research Institute,263,8,19
Prof                                                                                Mookambika Baskaran,214600,Department of Architecture,Dr.MGR Educational and Research Institute,N/A,N/A,2
Prof                                                                                Rama Vaidyanathan,63027,Dr APJ Abdul Kalam Center of Excellence in Innovation and Entrepreneurship,Dr.MGR Educational and Research Institute,738,9,20
Dr                                                                                J Sridevi Dean,211122,Department of Management Studies,Dr.MGR Educational and Research Institute,3,1,17
Dr                                                                                Manikandan G,221596,Department of Electronics and Communication Engineering,Dr.MGR Educational and Research Institute,108,7,7
Dr                                                                                K Saravanan,221684,Department of Electrical and Electronics Engineering,Dr.MGR Educational and Research Institute,N/A,N/A,7
Dr                                                                                Abeetha S,223110,Department of Physiology,Dr.MGR Educational and Research Institute,2,1,18
Dr                                                                                G Vaishnavi Giridharan,223569,Department of Physiotherapy,Dr.MGR Educational and Research Institute,15,2,19
Dr                                                                                Padmanabhan K,223913,Department of Physiotherapy,Dr.MGR Educational and Research Institute,39,4,17
Dr                                                                                A Einstein T Bertin,228851,Department of Dentistry,Dr.MGR Educational and Research Institute,91,5,17
Dr                                                                                Subramanian Rajakumar,150495,Department of Computer Science and Engineering,Dr.MGR Educational and Research Institute,74,3,10
Dr                                                                                Kiruthiga Devi M,181864,Department of Information Technology,Dr.MGR Educational and Research Institute,17,3,5
Dr                                                                                Prithika Udayakumar,220675,Dr APJ Abdul Kalam Center of Excellence in Innovation and Entrepreneurship,Dr.MGR Educational and Research Institute,130,7,13
Dr                                                                                Janaki Rani M,221237,Department of Electronics and Communication Engineering,Dr.MGR Educational and Research Institute,11,2,14
Ms                                                                                V Priyadarshini,223044,Department of Civil Engineering,Dr.MGR Educational and Research Institute,5,2,12
Dr                                                                                Nandhakumar Sathyamoorthy,223625,Department of Pharmacy,Dr.MGR Educational and Research Institute,118,6,16
Dr                                                                                Rameshbabu V,221695,Department of Computer Science and Engineering,Dr.MGR Educational and Research Institute,N/A,N/A,15
Dr                                                                                Snophia Suresh,228855,Department of Dentistry,Dr.MGR Educational and Research Institute,118,6,15
Dr                                                                                Shanmugam Kolanjiappan,221529,Department of Management Studies,Dr.MGR Educational and Research Institute,N/A,N/A,1
Prof                                                                                Marutla Balaji Singh,224075,Department of Forensic Medicine,Dr.MGR Educational and Research Institute,45,N/A,14
Dr                                                                                Krishnaveni S,187648,Department of Electrical and Electronics Engineering,Dr.MGR Educational and Research Institute,61,5,9
Dr                                                                                Priya C,221524,Department of Bio-Technology,Dr.MGR Educational and Research Institute,20,2,12
Dr                                                                                Sharmila K J,221673,Department of Bio-Technology,Dr.MGR Educational and Research Institute,11,2,12
Dr                                                                                Nirmala Sugirtha Rajini Selvaraj,221698,Department of Computer Applications,Dr.MGR Educational and Research Institute,26,3,12
Dr                                                                                Priya Durairaj,221789,Department of Bio-Technology,Dr.MGR Educational and Research Institute,5,1,11
Dr                                                                                S M Divya Mary,223575,Department of Physiotherapy,Dr.MGR Educational and Research Institute,4,1,13
Dr                                                                                Sumitha Arumugam,224088,Department of Pharmacy,Dr.MGR Educational and Research Institute,110,2,13
Dr                                                                                Preetha Mary George,221657,Department of Physics,Dr.MGR Educational and Research Institute,3,1,5
Mrs                                                                                Gejalakshmi S,223623,FACULTY OF PHARMACY,Dr.MGR Educational and Research Institute,4,2,12
Dr                                                                                A.J. Kandasamy,226646,Faculty of Law,Dr.MGR Educational and Research Institute,N/A,N/A,11
Dr                                                                                Lalitha Tanjore Arunachalam,228847,Department of Dentistry,Dr.MGR Educational and Research Institute,66,5,11
Dr                                                                                Reena Das,220988,Dr APJ Abdul Kalam Center of Excellence in Innovation and Entrepreneurship,Dr.MGR Educational and Research Institute,37,2,5
Dr                                                                                Thivya Ks,221250,Department of Electronics and Communication Engineering,Dr.MGR Educational and Research Institute,11,2,6
Dr                                                                                Karnan C,221581,Department of Physics,Dr.MGR Educational and Research Institute,17,3,8
Dr                                                                                E Kavitha,221583,Department of Physics,Dr.MGR Educational and Research Institute,N/A,N/A,N/A
Prof                                                                                Bhuvaneswari S,170314,Department of Electrical and Electronics Engineering,Dr.MGR Educational and Research Institute,16,3,4
Dr                                                                                Radhikaashree M,221153,Department of Management Studies,Dr.MGR Educational and Research Institute,1,1,7
Dr                                                                                Anandhi S,221245,Department of Electronics and Communication Engineering,Dr.MGR Educational and Research Institute,1,1,9
Dr                                                                                Senthamizh Pavai P,221568,Department of Education,Dr.MGR Educational and Research Institute,1,1,9
Dr                                                                                Valliammai H S,221688,Department of Chemistry,Dr.MGR Educational and Research Institute,7,N/A,10
Dr                                                                                Nithya Ravi,221694,Department of Chemistry,Dr.MGR Educational and Research Institute,121,3,5
Dr                                                                                Kalpana Devi V,223792,Department of Microbiology,Dr.MGR Educational and Research Institute,19,N/A,10
Dr                                                                                Anand Babu K,138087,Dr APJ Abdul Kalam Center of Excellence in Innovation and Entrepreneurship,Dr.MGR Educational and Research Institute,71,5,8
Mrs                                                                                Elakkiya S,221248,Department of Electronics and Communication Engineering,Dr.MGR Educational and Research Institute,N/A,N/A,9
Dr                                                                                Kannan A,221498,Department of Electrical and Electronics Engineering,Dr.MGR Educational and Research Institute,21,3,5
Dr                                                                                Geetha Shivakumar,221705,Department of Chemistry,Dr.MGR Educational and Research Institute,862,7,8
Dr                                                                                Nandhinidevi R,221751,Department of Mathematics,Dr.MGR Educational and Research Institute,N/A,N/A,7
Mrs                                                                                Usha Nandhini R,222216,Department of Education,Dr.MGR Educational and Research Institute,N/A,N/A,5
Dr                                                                                Anuradha V,222220,Department of Education,Dr.MGR Educational and Research Institute,10,2,6
Dr                                                                                K R Vijaya Kumar,221199,Department of Mechanical Engineering,Dr.MGR Educational and Research Institute,19,2,4
Prof                                                                                Vidya V,221328,Department of Architecture,Dr.MGR Educational and Research Institute,N/A,N/A,8
Dr                                                                                Pragna B Dolia,221650,Department of Biochemistry,Dr.MGR Educational and Research Institute,N/A,N/A,8
Dr                                                                                V Karpakam,221690,Department of Chemistry,Dr.MGR Educational and Research Institute,355,8,8
Dr                                                                                Tamilselvi Natarajan,221831,Department of Visual Communication and Animation,Dr.MGR Educational and Research Institute,N/A,N/A,5
Mrs                                                                                Vigneshwari J,221843,Department of Education,Dr.MGR Educational and Research Institute,3,1,5
Mr                                                                                Ponkumar Ilango Swamykutty,222271,Department of Architecture,Dr.MGR Educational and Research Institute,2,1,6
Dr                                                                                Bhavani G,223015,Department of Allied Health Sciences,Dr.MGR Educational and Research Institute,12,1,8
Prof                                                                                Senthil Nathan C V,223596,Department of Physiotherapy,Dr.MGR Educational and Research Institute,9,1,8
Ms                                                                                EVELYN SHARON S,223634,undefined,Dr.MGR Educational and Research Institute,8,1,7
