Name,Vidwan ID,Department,College,Total Citations,H Index,Journal Articles
Dr                                                                                Seema Bahinipati,102816,School of Basic Sciences,Indian Institute of Technology Bhubaneswar,53130,103,899
Prof                                                                                Uma Charan Mohanty,44231,"School of Earth, Ocean and Climate Sciences",Indian Institute of Technology Bhubaneswar,5973,40,275
Prof                                                                                Subhransu Ranjan Samantaray,48434,School of Electrical Sciences,Indian Institute of Technology Bhubaneswar,5715,41,137
Dr                                                                                Rajan Jha,59566,School of Basic Sciences,Indian Institute of Technology Bhubaneswar,5681,39,134
Prof                                                                                Manas Mohan Mahapatra,102849,School of Mechanical Sciences,Indian Institute of Technology Bhubaneswar,4138,40,144
Prof                                                                                Saroj Kumar Nayak,49342,School of Basic Sciences,Indian Institute of Technology Bhubaneswar,7997,51,148
Prof                                                                                Parlapalli Venkata Satyam,175500,School of Basic Sciences,Indian Institute of Technology Bhubaneswar,3467,31,141
Prof                                                                                Vasudeva Rao Allu,227645,,Indian Institute of Technology Bhubaneswar,914,14,110
Dr                                                                                Debi Prosad Dogra,59546,School of Electrical Sciences,Indian Institute of Technology Bhubaneswar,2355,26,75
Prof                                                                                Nirod Chandra Sahoo,102844,School of Electrical Sciences,Indian Institute of Technology Bhubaneswar,1720,20,50
Dr                                                                                Niladri Bihari Puhan,102841,School of Electrical Sciences,Indian Institute of Technology Bhubaneswar,800,16,50
Dr                                                                                Pandu Ranga Vundavilli,59553,School of Mechanical Sciences,Indian Institute of Technology Bhubaneswar,907,16,67
Dr                                                                                Vinoj V,48309,"School of Earth, Ocean and Climate Sciences",Indian Institute of Technology Bhubaneswar,2242,25,84
Dr                                                                                Niharika Mohapatra,102842,School of Basic Sciences,Indian Institute of Technology Bhubaneswar,852,18,90
Prof                                                                                Puspendu Bhunia,102831,School of Infrastructure,Indian Institute of Technology Bhubaneswar,4145,25,51
Prof                                                                                Shreepad  Karmalkar,317051,School of Electrical Sciences,Indian Institute of Technology Bhubaneswar,1598,18,75
Prof                                                                                Sujit Roy,44432,School of Basic Sciences,Indian Institute of Technology Bhubaneswar,2856,34,87
Dr                                                                                Animesh Mandal,102887,"School of Minerals, Metallurgical and Materials Engineering",Indian Institute of Technology Bhubaneswar,1411,17,68
Prof                                                                                V. R Pedireddi,44433,School of Basic Sciences,Indian Institute of Technology Bhubaneswar,3386,31,78
Prof                                                                                Rajesh Roshan Dash,102828,School of Infrastructure,Indian Institute of Technology Bhubaneswar,4155,28,59
Prof                                                                                Sumanta Halder,102802,School of Infrastructure,Indian Institute of Technology Bhubaneswar,1042,16,48
Prof                                                                                Prasant Kumar Sahu,59557,School of Electrical Sciences,Indian Institute of Technology Bhubaneswar,540,12,27
Dr                                                                                Sandeep Pattnaik,102824,"School of Earth, Ocean and Climate Sciences",Indian Institute of Technology Bhubaneswar,1081,16,69
Dr                                                                                Vijayakrishna Kari,105917,School of Basic Sciences,Indian Institute of Technology Bhubaneswar,1222,17,71
Dr                                                                                Navjeet  Bagga,317858,School of Electrical Sciences,Indian Institute of Technology Bhubaneswar,393,8,36
Prof                                                                                Pravas Ranjan Sahu,49340,School of Electrical Sciences,Indian Institute of Technology Bhubaneswar,485,12,40
Dr                                                                                Hanumantha Rao Bendadi,102859,School of Infrastructure,Indian Institute of Technology Bhubaneswar,1173,18,49
Prof                                                                                Chandrashekhar Narayan Bhende,102870,School of Electrical Sciences,Indian Institute of Technology Bhubaneswar,1872,16,37
Dr                                                                                Remya Neelancherry,102826,School of Infrastructure,Indian Institute of Technology Bhubaneswar,801,13,47
Dr                                                                                Raj Kumar Singh,102830,"School of Earth, Ocean and Climate Sciences",Indian Institute of Technology Bhubaneswar,844,15,41
Dr                                                                                Padmalochan Bera,102838,School of Electrical Sciences,Indian Institute of Technology Bhubaneswar,577,13,17
Dr                                                                                Chandrasekhar Perumalla,102871,School of Electrical Sciences,Indian Institute of Technology Bhubaneswar,685,13,30
Dr                                                                                Umesh Chandra Sahoo,102796,School of Infrastructure,Indian Institute of Technology Bhubaneswar,777,16,45
Dr                                                                                Olive Ray,102840,School of Electrical Sciences,Indian Institute of Technology Bhubaneswar,554,10,20
Dr                                                                                Debalina Ghosh,102868,School of Electrical Sciences,Indian Institute of Technology Bhubaneswar,505,11,24
Dr                                                                                Manaswini Behera,48296,,Indian Institute of Technology Bhubaneswar,922,12,37
Prof                                                                                Sarat Kumar Panda,337024,School of Infrastructure,Indian Institute of Technology Bhubaneswar,1440,20,58
Prof                                                                                Swarup Kumar Mahapatra,59554,School of Mechanical Sciences,Indian Institute of Technology Bhubaneswar,384,12,59
Dr                                                                                Shyamal Chatterjee,102812,School of Basic Sciences,Indian Institute of Technology Bhubaneswar,377,12,55
Dr                                                                                Barathram Ramkumar,102876,School of Electrical Sciences,Indian Institute of Technology Bhubaneswar,1278,16,27
Dr                                                                                Ashis Biswas,102879,School of Basic Sciences,Indian Institute of Technology Bhubaneswar,1601,24,52
Dr                                                                                Arindam Sarkar,102881,School of Infrastructure,Indian Institute of Technology Bhubaneswar,1035,13,56
Dr                                                                                Malay Kumar Bandyopadhyay,102850,School of Basic Sciences,Indian Institute of Technology Bhubaneswar,522,13,52
Dr                                                                                Prasenjit Rath,59558,School of Mechanical Sciences,Indian Institute of Technology Bhubaneswar,608,11,47
Dr                                                                                Rama Krushna Sabat,105924,"School of Minerals, Metallurgical and Materials Engineering",Indian Institute of Technology Bhubaneswar,814,19,56
Dr                                                                                Soumya Prakash Dash,105926,School of Electrical Sciences,Indian Institute of Technology Bhubaneswar,181,9,37
Prof                                                                                Manoranjan Satpathy,49338,School of Electrical Sciences,Indian Institute of Technology Bhubaneswar,363,10,18
Dr                                                                                Srikanta Patra,102808,School of Basic Sciences,Indian Institute of Technology Bhubaneswar,1572,23,53
Dr                                                                                Satchidananda Rath,102820,School of Basic Sciences,Indian Institute of Technology Bhubaneswar,1881,15,43
Dr                                                                                Sourav Sil,59564,"School of Earth, Ocean and Climate Sciences",Indian Institute of Technology Bhubaneswar,396,12,49
Prof                                                                                Dinakar Pasla,102865,School of Infrastructure,Indian Institute of Technology Bhubaneswar,1540,18,39
Dr                                                                                Goutam Mondal,59550,School of Infrastructure,Indian Institute of Technology Bhubaneswar,395,11,31
Dr                                                                                Dipankar De,102864,School of Electrical Sciences,Indian Institute of Technology Bhubaneswar,750,11,18
Dr                                                                                Soobhankar Pati,102810,"School of Minerals, Metallurgical and Materials Engineering",Indian Institute of Technology Bhubaneswar,343,10,27
Dr                                                                                Amritendu Roy,102889,"School of Minerals, Metallurgical and Materials Engineering",Indian Institute of Technology Bhubaneswar,3055,13,37
Dr                                                                                Srinivas Bhaskar Karanki,59556,School of Electrical Sciences,Indian Institute of Technology Bhubaneswar,568,11,18
Dr                                                                                Venugopal Arumuru,102794,School of Mechanical Sciences,Indian Institute of Technology Bhubaneswar,460,11,43
Prof                                                                                Brahma Deo,102874,"School of Minerals, Metallurgical and Materials Engineering",Indian Institute of Technology Bhubaneswar,649,15,34
Dr                                                                                Pattabhi Ramaiah Budarapu,102835,School of Mechanical Sciences,Indian Institute of Technology Bhubaneswar,1282,18,44
Dr                                                                                Mihir Kumar Das,102846,School of Mechanical Sciences,Indian Institute of Technology Bhubaneswar,641,11,29
Dr                                                                                Anirban Bhattacharya,102886,School of Mechanical Sciences,Indian Institute of Technology Bhubaneswar,255,8,37
Dr                                                                                Abhijit Datta Banik,59555,,Indian Institute of Technology Bhubaneswar,466,13,39
Dr                                                                                Suresh Ranjan Dash,102799,School of Infrastructure,Indian Institute of Technology Bhubaneswar,556,13,35
Dr                                                                                Snehasis Chowdhuri,102811,School of Basic Sciences,Indian Institute of Technology Bhubaneswar,1414,19,45
Dr                                                                                Debadatta Swain,102869,"School of Earth, Ocean and Climate Sciences",Indian Institute of Technology Bhubaneswar,500,12,43
Dr                                                                                Kisor Kumar Sahu,59545,"School of Minerals, Metallurgical and Materials Engineering",Indian Institute of Technology Bhubaneswar,620,14,35
Dr                                                                                Akhilesh Kumar Singh,102892,School of Basic Sciences,Indian Institute of Technology Bhubaneswar,741,15,42
Dr                                                                                Arun Kumar Pradhan,102880,School of Mechanical Sciences,Indian Institute of Technology Bhubaneswar,313,9,37
Dr                                                                                Srikant Gollapudi,102809,"School of Minerals, Metallurgical and Materials Engineering",Indian Institute of Technology Bhubaneswar,647,11,36
Dr                                                                                Sankarsan Mohapatro,102823,School of Electrical Sciences,Indian Institute of Technology Bhubaneswar,216,9,23
Dr                                                                                Mihir Kumar Pandit,102845,School of Mechanical Sciences,Indian Institute of Technology Bhubaneswar,663,13,37
Prof                                                                                T. V. S Sekhar,49355,School of Basic Sciences,Indian Institute of Technology Bhubaneswar,297,10,37
Dr                                                                                Yogesh Ganpat Bhumkar,102792,School of Mechanical Sciences,Indian Institute of Technology Bhubaneswar,352,11,31
Dr                                                                                Chandrasekhar Bhamidipati,102872,School of Basic Sciences,Indian Institute of Technology Bhubaneswar,331,11,38
Dr                                                                                Srinivas Pinisetty,102806,School of Electrical Sciences,Indian Institute of Technology Bhubaneswar,293,10,12
Dr                                                                                Sasidhar Kondaraju,102822,School of Mechanical Sciences,Indian Institute of Technology Bhubaneswar,357,13,32
Dr                                                                                Hemant Kumar,105915,School of Basic Sciences,Indian Institute of Technology Bhubaneswar,323,10,33
Prof                                                                                Rambhatla G Sastry,102827,"School of Earth, Ocean and Climate Sciences",Indian Institute of Technology Bhubaneswar,115,5,17
Dr                                                                                Sasmita Barik,59551,School of Basic Sciences,Indian Institute of Technology Bhubaneswar,395,9,35
Dr                                                                                Sudipta Saha,102803,School of Electrical Sciences,Indian Institute of Technology Bhubaneswar,86,6,4
Dr                                                                                Srinivas Boppu,102807,School of Electrical Sciences,Indian Institute of Technology Bhubaneswar,147,7,9
Dr                                                                                Meenu Ramadas,102847,,Indian Institute of Technology Bhubaneswar,394,9,20
Dr                                                                                Syed Hilai Farooq,102797,"School of Earth, Ocean and Climate Sciences",Indian Institute of Technology Bhubaneswar,310,10,25
Dr                                                                                Shantanu Pal,102815,School of Basic Sciences,Indian Institute of Technology Bhubaneswar,299,9,26
Prof                                                                                Akshay Kumar Ojha,102891,School of Basic Sciences,Indian Institute of Technology Bhubaneswar,136,7,19
Dr                                                                                Soumendra Rana,48300,School of Basic Sciences,Indian Institute of Technology Bhubaneswar,323,12,26
Dr                                                                                Sabyasachi Pani,102825,School of Basic Sciences,Indian Institute of Technology Bhubaneswar,200,6,21
Dr                                                                                Naresh Chandra Sahu,102843,"School of Humanities, Social Sciences and Management",Indian Institute of Technology Bhubaneswar,203,8,26
Dr                                                                                Avijit Kumar,105913,,Indian Institute of Technology Bhubaneswar,266,6,26
Dr                                                                                Siddhartha S. Borkotoky,175445,School of Electrical Sciences,Indian Institute of Technology Bhubaneswar,47,4,8
Dr                                                                                Shantanu Patra,102814,School of Infrastructure,Indian Institute of Technology Bhubaneswar,81,5,14
Dr                                                                                Partha Pratim Dey,102837,School of Infrastructure,Indian Institute of Technology Bhubaneswar,346,11,24
Dr                                                                                Dukhabandhu Sahoo,102863,"School of Humanities, Social Sciences and Management",Indian Institute of Technology Bhubaneswar,108,6,25
Dr                                                                                Pramod  Padmanabhan,271420,School of Basic Sciences,Indian Institute of Technology Bhubaneswar,61,6,21
Dr                                                                                Partha Sarathi De,102836,"School of Minerals, Metallurgical and Materials Engineering",Indian Institute of Technology Bhubaneswar,767,11,21
Dr                                                                                Kiranmayi Landu,102855,"School of Earth, Ocean and Climate Sciences",Indian Institute of Technology Bhubaneswar,652,7,24
Dr                                                                                Jothi  Saravanan Thiyagarajan,175135,School of Infrastructure,Indian Institute of Technology Bhubaneswar,263,9,17
Dr                                                                                Bankim Mahanta,236243,,Indian Institute of Technology Bhubaneswar,478,9,16
Dr                                                                                Kousik Samanta,102852,,Indian Institute of Technology Bhubaneswar,321,8,18
Dr                                                                                Kodanda Ram Mangipudi,102853,"School of Minerals, Metallurgical and Materials Engineering",Indian Institute of Technology Bhubaneswar,313,10,17
Dr                                                                                Bankim Chandra Mandal,102877,School of Basic Sciences,Indian Institute of Technology Bhubaneswar,67,5,14
Dr                                                                                Anoop Thomas,102884,School of Electrical Sciences,Indian Institute of Technology Bhubaneswar,59,4,8
Dr                                                                                Yengkhom Kesorjit Singh,102793,"School of Earth, Ocean and Climate Sciences",Indian Institute of Technology Bhubaneswar,245,5,21
Dr                                                                                Suvradip Mullick,102798,School of Mechanical Sciences,Indian Institute of Technology Bhubaneswar,355,10,19
Dr                                                                                Gaurav Bartarya,102862,School of Mechanical Sciences,Indian Institute of Technology Bhubaneswar,443,5,14
Dr                                                                                Nirmalendu  Acharyya,175570,School of Basic Sciences,Indian Institute of Technology Bhubaneswar,88,6,18
Dr                                                                                Debasis Basu,102866,School of Infrastructure,Indian Institute of Technology Bhubaneswar,110,6,14
Dr                                                                                Anasuya  Roychowdhury,102883,School of Basic Sciences,Indian Institute of Technology Bhubaneswar,100,7,18
Dr                                                                                Santhoshkumar  G.,320206,School of Infrastructure,Indian Institute of Technology Bhubaneswar,130,7,15
Dr                                                                                Tarakanta Nayak,48299,School of Basic Sciences,Indian Institute of Technology Bhubaneswar,76,6,17
Dr                                                                                Mohammad Masiur Rahaman,175168,School of Infrastructure,Indian Institute of Technology Bhubaneswar,95,4,18
Dr                                                                                Divyansh  Patel,358673,School of Mechanical Sciences,Indian Institute of Technology Bhubaneswar,340,10,13
Dr                                                                                Joy Chandra Mukherjee,102857,School of Electrical Sciences,Indian Institute of Technology Bhubaneswar,423,6,6
Dr                                                                                Bibhuti Bhusan Sahoo,102875,Central Library,Indian Institute of Technology Bhubaneswar,2,1,8
Dr                                                                                Srinivasa Ramanujam Kannan,59547,School of Mechanical Sciences,Indian Institute of Technology Bhubaneswar,40,4,7
Dr                                                                                Tabrez Khan,59549,School of Basic Sciences,Indian Institute of Technology Bhubaneswar,115,7,16
Dr                                                                                Sunil Kumar Prajapati,102801,School of Basic Sciences,Indian Institute of Technology Bhubaneswar,15,3,15
Dr                                                                                Devesh Punera,105914,School of Infrastructure,Indian Institute of Technology Bhubaneswar,151,6,12
Dr                                                                                Avishek  Bhandari,320181,"School of Humanities, Social Sciences and Management",Indian Institute of Technology Bhubaneswar,12,N/A,15
Dr                                                                                Debapratim Ghosh,102867,School of Electrical Sciences,Indian Institute of Technology Bhubaneswar,6,1,5
Dr                                                                                Abhishek Chowdhury,105912,School of Basic Sciences,Indian Institute of Technology Bhubaneswar,72,5,12
Dr                                                                                Satyanarayan Panigrahi,102818,School of Mechanical Sciences,Indian Institute of Technology Bhubaneswar,293,9,11
Dr                                                                                Nijwm Wary,175178,School of Electrical Sciences,Indian Institute of Technology Bhubaneswar,39,4,6
Dr                                                                                Prama Bhattacharya,221066,"School of Humanities, Social Sciences and Management",Indian Institute of Technology Bhubaneswar,124,3,8
Dr                                                                                Sambhunath Sahoo,267199,Central Library,Indian Institute of Technology Bhubaneswar,N/A,N/A,7
Dr                                                                                Akash Ashirbad  Panda,313939,,Indian Institute of Technology Bhubaneswar,35,3,9
Dr                                                                                Madhusmita Dash,105919,"School of Humanities, Social Sciences and Management",Indian Institute of Technology Bhubaneswar,97,5,7
Dr                                                                                Soham Roychowdhury,105925,School of Mechanical Sciences,Indian Institute of Technology Bhubaneswar,36,3,8
Dr                                                                                Simontini Sensarma,320150,"School of Earth, Ocean and Climate Sciences",Indian Institute of Technology Bhubaneswar,39,4,7
Dr                                                                                Aparna  Pandey,313907,"School of Humanities, Social Sciences and Management",Indian Institute of Technology Bhubaneswar,9,1,5
Dr                                                                                Suman  Deb,313957,School of Mechanical Sciences,Indian Institute of Technology Bhubaneswar,49,3,5
Dr                                                                                Satish Daulatrao Dhandole,102819,School of Mechanical Sciences,Indian Institute of Technology Bhubaneswar,69,5,4
Dr                                                                                Punyashree Panda,102832,"School of Humanities, Social Sciences and Management",Indian Institute of Technology Bhubaneswar,1,1,4
Dr                                                                                Indrajit  Jana,175566,School of Basic Sciences,Indian Institute of Technology Bhubaneswar,18,2,6
Dr                                                                                Mahendaran  Uchimali,358380,School of Mechanical Sciences,Indian Institute of Technology Bhubaneswar,25,3,5
Dr                                                                                Anamitra Basu,102888,"School of Humanities, Social Sciences and Management",Indian Institute of Technology Bhubaneswar,18,2,4
Dr                                                                                Saket Dubey,320203,School of Infrastructure,Indian Institute of Technology Bhubaneswar,60,3,5
Dr                                                                                Akshaya Kumar Rath,94612,,Indian Institute of Technology Bhubaneswar,3,N/A,3
Dr                                                                                Anubhav Shukla,516525,"School of Earth, Ocean and Climate Sciences",Indian Institute of Technology Bhubaneswar,3,1,3
Dr                                                                                Amrita Satapathy,102890,"School of Humanities, Social Sciences and Management",Indian Institute of Technology Bhubaneswar,2,1,1
Dr                                                                                Ashna Mary  Jacob,321068,"School of Humanities, Social Sciences and Management",Indian Institute of Technology Bhubaneswar,N/A,N/A,1
Dr                                                                                Rajakumar Guduru,102829,"School of Humanities, Social Sciences and Management",Indian Institute of Technology Bhubaneswar,N/A,N/A,N/A
Dr                                                                                Aneesh M.,175052,School of Basic Sciences,Indian Institute of Technology Bhubaneswar,N/A,N/A,N/A
Dr                                                                                Anush Konayakanahalli Chandrappa,175058,School of Infrastructure,Indian Institute of Technology Bhubaneswar,N/A,N/A,N/A
Dr                                                                                Chetan .,175116,School of Mechanical Sciences,Indian Institute of Technology Bhubaneswar,N/A,N/A,N/A
Dr                                                                                Pasupureddi  Vijaya Sankara Rao,175571,School of Electrical Sciences,Indian Institute of Technology Bhubaneswar,N/A,N/A,N/A
Dr                                                                                Nihar Ranjan  Jena,318010,"School of Humanities, Social Sciences and Management",Indian Institute of Technology Bhubaneswar,N/A,N/A,N/A
Dr                                                                                Sreetama  Misra,318070,"School of Humanities, Social Sciences and Management",Indian Institute of Technology Bhubaneswar,N/A,N/A,N/A
Dr                                                                                Devashree  Tripathy,320172,School of Electrical Sciences,Indian Institute of Technology Bhubaneswar,N/A,N/A,N/A
Dr                                                                                R Venkata  Raghavan,320187,"School of Humanities, Social Sciences and Management",Indian Institute of Technology Bhubaneswar,N/A,N/A,N/A
Dr                                                                                Sitakanta  Panda,320193,"School of Humanities, Social Sciences and Management",Indian Institute of Technology Bhubaneswar,N/A,N/A,N/A
Dr                                                                                Tirtha Roy  Biswas,320196,School of Infrastructure,Indian Institute of Technology Bhubaneswar,N/A,N/A,N/A
Dr                                                                                Soumya Ranjan  Sahoo,320211,School of Mechanical Sciences,Indian Institute of Technology Bhubaneswar,N/A,N/A,N/A
Dr                                                                                Richa  Shukla,321050,"School of Humanities, Social Sciences and Management",Indian Institute of Technology Bhubaneswar,N/A,N/A,N/A
Mr                                                                                PUDI DHILLESWARARAO,399860,School of Electrical Sciences,Indian Institute of Technology Bhubaneswar,N/A,N/A,N/A
