Name,Vidwan ID,Department,College,Total Citations,H Index,Journal Articles
Dr                                                                                Sudeep Tanwar,327485,Department of Computer Science and Engineering,"Institute of Technology, Nirma University",9143,52,315
Dr                                                                                Rajesh Gupta,348723,Department of Computer Science and Engineering,"Institute of Technology, Nirma University",2252,26,72
Dr                                                                                Kaushik Kumar Patel,44545,Department of Mechanical Engineering,"Institute of Technology, Nirma University",962,16,58
Dr                                                                                Niranjan Maneklal Devashrayee,44533,Department of Computer Science and Engineering,"Institute of Technology, Nirma University",247,9,60
Prof                                                                                Dr P N Tekwani,33455,Department of Electrical Engineering,"Institute of Technology, Nirma University",1161,16,27
Dr                                                                                Sachin Gajjar,332734,Department of Electronics and Communication Engineering,"Institute of Technology, Nirma University",274,7,4
Dr                                                                                Madhuri Bhavsar,348725,Department of Computer Science and Engineering,"Institute of Technology, Nirma University",310,9,17
Dr                                                                                Ankit Thakkar,348711,Department of Computer Science and Engineering,"Institute of Technology, Nirma University",978,17,23
Dr                                                                                Usha Mehta,50832,Department of Electronics and Communication Engineering,"Institute of Technology, Nirma University",213,8,7
Dr                                                                                Vijay Savani,332731,Department of Electronics and Communication Engineering,"Institute of Technology, Nirma University",65,4,27
Prof                                                                                Dilip Kumar Kothari,44532,Department of Electronics and Communication Engineering,"Institute of Technology, Nirma University",62,5,26
Dr                                                                                Yogesh Trivedi,332659,Department of Electronics and Communication Engineering,"Institute of Technology, Nirma University",103,6,19
Dr                                                                                Rajesh Kumar Patel,348809,Department of Mechanical Engineering,"Institute of Technology, Nirma University",1107,17,24
Dr                                                                                Aparna Kumari,348706,Department of Computer Science and Engineering,"Institute of Technology, Nirma University",1385,17,25
Dr                                                                                Kuntal Bhattacharjee,348841,Department of Electrical Engineering,"Institute of Technology, Nirma University",435,8,22
Dr                                                                                Amar Kumar Barik,187692,Department of Electrical Engineering,"Institute of Technology, Nirma University",607,13,25
Dr                                                                                Smita Agrawal,348716,Department of Computer Science and Engineering,"Institute of Technology, Nirma University",85,5,22
Dr                                                                                Mayurkumar Makhesana,348824,Department of Mechanical Engineering,"Institute of Technology, Nirma University",144,8,26
Dr                                                                                Jayesh Ruparelia,348779,Department of Chemical Engineering,"Institute of Technology, Nirma University",1970,12,25
Dr                                                                                Jaiprakash Verma,348709,Department of Computer Science and Engineering,"Institute of Technology, Nirma University",185,5,8
Ms                                                                                Manisha Shah,348844,Department of Electrical Engineering,"Institute of Technology, Nirma University",127,6,6
Dr                                                                                Mihirkumar Shah,434528,Department of Electronics and Communication Engineering,"Institute of Technology, Nirma University",N/A,N/A,13
Dr                                                                                Vikas Lakhera,51367,Department of Mechanical Engineering,"Institute of Technology, Nirma University",270,9,21
Ms                                                                                Parita Oza,348703,Department of Computer Science and Engineering,"Institute of Technology, Nirma University",96,7,13
Dr                                                                                Swati Jain,348738,Department of Computer Science and Engineering,"Institute of Technology, Nirma University",35,4,12
Dr                                                                                Ankur Pandya,348752,Department of Electronics and Communication Engineering,"Institute of Technology, Nirma University",79,6,20
Dr                                                                                Nilesh Ghetiya,348828,Department of Mechanical Engineering,"Institute of Technology, Nirma University",357,12,17
Dr                                                                                Soumesh Chatterjee,348842,Department of Electrical Engineering,"Institute of Technology, Nirma University",154,7,15
Dr                                                                                Paresh V. Patel,33442,Department of Civil Engineering,"Institute of Technology, Nirma University",248,8,13
Dr                                                                                Santoshkumar Vora,50845,Department of Electrical Engineering,"Institute of Technology, Nirma University",70,5,12
Dr                                                                                Sanjay Patel,348780,Department of Chemical Engineering,"Institute of Technology, Nirma University",820,13,14
Dr                                                                                Jitendra Bhatia,348730,Department of Computer Science and Engineering,"Institute of Technology, Nirma University",401,10,7
Dr                                                                                Dhaval Shah,348812,Department of Mechanical Engineering,"Institute of Technology, Nirma University",225,7,13
Dr                                                                                Absar Lakdawala,348818,Department of Mechanical Engineering,"Institute of Technology, Nirma University",196,9,19
Dr                                                                                Bimal Mawandiya,50888,Department of Mechanical Engineering,"Institute of Technology, Nirma University",80,6,15
Dr                                                                                Chetna Chauhan,348747,Department of Electronics and Communication Engineering,"Institute of Technology, Nirma University",367,6,12
Dr                                                                                Rajesh Kumar Sharma,348766,Department of Mathematics and Humanities,"Institute of Technology, Nirma University",359,11,19
Dr                                                                                Ruchi Gajjar,332739,Department of Electronics and Communication Engineering,"Institute of Technology, Nirma University",66,4,2
Mr                                                                                Ashwin Verma,348705,Department of Computer Science and Engineering,"Institute of Technology, Nirma University",234,9,11
Mr                                                                                Umesh Bodkhe,348736,Department of Computer Science and Engineering,"Institute of Technology, Nirma University",862,11,9
Dr                                                                                Shibu G Pillai,348788,Department of Chemical Engineering,"Institute of Technology, Nirma University",338,9,16
Dr                                                                                Amit N Patel,348845,Department of Electrical Engineering,"Institute of Technology, Nirma University",66,5,12
Dr                                                                                Manish Patel,332752,Department of Electronics and Communication Engineering,"Institute of Technology, Nirma University",72,4,1
Dr                                                                                Tarjni Vyas,348702,Department of Computer Science and Engineering,"Institute of Technology, Nirma University",55,4,5
Ms                                                                                Kruti Lavingia,348724,Department of Computer Science and Engineering,"Institute of Technology, Nirma University",27,3,10
Dr                                                                                Sunil Kumar Gautam,348742,Department of Computer Science and Engineering,"Institute of Technology, Nirma University",57,4,4
Dr                                                                                Amisha Naik,348753,Department of Electronics and Communication Engineering,"Institute of Technology, Nirma University",21,2,6
Dr                                                                                Shashikant Joshi,348815,Department of Mechanical Engineering,"Institute of Technology, Nirma University",78,5,12
Dr                                                                                Siddharth Singh Chauhan,348854,Department of Electrical Engineering,"Institute of Technology, Nirma University",176,5,8
Mr                                                                                Harsh Kapadia,365619,Department of Instrumentation and Control Engineering,"Institute of Technology, Nirma University",39,3,4
Dr                                                                                Sapan Mankad,348704,Department of Computer Science and Engineering,"Institute of Technology, Nirma University",105,5,4
Dr                                                                                Mohd Zuhair,348720,Department of Computer Science and Engineering,"Institute of Technology, Nirma University",183,7,10
Dr                                                                                Zunnun A Narmawala,348743,Department of Computer Science and Engineering,"Institute of Technology, Nirma University",119,6,1
Dr                                                                                Bharat Kumar Modi,348827,Department of Mechanical Engineering,"Institute of Technology, Nirma University",63,5,8
Dr                                                                                Manoj Vora,367636,Department of Chemical Engineering,"Institute of Technology, Nirma University",43,4,18
Dr                                                                                ANKIT SHARMA,385875,Department of Instrumentation and Control Engineering,"Institute of Technology, Nirma University",N/A,N/A,9
Dr                                                                                Vijay Ukani,51320,Department of Computer Science and Engineering,"Institute of Technology, Nirma University",105,6,N/A
Dr                                                                                Pooja Chaturvedi,348731,Department of Computer Science and Engineering,"Institute of Technology, Nirma University",80,5,4
Dr                                                                                Nagendra Gajjar,348755,Department of Electronics and Communication Engineering,"Institute of Technology, Nirma University",41,3,6
Dr                                                                                Milind Joshipura,348782,Department of Chemical Engineering,"Institute of Technology, Nirma University",223,7,12
Dr                                                                                Bela Shrimali,438413,Department of Computer Science and Engineering,"Institute of Technology, Nirma University",N/A,N/A,11
Dr                                                                                Tapan Kumar Datta,348775,Department of Mathematics and Humanities,"Institute of Technology, Nirma University",677,12,17
Dr                                                                                Narasimha Reddy Ravuru,348784,Department of Chemical Engineering,"Institute of Technology, Nirma University",3,1,12
Dr                                                                                Achari Dr. A. Madhusudan,348820,Department of Mechanical Engineering,"Institute of Technology, Nirma University",52,4,7
Mr                                                                                Anand Patel,348830,Department of Mechanical Engineering,"Institute of Technology, Nirma University",52,2,9
Dr                                                                                Darshit Upadhyay,348831,Department of Mechanical Engineering,"Institute of Technology, Nirma University",220,8,13
Ms                                                                                Deepti Saraswat,348729,Department of Computer Science and Engineering,"Institute of Technology, Nirma University",171,7,8
Dr                                                                                Neha Patni,348785,Department of Chemical Engineering,"Institute of Technology, Nirma University",94,6,8
Dr                                                                                Nitesh Gupta,348791,Department of Civil Engineering,"Institute of Technology, Nirma University",23,2,11
Dr                                                                                Parul Patel,44542,Department of Civil Engineering,"Institute of Technology, Nirma University",25,3,9
Dr                                                                                Reena Trivedi,50858,Department of Mechanical Engineering,"Institute of Technology, Nirma University",109,6,6
Dr                                                                                Sharad Kumar Purohit,50894,Department of Civil Engineering,"Institute of Technology, Nirma University",73,4,8
Dr                                                                                Ankur Dwivedi,223314,Department of Chemical Engineering,"Institute of Technology, Nirma University",92,5,6
Dr                                                                                Naman Kantesaria,348795,Department of Civil Engineering,"Institute of Technology, Nirma University",17,2,4
Dr                                                                                Lata Gohil,50951,Department of Computer Science and Engineering,"Institute of Technology, Nirma University",13,3,11
Dr                                                                                Akash Mecwan,332736,Department of Electronics and Communication Engineering,"Institute of Technology, Nirma University",24,3,2
Dr                                                                                Dhaval Shah,332738,Department of Electronics and Communication Engineering,"Institute of Technology, Nirma University",49,4,5
Dr                                                                                Vaishali Dhare,332745,Department of Electronics and Communication Engineering,"Institute of Technology, Nirma University",41,4,3
Dr                                                                                Pimal Khanpara,348701,Department of Computer Science and Engineering,"Institute of Technology, Nirma University",412,3,2
Ms                                                                                Shivani Desai,348727,Department of Computer Science and Engineering,"Institute of Technology, Nirma University",34,3,2
Ms                                                                                Anuja Nair,348732,Department of Computer Science and Engineering,"Institute of Technology, Nirma University",52,3,3
Ms                                                                                Rachana Shah,348737,Department of Computer Science and Engineering,"Institute of Technology, Nirma University",49,2,3
Dr                                                                                Tejas Joshi,348790,Department of Civil Engineering,"Institute of Technology, Nirma University",49,4,10
Prof                                                                                Sunil Raiyani,348802,Department of Civil Engineering,"Institute of Technology, Nirma University",24,3,6
Dr                                                                                Jatin Kumar Dave,348839,Department of Mechanical Engineering,"Institute of Technology, Nirma University",89,6,9
Dr                                                                                Chintan Mehta,348847,Department of Electrical Engineering,"Institute of Technology, Nirma University",25,2,4
Dr                                                                                Sharada Valiveti,51300,Department of Computer Science and Engineering,"Institute of Technology, Nirma University",24,2,1
Dr                                                                                Rupal Kapdi,348698,Department of Computer Science and Engineering,"Institute of Technology, Nirma University",131,6,2
Dr                                                                                Jainee Shah,348776,Department of Mathematics and Humanities,"Institute of Technology, Nirma University",N/A,N/A,5
Dr                                                                                Sonal Thakkar,348800,Department of Civil Engineering,"Institute of Technology, Nirma University",14,2,6
Ms                                                                                Usha Patel,117561,Department of Computer Science and Engineering,"Institute of Technology, Nirma University",16,3,5
Dr                                                                                Tanuj Gupta,140895,Department of Electronics and Communication Engineering,"Institute of Technology, Nirma University",36,3,10
Ms                                                                                Monika Shah,348708,Department of Computer Science and Engineering,"Institute of Technology, Nirma University",23,3,4
Dr                                                                                Amisha Patel,348774,Department of Mathematics and Humanities,"Institute of Technology, Nirma University",43,4,8
Dr                                                                                Leena Bora,348777,Department of Chemical Engineering,"Institute of Technology, Nirma University",322,3,9
Dr                                                                                Amita Chaudhary,348778,Department of Chemical Engineering,"Institute of Technology, Nirma University",41,3,6
Dr                                                                                Amit Kumar,348781,Department of Chemical Engineering,"Institute of Technology, Nirma University",85,6,9
Dr                                                                                Manish Dutta,348797,Department of Civil Engineering,"Institute of Technology, Nirma University",41,3,9
Mr                                                                                Anant Patel,348803,Department of Civil Engineering,"Institute of Technology, Nirma University",25,3,3
Dr                                                                                Digesh Joshi,348807,Department of Civil Engineering,"Institute of Technology, Nirma University",115,5,5
