Name,Vidwan ID,Department,College,Total Citations,H Index,Journal Articles
Dr                                                                                Dilip Kumar,60840,Finance and Accounting,"Indian Institute of Management, Kashipur",340,10,38
Prof                                                                                Kampan Mukherjee,124831,Operations Management and Decision Sciences,"Indian Institute of Management, Kashipur",692,13,32
Prof                                                                                K M Baharul Islam,64857,Communications,"Indian Institute of Management, Kashipur",88,3,7
Dr                                                                                Kunal K Ganguly,124832,Operations Management and Decision Sciences,"Indian Institute of Management, Kashipur",266,9,25
Dr                                                                                Madhurima  Deb,124828,,"Indian Institute of Management, Kashipur",334,10,24
Prof                                                                                Kulbhushan Balooni,124822,Economics,"Indian Institute of Management, Kashipur",325,11,19
Dr                                                                                Rakesh Agrawal,124836,Organizational Behavior and Human Resource,"Indian Institute of Management, Kashipur",162,8,19
Dr                                                                                Safal Batra,124839,Strategy,"Indian Institute of Management, Kashipur",205,6,19
Dr                                                                                Somnath Chakrabarti,124827,Marketing,"Indian Institute of Management, Kashipur",213,6,17
Dr                                                                                Harish Kumar,123873,Information Technology and Systems,"Indian Institute of Management, Kashipur",315,8,10
Dr                                                                                Venkataraghavan K,124825,Information Technology and Systems,"Indian Institute of Management, Kashipur",106,4,11
Dr                                                                                Kumkum Bharti,124830,Marketing,"Indian Institute of Management, Kashipur",218,8,12
Dr                                                                                Ashish Kumar,124823,Finance and Accounting,"Indian Institute of Management, Kashipur",152,7,15
Dr                                                                                R K Padhy,124833,Operations Management and Decision Sciences,"Indian Institute of Management, Kashipur",187,6,11
Dr                                                                                Jagadish Prasad Sahu,96822,Economics,"Indian Institute of Management, Kashipur",31,4,8
Dr                                                                                Vaibhav Bhamoriya,124819,Economics,"Indian Institute of Management, Kashipur",48,3,6
Dr                                                                                Sabyasachi Patra,124834,Operations Management and Decision Sciences,"Indian Institute of Management, Kashipur",68,5,9
Prof                                                                                K N Badhani,124824,Finance and Accounting,"Indian Institute of Management, Kashipur",32,3,8
Dr                                                                                Devjani Chatterjee,124835,Organizational Behavior and Human Resource,"Indian Institute of Management, Kashipur",17,2,8
Prof                                                                                Mala Srivastava,124829,Marketing,"Indian Institute of Management, Kashipur",623,6,7
Dr                                                                                Vivek Kumar,124840,Strategy,"Indian Institute of Management, Kashipur",69,3,5
Dr                                                                                Abhradeep Maiti,124820,Economics,"Indian Institute of Management, Kashipur",5,2,5
Dr                                                                                Mayank Sharma,124826,Information Technology and Systems,"Indian Institute of Management, Kashipur",74,2,4
Dr                                                                                Mridul Maheshwari,124837,Organizational Behavior and Human Resource,"Indian Institute of Management, Kashipur",14,2,4
Dr                                                                                Kunal,48621,Finance and Accounting,"Indian Institute of Management, Kashipur",7,2,2
Dr                                                                                Atulan Guha,124821,Economics,"Indian Institute of Management, Kashipur",22,2,1
Dr                                                                                A Venkataraman,124838,Organizational Behavior and Human Resource,"Indian Institute of Management, Kashipur",N/A,N/A,N/A
Dr                                                                                Smarak Samarjeet,124818,Communications,"Indian Institute of Management, Kashipur",1,1,N/A
Prof                                                                                Anshul Jain,48619,Finance,"Indian Institute of Management, Kashipur",N/A,N/A,N/A
Dr                                                                                Nakul Gupta,48620,Information Systems,"Indian Institute of Management, Kashipur",N/A,N/A,N/A
