Name,Vidwan ID,Department,College,Total Citations,H Index,Journal Articles
Dr                                                                                Perumal P T,278112,Department of Chemistry,B S Abdur Rahman Crescent Institute of Science and Technology,11227,58,395
Dr                                                                                Hemalatha S,278528,Crescent School of Life Science,B S Abdur Rahman Crescent Institute of Science and Technology,694,15,234
Dr                                                                                Muthu Manokar A,277966,Department of Mechanical Engineering,B S Abdur Rahman Crescent Institute of Science and Technology,4360,41,100
Dr                                                                                Ashok Kumar Pandurangan,275075,Crescent School of Life Science,B S Abdur Rahman Crescent Institute of Science and Technology,1852,26,78
Dr                                                                                Rabiyathul  Basariya,532637,Department of Management Studies,B S Abdur Rahman Crescent Institute of Science and Technology,N/A,N/A,56
Dr                                                                                Ubaidulla U,309768,Crescent School of Pharmacy,B S Abdur Rahman Crescent Institute of Science and Technology,872,15,82
Dr                                                                                Arun Raj L,278491,Department of Computer Science and Engineering,B S Abdur Rahman Crescent Institute of Science and Technology,173,6,42
Mrs                                                                                Daulath Banu R,278052,Department of Polymer Engineering,B S Abdur Rahman Crescent Institute of Science and Technology,N/A,N/A,N/A
Dr                                                                                Soundarapandiyan K,299223,Department of Commerce,B S Abdur Rahman Crescent Institute of Science and Technology,9,2,59
Dr                                                                                Ayub Khan Dawood,278867,,B S Abdur Rahman Crescent Institute of Science and Technology,N/A,N/A,58
Dr                                                                                Rajendran N,277772,Department of Information Technology,B S Abdur Rahman Crescent Institute of Science and Technology,26,2,23
Dr                                                                                Latha Tamilselvan,278482,Department of Information Technology,B S Abdur Rahman Crescent Institute of Science and Technology,179,6,38
Dr                                                                                V Muralidharan,277823,Department of Mechanical Engineering,B S Abdur Rahman Crescent Institute of Science and Technology,69,4,30
Dr                                                                                Haja Nazeer Ahamed,278616,Crescent School of Pharmacy,B S Abdur Rahman Crescent Institute of Science and Technology,267,7,47
"Dr                                                                                E Syed Mohamed ,Professor",162240,Department of Computer Science and Engineering,B S Abdur Rahman Crescent Institute of Science and Technology,2,1,23
Dr                                                                                Najumnissa Jamal D,278275,Department of Electronics and Instrumentation Engineering,B S Abdur Rahman Crescent Institute of Science and Technology,40,4,24
Dr                                                                                M. Asha Jhonsi,281693,Department of Chemistry,B S Abdur Rahman Crescent Institute of Science and Technology,619,11,48
Dr                                                                                Sathickbasha K,277918,,B S Abdur Rahman Crescent Institute of Science and Technology,434,11,39
Dr                                                                                Yogeswari K,277967,Department of Civil Engineering,B S Abdur Rahman Crescent Institute of Science and Technology,6,2,44
Dr                                                                                Sharmila Sankar,278476,Department of Computer Science and Engineering,B S Abdur Rahman Crescent Institute of Science and Technology,260,9,24
Dr                                                                                Irfan N,277946,Crescent School of Pharmacy,B S Abdur Rahman Crescent Institute of Science and Technology,92,6,29
Dr                                                                                Abudhahir A,278370,Department of Electronics and Instrumentation Engineering,B S Abdur Rahman Crescent Institute of Science and Technology,213,9,28
Dr                                                                                Srinivasan S,278207,Department of Mathematics and Actuarial Science,B S Abdur Rahman Crescent Institute of Science and Technology,63,5,39
Dr                                                                                Ismail Y,275521,Crescent School of Pharmacy,B S Abdur Rahman Crescent Institute of Science and Technology,12,2,32
Mr                                                                                Basanta Kumar Behera,278016,Department of Polymer Engineering,B S Abdur Rahman Crescent Institute of Science and Technology,367,13,29
Dr                                                                                Sabiyath Fatima N,278487,Department of Computer Science and Engineering,B S Abdur Rahman Crescent Institute of Science and Technology,46,4,21
Dr                                                                                Neesar Ahmed,278541,Crescent School of Life Science,B S Abdur Rahman Crescent Institute of Science and Technology,239,5,30
Dr                                                                                Kadiresh P N,278035,Department of Aerospace Engineering,B S Abdur Rahman Crescent Institute of Science and Technology,103,6,27
Dr                                                                                Mohamed Sheik Sirajuddeen M,278175,Department of Physics,B S Abdur Rahman Crescent Institute of Science and Technology,26,4,35
Dr                                                                                Jawahar PK,275176,Department of Electronics and Communication Engineering,B S Abdur Rahman Crescent Institute of Science and Technology,57,4,26
Dr                                                                                Revathy J,275060,Department of Civil Engineering,B S Abdur Rahman Crescent Institute of Science and Technology,253,8,23
Dr                                                                                Abirami P,278156,Department of Electrical and Electronics Engineering,B S Abdur Rahman Crescent Institute of Science and Technology,49,4,13
Dr                                                                                Md Khurshid Alam Khan,278530,Crescent School of Life Science,B S Abdur Rahman Crescent Institute of Science and Technology,251,10,24
Dr                                                                                Ranjani S,278595,Crescent School of Life Science,B S Abdur Rahman Crescent Institute of Science and Technology,194,8,30
Dr                                                                                Noble Kurian,449628,Crescent School of Life Science,B S Abdur Rahman Crescent Institute of Science and Technology,959,6,22
Dr                                                                                Venkateswara Prasad U,449448,Crescent School of Life Science,B S Abdur Rahman Crescent Institute of Science and Technology,N/A,N/A,30
Dr                                                                                Naseer Hussain,278004,Crescent School of Life Science,B S Abdur Rahman Crescent Institute of Science and Technology,416,13,28
Dr                                                                                Raja Mohamed I,278158,Department of Physics,B S Abdur Rahman Crescent Institute of Science and Technology,186,7,22
Dr                                                                                Surya Rajan B,277931,Department of Mechanical Engineering,B S Abdur Rahman Crescent Institute of Science and Technology,559,14,22
Dr                                                                                Jaya A,278007,Department of Computer Applications,B S Abdur Rahman Crescent Institute of Science and Technology,118,6,12
Dr                                                                                Pervaiz Iqbal,278264,,B S Abdur Rahman Crescent Institute of Science and Technology,17,2,23
Dr                                                                                Prakash R,278621,Crescent School of Pharmacy,B S Abdur Rahman Crescent Institute of Science and Technology,9,2,27
Dr                                                                                Karunanithi R,278039,Department of Aerospace Engineering,B S Abdur Rahman Crescent Institute of Science and Technology,132,7,18
Dr                                                                                Wasiullah S M,450235,Department of Management Studies,B S Abdur Rahman Crescent Institute of Science and Technology,11,1,19
Dr                                                                                Agalya  V,532804,Department of Management Studies,B S Abdur Rahman Crescent Institute of Science and Technology,N/A,N/A,22
Dr                                                                                Siddhi Jailani H,277819,Department of Mechanical Engineering,B S Abdur Rahman Crescent Institute of Science and Technology,207,8,16
Dr                                                                                Baskaran Athmanathan,278604,Crescent School of Life Science,B S Abdur Rahman Crescent Institute of Science and Technology,N/A,N/A,20
Dr                                                                                Gajalakshmi P,275065,Department of Civil Engineering,B S Abdur Rahman Crescent Institute of Science and Technology,76,4,13
Dr                                                                                Rasool Mohideen S,277817,Department of Mechanical Engineering,B S Abdur Rahman Crescent Institute of Science and Technology,54,4,14
Dr                                                                                Indirajith R,278177,Department of Physics,B S Abdur Rahman Crescent Institute of Science and Technology,339,12,19
Dr                                                                                Panneerselvam P,172398,Library,B S Abdur Rahman Crescent Institute of Science and Technology,N/A,N/A,19
Dr                                                                                Mohamed Bak Kamaludeen,275069,Department of Mechanical Engineering,B S Abdur Rahman Crescent Institute of Science and Technology,115,7,18
Dr                                                                                Ambika A,278185,Department of Electronics and Communication Engineering,B S Abdur Rahman Crescent Institute of Science and Technology,314,10,15
Dr                                                                                Revathi S,267802,Department of Computer Science and Engineering,B S Abdur Rahman Crescent Institute of Science and Technology,33,4,11
Dr                                                                                Selvantony A,280205,Library,B S Abdur Rahman Crescent Institute of Science and Technology,N/A,N/A,7
Dr                                                                                Selvakumar A S,277821,Department of Mechanical Engineering,B S Abdur Rahman Crescent Institute of Science and Technology,196,9,12
Dr                                                                                Vasanthi Padmanabhan,277959,Department of Civil Engineering,B S Abdur Rahman Crescent Institute of Science and Technology,4,2,16
Dr                                                                                Hajarabeevi N,277899,,B S Abdur Rahman Crescent Institute of Science and Technology,34,2,17
Dr                                                                                Vijayaraghavan G V,278172,Department of Physics,B S Abdur Rahman Crescent Institute of Science and Technology,55,5,16
Dr                                                                                Arockia Julias A,277843,Department of Mechanical Engineering,B S Abdur Rahman Crescent Institute of Science and Technology,20,2,9
Dr                                                                                Mohamed Shuaib Y,278125,Department of Electrical and Electronics Engineering,B S Abdur Rahman Crescent Institute of Science and Technology,266,5,12
Dr                                                                                Munir Ahamed Rabbani M,278485,Department of Information Technology,B S Abdur Rahman Crescent Institute of Science and Technology,31,4,12
Dr                                                                                Syed Shaul Hameed,277928,,B S Abdur Rahman Crescent Institute of Science and Technology,10,1,7
Dr                                                                                Kaliluthin A K,277976,Department of Civil Engineering,B S Abdur Rahman Crescent Institute of Science and Technology,N/A,N/A,11
Dr                                                                                Shafeeque Ahmed K,278148,Department of Electrical and Electronics Engineering,B S Abdur Rahman Crescent Institute of Science and Technology,97,7,7
Dr                                                                                Mohamed Ismail,278173,Department of Electronics and Communication Engineering,B S Abdur Rahman Crescent Institute of Science and Technology,30,3,8
Dr                                                                                S Priya,501493,Department of Electrical and Electronics Engineering,B S Abdur Rahman Crescent Institute of Science and Technology,N/A,N/A,4
Dr                                                                                J SIVASANKARI,263680,,B S Abdur Rahman Crescent Institute of Science and Technology,83,5,12
Dr                                                                                Parnasree Chakraborty,278183,Department of Electronics and Communication Engineering,B S Abdur Rahman Crescent Institute of Science and Technology,9,1,9
Dr                                                                                Muthupriya V,278508,Department of Computer Science and Engineering,B S Abdur Rahman Crescent Institute of Science and Technology,6,2,8
Dr                                                                                Shanthi R,278651,Department of Computer Applications,B S Abdur Rahman Crescent Institute of Science and Technology,N/A,N/A,12
Dr                                                                                Sheeza Khan,501829,Crescent School of Life Science,B S Abdur Rahman Crescent Institute of Science and Technology,N/A,N/A,5
Dr                                                                                Sirajudeen N,277921,Department of Mechanical Engineering,B S Abdur Rahman Crescent Institute of Science and Technology,13,2,8
Dr                                                                                Vijayajayanthi M,278184,Department of Physics,B S Abdur Rahman Crescent Institute of Science and Technology,421,10,11
Dr                                                                                Kalaivani S,278479,Department of Electronics and Communication Engineering,B S Abdur Rahman Crescent Institute of Science and Technology,21,3,5
Dr                                                                                Kavitha G,278493,Department of Information Technology,B S Abdur Rahman Crescent Institute of Science and Technology,1,1,5
Dr                                                                                Kaja Mohideen,187849,Department of Electronics and Communication Engineering,B S Abdur Rahman Crescent Institute of Science and Technology,14,2,6
Dr                                                                                Jeyakumar P D,278060,Department of Automobile Engineering,B S Abdur Rahman Crescent Institute of Science and Technology,1,1,4
Dr                                                                                Tharini C,278169,Department of Electronics and Communication Engineering,B S Abdur Rahman Crescent Institute of Science and Technology,13,3,7
Dr                                                                                Priya A,278210,Department of Electronics and Communication Engineering,B S Abdur Rahman Crescent Institute of Science and Technology,17,3,7
Dr                                                                                Ramesh Rao T R,278216,Department of Mathematics and Actuarial Science,B S Abdur Rahman Crescent Institute of Science and Technology,12,2,6
Dr                                                                                Prakash N,278492,Department of Information Technology,B S Abdur Rahman Crescent Institute of Science and Technology,4,N/A,5
Dr                                                                                Soumen Bera,278534,Crescent School of Life Science,B S Abdur Rahman Crescent Institute of Science and Technology,94,2,9
Dr                                                                                Parvin Begum I,278664,Department of Computer Applications,B S Abdur Rahman Crescent Institute of Science and Technology,N/A,N/A,7
Dr                                                                                Gino Sophia S G,278715,Department of Computer Science and Engineering,B S Abdur Rahman Crescent Institute of Science and Technology,132,3,6
Dr                                                                                Rafiya Banu Syed,279919,Department of Commerce,B S Abdur Rahman Crescent Institute of Science and Technology,2,1,8
Dr                                                                                Syed  Azamussan,286176,Department of Management Studies,B S Abdur Rahman Crescent Institute of Science and Technology,3,1,5
Dr                                                                                Prof. Murugesan T,325092,Administration,B S Abdur Rahman Crescent Institute of Science and Technology,27,2,9
Dr                                                                                Vijaya Vara Prasad M,278613,Crescent School of Pharmacy,B S Abdur Rahman Crescent Institute of Science and Technology,8,2,8
Dr                                                                                Srinivasan M P,287566,Crescent School of Law,B S Abdur Rahman Crescent Institute of Science and Technology,N/A,N/A,1
Dr                                                                                Pakkir Mohideen S,277832,Department of Computer Applications,B S Abdur Rahman Crescent Institute of Science and Technology,18,2,4
Dr                                                                                Haji Sheik Mohammed M S,277963,Department of Civil Engineering,B S Abdur Rahman Crescent Institute of Science and Technology,76,4,7
Dr                                                                                Sri Nithya Mahottamananda M,278055,Department of Aerospace Engineering,B S Abdur Rahman Crescent Institute of Science and Technology,43,4,3
Dr                                                                                Suresh SAMPATH,278145,Department of Electrical and Electronics Engineering,B S Abdur Rahman Crescent Institute of Science and Technology,8,1,5
Dr                                                                                Shakeela K,278151,Department of Chemistry,B S Abdur Rahman Crescent Institute of Science and Technology,75,6,8
Dr                                                                                Sindhu JKumaar,278212,Department of Mathematics and Actuarial Science,B S Abdur Rahman Crescent Institute of Science and Technology,N/A,N/A,1
Dr                                                                                Nandakumar C D,278224,Department of Mathematics and Actuarial Science,B S Abdur Rahman Crescent Institute of Science and Technology,2,1,8
Dr                                                                                Kareemullah H,278467,Department of Electronics and Instrumentation Engineering,B S Abdur Rahman Crescent Institute of Science and Technology,28,3,4
Dr                                                                                Shenbagam R,278539,Department of Mathematics and Actuarial Science,B S Abdur Rahman Crescent Institute of Science and Technology,16,3,8
Dr                                                                                Hema C,278569,Department of Computer Science and Engineering,B S Abdur Rahman Crescent Institute of Science and Technology,19,2,7
