Name,Vidwan ID,Department,College,Total Citations,H Index,Journal Articles
Dr                                                                                Shubhangi Chikte,111213,Department of Computer Science and Engineering,Visvesvaraya Technological University,74,4,161
Prof                                                                                Dinesh Rangappa,111394,Department of Nanotechnology,Visvesvaraya Technological University,3267,27,149
Dr                                                                                R. H. Goudar,111190,Department of Computer Science and Engineering,Visvesvaraya Technological University,1155,12,107
Dr                                                                                Pralhad Rathod,111148,Department of Management Studies,Visvesvaraya Technological University,N/A,N/A,47
Dr                                                                                Ananda Kumar C,111392,Department of Nanotechnology,Visvesvaraya Technological University,983,19,103
Dr                                                                                Prasanna D. Shivaramu,111391,Department of Nanotechnology,Visvesvaraya Technological University,668,15,84
Dr                                                                                Baswaraj Gadgay,111367,,Visvesvaraya Technological University,60,4,66
Prof                                                                                Maneeth P D,111161,Department of Civil Engineering,Visvesvaraya Technological University,5,2,75
Dr                                                                                Indumathi T. S.,111343,Department of Electronics and Communication Engineering,Visvesvaraya Technological University,48,3,17
Dr                                                                                Rekha N Patil,111153,Department of Management Studies,Visvesvaraya Technological University,N/A,N/A,56
Dr                                                                                M.M Munshi,111146,Department of Management Studies,Visvesvaraya Technological University,N/A,N/A,32
Dr                                                                                Lakshminarayana K,111132,Department of Management Studies,Visvesvaraya Technological University,N/A,N/A,44
Dr                                                                                Mallikarjunayya C Math,111194,Department of Mechanical Engineering,Visvesvaraya Technological University,326,7,43
Dr                                                                                Pankajakshi R,111131,Department of Management Studies,Visvesvaraya Technological University,N/A,N/A,39
Dr                                                                                N  Venkata Ramana,111162,Department of Civil Engineering,Visvesvaraya Technological University,313,9,30
Dr                                                                                Sarika Raga,111366,Department of Electronics and Communication Engineering,Visvesvaraya Technological University,28,3,39
Dr                                                                                Gayathri Reddy K,111382,Department of Management Studies,Visvesvaraya Technological University,N/A,N/A,24
Mr                                                                                Anandkumar S Malipatil,111173,Department of Mechanical Engineering,Visvesvaraya Technological University,5,1,36
Dr                                                                                Shanmukappa Angadi,111184,Department of Computer Science and Engineering,Visvesvaraya Technological University,229,9,15
Dr                                                                                Mahantesh Birje,111185,Department of Computer Science and Engineering,Visvesvaraya Technological University,270,9,16
Dr                                                                                Mohammed Abdul Waheed,111172,Department of Computer Science and Engineering,Visvesvaraya Technological University,10,2,18
Dr                                                                                Guttur F Ali Ahammed,111188,Department of Computer Science and Engineering,Visvesvaraya Technological University,174,6,20
Mr                                                                                Brijbhushan Shivarao,111163,Department of Civil Engineering,Visvesvaraya Technological University,1,1,35
Dr                                                                                Babitha Thimmaiah N,111369,Department of Management Studies,Visvesvaraya Technological University,N/A,N/A,30
Dr                                                                                Shiva Murthy G,111360,Department of Computer Science and Engineering,Visvesvaraya Technological University,78,3,23
Dr                                                                                Binoy Mathew,111381,Department of Management Studies,Visvesvaraya Technological University,2,N/A,20
Dr                                                                                Roopadarshini S,111130,Department of Management Studies,Visvesvaraya Technological University,84,N/A,16
Dr                                                                                Santosh L. Deshpande,111197,Department of Computer Science and Engineering,Visvesvaraya Technological University,40,3,7
Dr                                                                                HH  Ramesha,111128,Department of Management Studies,Visvesvaraya Technological University,8,N/A,22
Dr                                                                                Shailaja Kheni,111139,Department of Management Studies,Visvesvaraya Technological University,7,N/A,15
Dr                                                                                Ravindra R. Malagi,111187,Department of Mechanical Engineering,Visvesvaraya Technological University,48,4,8
Dr                                                                                Chikkanna N,111345,Department of Aerospace Engineering,Visvesvaraya Technological University,8,2,21
Dr                                                                                Basawaraj,111388,Department of Aerospace Engineering,Visvesvaraya Technological University,109,4,18
Dr                                                                                B S Keerthi Gowda,111164,Department of Civil Engineering,Visvesvaraya Technological University,239,10,5
Dr                                                                                Rashmi Rachh,111186,Department of Computer Science and Engineering,Visvesvaraya Technological University,75,5,7
Dr                                                                                Harish B G,111358,Department of Computer Science and Engineering,Visvesvaraya Technological University,412,10,23
Mr                                                                                Chandrashekarayya G. Hiremath,111171,Department of Civil Engineering,Visvesvaraya Technological University,20,2,17
Mrs                                                                                Bhavana Maale,111181,,Visvesvaraya Technological University,N/A,N/A,24
Mr                                                                                Prasad Raikar,111216,Department of Mechanical Engineering,Visvesvaraya Technological University,268,7,21
Dr                                                                                Anand Shivapur,111168,Department of Civil Engineering,Visvesvaraya Technological University,43,3,18
Dr                                                                                Nagraj S. Patil,111196,Department of Civil Engineering,Visvesvaraya Technological University,286,5,18
Dr                                                                                Reshma M,162312,Department of Electronics and Communication Engineering,Visvesvaraya Technological University,21,3,20
Dr                                                                                Yathish Chandra M S,111160,Department of Management Studies,Visvesvaraya Technological University,N/A,N/A,17
Dr                                                                                Ganesha T,111166,Department of Mechanical Engineering,Visvesvaraya Technological University,4,N/A,19
Dr                                                                                Shreenivas Reddy Shahapur,111219,Department of Civil Engineering,Visvesvaraya Technological University,3,N/A,21
Dr                                                                                Dr.Virupaxappa Betageri,203912,,Visvesvaraya Technological University,190,8,14
Dr                                                                                Manjunatha T,111385,Department of Management Studies,Visvesvaraya Technological University,N/A,N/A,20
Ms                                                                                Shilpa B Kodli,111363,Department of Computer Science and Engineering,Visvesvaraya Technological University,N/A,N/A,15
Prof                                                                                Thanuja T. C.,111180,Department of Electronics and Communication Engineering,Visvesvaraya Technological University,58,4,8
Mr                                                                                ROHIT B KALIWAL,111362,Department of Computer Science and Engineering,Visvesvaraya Technological University,5,2,4
Mr                                                                                Ambresh Bhdrashetty,111351,Department of Computer Science and Engineering,Visvesvaraya Technological University,N/A,N/A,1
Dr                                                                                Bhagyalakshmi K,111375,Department of Management Studies,Visvesvaraya Technological University,N/A,N/A,12
Dr                                                                                Thirtha Prasada H P,111389,Department of Mechanical Engineering,Visvesvaraya Technological University,92,6,13
Dr                                                                                Satish Uplaonkar,111134,Department of Management Studies,Visvesvaraya Technological University,N/A,N/A,5
Ms                                                                                Megha Rani Raigonda,111357,Department of Computer Science and Engineering,Visvesvaraya Technological University,N/A,N/A,12
Ms                                                                                Bharati S Pochal,111361,Department of Computer Science and Engineering,Visvesvaraya Technological University,N/A,N/A,16
Dr                                                                                Prasannakumar M,111393,Department of Mechanical Engineering,Visvesvaraya Technological University,54,1,8
Dr                                                                                Somaraya B Tallolli,208544,Department of Library and Information Science,Visvesvaraya Technological University,2,N/A,8
Dr                                                                                Preeti Patil,111144,Department of Management Studies,Visvesvaraya Technological University,N/A,N/A,14
Dr                                                                                Basavaraj Kudachimath,111151,Department of Management Studies,Visvesvaraya Technological University,1,N/A,15
Dr                                                                                Deepti Shetty,111158,Department of Management Studies,Visvesvaraya Technological University,N/A,N/A,12
Dr                                                                                Prakash S B,111169,Department of Mechanical Engineering,Visvesvaraya Technological University,1,1,14
Dr                                                                                Shankargouda Bharamanaikar,108360,Department of Management Studies,Visvesvaraya Technological University,N/A,N/A,11
Dr                                                                                Sanjivkumar Pol,111147,Department of Management Studies,Visvesvaraya Technological University,N/A,N/A,12
Mr                                                                                Swamy L N,111179,Department of Computer Science and Engineering,Visvesvaraya Technological University,5,2,5
Dr                                                                                Rajshekhar Basavapattan,111154,Department of Management Studies,Visvesvaraya Technological University,N/A,N/A,11
Dr                                                                                Kumar P K,111182,Department of Computer Science and Engineering,Visvesvaraya Technological University,2,N/A,7
Dr                                                                                Babu Reddy,111198,Department of Mechanical Engineering,Visvesvaraya Technological University,21,3,9
Dr                                                                                Swaroopa Shastri,111350,Department of Computer Science and Engineering,Visvesvaraya Technological University,N/A,N/A,10
Dr                                                                                Shivakumar H,182946,Department of Management Studies,Visvesvaraya Technological University,N/A,N/A,10
Dr                                                                                Veena Rani K,111126,Department of Management Studies,Visvesvaraya Technological University,N/A,N/A,8
Mr                                                                                Manjunath Awalakki,111142,Department of Management Studies,Visvesvaraya Technological University,166,N/A,9
Dr                                                                                Thippeswamy Kampalappa,111178,Department of Computer Science and Engineering,Visvesvaraya Technological University,8,1,6
Dr                                                                                Meghana Kulkarni,111199,Department of Electronics and Communication Engineering,Visvesvaraya Technological University,24,3,4
Dr                                                                                Poornima G. Patil,111348,Department of Computer Science and Engineering,Visvesvaraya Technological University,18,2,8
Dr                                                                                Lokesh S V,111390,Department of Nanotechnology,Visvesvaraya Technological University,207,7,11
Ms                                                                                Niveditha M U,111129,Department of Management Studies,Visvesvaraya Technological University,N/A,N/A,5
Dr                                                                                Shantavva Porapur,111156,Department of Management Studies,Visvesvaraya Technological University,6,N/A,8
Dr                                                                                Vijaykumar Dhannur,111159,Department of Management Studies,Visvesvaraya Technological University,2,N/A,10
Dr                                                                                Vikas S,111167,Department of Computer Science and Engineering,Visvesvaraya Technological University,1,N/A,8
Dr                                                                                Nirmala Hiremani,111176,Department of Computer Science and Engineering,Visvesvaraya Technological University,14,2,7
Dr                                                                                Ashwin Gowda,111387,Department of Mechanical Engineering,Visvesvaraya Technological University,80,4,8
Dr                                                                                Sharanagoud S  Biradar,111135,Department of Management Studies,Visvesvaraya Technological University,N/A,N/A,4
Mr                                                                                Annappa A R,111200,Department of Mechanical Engineering,Visvesvaraya Technological University,33,3,8
Dr                                                                                Chiranth K M,111377,Department of Management Studies,Visvesvaraya Technological University,N/A,N/A,4
Dr                                                                                MANJUNATHA M K,111378,Department of Management Studies,Visvesvaraya Technological University,4,N/A,9
Dr                                                                                Shweta Gadgay,342959,Electronics and Communication Engineering,Visvesvaraya Technological University,3,1,7
Dr                                                                                Kavitha B N,111379,Department of Management Studies,Visvesvaraya Technological University,N/A,N/A,6
Dr                                                                                B Shambhu Lingappa,111133,Department of Management Studies,Visvesvaraya Technological University,N/A,N/A,5
Dr                                                                                Mallikarjuna C,111195,Department of Mechanical Engineering,Visvesvaraya Technological University,138,4,6
Dr                                                                                Md. Irshad Hussain B.,111352,Department of Computer Science and Engineering,Visvesvaraya Technological University,N/A,N/A,5
Dr                                                                                Veena K P,111383,Department of Management Studies,Visvesvaraya Technological University,N/A,N/A,7
Mr                                                                                Purushotham C J,111127,Department of Management Studies,Visvesvaraya Technological University,N/A,N/A,4
Dr                                                                                Sivaramana Goud K,111152,Department of Management Studies,Visvesvaraya Technological University,N/A,N/A,N/A
Mr                                                                                Vinod Kumar M S,111177,Department of Mechanical Engineering,Visvesvaraya Technological University,3,1,4
Dr                                                                                Thimmaraju S N,111192,Department of Computer Science and Engineering,Visvesvaraya Technological University,2,1,3
Dr                                                                                Krishnamurthy K N,111193,Department of Mechanical Engineering,Visvesvaraya Technological University,72,3,5
Dr                                                                                RAVISH G K,111203,Department of Computer Science and Engineering,Visvesvaraya Technological University,N/A,N/A,2
Mr                                                                                Manohar B S,115555,,Visvesvaraya Technological University,2,1,3
Dr                                                                                Bhimappa S H,335702,Department of Library and Information Science,Visvesvaraya Technological University,N/A,N/A,4
