Name,Vidwan ID,Department,College,Total Citations,H Index,Journal Articles
Prof                                                                                Mohammed Athar,57827,Department of Civil Engineering,Aligarh Muslim University,14389,61,368
Dr                                                                                Mohd Asif Hasan,57904,Department of Mechanical Engineering,Aligarh Muslim University,1743,20,97
Prof                                                                                Omar Farooq,125398,Department of Electronics Engineering,Aligarh Muslim University,1353,20,84
Prof                                                                                Hafizur Rahman,57873,Department of Electrical Engineering,Aligarh Muslim University,3407,28,96
Dr                                                                                Adil Sarwar,114679,Department of Electrical Engineering,Aligarh Muslim University,577,12,86
Dr                                                                                Farooq Omar,36101,Department of Electronics Engineering,Aligarh Muslim University,1346,20,43
Dr                                                                                Sudhanshu Maheshwari,36111,Department of Electronics Engineering,Aligarh Muslim University,2096,26,75
Prof                                                                                Nesar Ahmad,57858,Department of Computer Engineering,Aligarh Muslim University,977,14,47
Dr                                                                                Abid Ali Khan,48957,Department of Mechanical Engineering,Aligarh Muslim University,233,8,74
Prof                                                                                Faisal Talib,277922,Department of Mechanical Engineering,Aligarh Muslim University,1236,18,75
Prof                                                                                Faisal Talib,57905,Department of Mechanical Engineering,Aligarh Muslim University,1236,18,74
Dr                                                                                Rehan Ahmad Khan,57830,Department of Civil Engineering,Aligarh Muslim University,1477,20,60
Prof                                                                                Ekram Khan,36103,Department of Electronics Engineering,Aligarh Muslim University,703,14,35
Prof                                                                                Faisal Hasan,278119,Department of Mechanical Engineering,Aligarh Muslim University,231,8,44
Prof                                                                                Rashid Ali,57866,Department of Computer Engineering,Aligarh Muslim University,465,11,16
Prof                                                                                Ash Mohammad Abbas,57859,Department of Computer Engineering,Aligarh Muslim University,312,10,14
Prof                                                                                M M Sufyan Beg,57860,Department of Computer Engineering,Aligarh Muslim University,705,13,32
Prof                                                                                Naushad Alam,278340,Department of Electronics Engineering,Aligarh Muslim University,155,8,33
Dr                                                                                Sohail Ayub,57846,Civil engineering department,Aligarh Muslim University,212,7,59
Prof                                                                                M S Jamil Asghar,57868,Department of Electrical Engineering,Aligarh Muslim University,421,12,22
Prof                                                                                Izharul Haq Farooqi,57824,Department of Civil Engineering,Aligarh Muslim University,1442,19,43
Prof                                                                                Mohd Hasan,57880,Department of Electronics Engineering,Aligarh Muslim University,589,13,17
Prof                                                                                Yusuf Uzzaman Khan,57871,Department of Electrical Engineering,Aligarh Muslim University,1150,16,26
Dr Mohammad sarfraz,153367,Department of Electrical Engineering,Aligarh Muslim University,191,6,18
Prof                                                                                Imtiaz Ashraf,57870,Department of Electrical Engineering,Aligarh Muslim University,290,10,20
Abid Ali Khan,59351,Department of Mechanical Engineering,Aligarh Muslim University,230,8,30
Prof                                                                                Beg Salim,36094,Department of Electronics Engineering,Aligarh Muslim University,135,7,17
Dr                                                                                Mohd Rizwan Khan,57878,Department of Electrical Engineering,Aligarh Muslim University,409,11,17
Dr                                                                                Nadeem Hasan,57886,Department of Mechanical Engineering,Aligarh Muslim University,333,10,30
Prof                                                                                Mohd Fazle Azeem,57867,Department of Electrical Engineering,Aligarh Muslim University,488,10,22
Dr                                                                                Ahmad Ashfaq,60704,Department of Civil Engineering,Aligarh Muslim University,39,4,39
Dr                                                                                Faisal Baig,41935,Department of Mechanical Engineering,Aligarh Muslim University,278,9,22
Dr                                                                                Javed Alam,57844,Department of Civil Engineering,Aligarh Muslim University,54,4,43
Dr                                                                                Md Rehan Sadique,281799,Department of Civil Engineering,Aligarh Muslim University,315,10,26
Prof                                                                                Mohammad Altamush Siddiqui,57881,Department of Mechanical Engineering,Aligarh Muslim University,441,13,31
Dr                                                                                Ali Moinuddin Athar,36107,Department of Electronics Engineering,Aligarh Muslim University,123,5,11
Prof                                                                                Mohammed Arif,57820,Department of Civil Engineering,Aligarh Muslim University,579,11,29
Prof                                                                                Mohammad Muzammil,57882,Department of Mechanical Engineering,Aligarh Muslim University,145,5,23
Dr                                                                                Md Asraful Haque,295787,Department of Computer Engineering,Aligarh Muslim University,79,5,18
Prof                                                                                Syed Fahad Anwer,58137,Department of Mechanical Engineering,Aligarh Muslim University,154,7,22
Prof                                                                                Mohammad Ubaidullah Bokhari,57976,Department of Computer Science,Aligarh Muslim University,276,9,8
Mr                                                                                Zuberi Mujib Ullah,36078,Department of Electrical Engineering,Aligarh Muslim University,129,7,9
Dr                                                                                Mohd Rihan,57879,Department of Electrical Engineering,Aligarh Muslim University,120,6,10
Prof                                                                                Rizwan Ahmad Khan,89967,,Aligarh Muslim University,474,8,19
Prof                                                                                Mohammad Sarosh Umar,57857,Department of Computer Engineering,Aligarh Muslim University,80,5,2
Prof                                                                                Akhter Ansari,278239,Department of Mechanical Engineering,Aligarh Muslim University,554,12,22
Dr                                                                                Jamshed Siddiqui,36371,Department of Computer Science,Aligarh Muslim University,338,10,13
Prof                                                                                Anwar Khursheed,57831,Department of Civil Engineering,Aligarh Muslim University,668,10,22
Mr                                                                                Zaidi Sadaf,22145,Department of Chemical Engineering,Aligarh Muslim University,225,8,23
Prof                                                                                Arshad Umar,57829,Department of Civil Engineering,Aligarh Muslim University,195,8,20
Dr                                                                                Mohammad Ajmal Kafeel,278221,Womens Polytechnic,Aligarh Muslim University,11,2,9
Dr                                                                                Asad  Malik,278967,Department of Computer Science,Aligarh Muslim University,154,7,16
Prof                                                                                Baqi Abdul,36038,Department of Civil Engineering,Aligarh Muslim University,105,7,14
Dr                                                                                Hameed Salman,36082,Department of Electrical Engineering,Aligarh Muslim University,314,7,10
Dr                                                                                Farrukh Basheer,280285,Department of Civil Engineering,Aligarh Muslim University,442,11,19
Prof                                                                                Muzzammil Mohammad,36039,Department of Civil Engineering,Aligarh Muslim University,222,8,21
Prof                                                                                Naiem Akhtar,57884,Department of Mechanical Engineering,Aligarh Muslim University,392,10,17
Dr                                                                                Ahmad Syed Akhlaq,22144,Department of Chemical Engineering,Aligarh Muslim University,111,6,12
Prof                                                                                Amjad Masood,57825,Department of Civil Engineering,Aligarh Muslim University,243,7,19
Prof                                                                                Mohammed Ali,57885,Department of Mechanical Engineering,Aligarh Muslim University,184,9,16
Prof                                                                                Alam Mohd Naushad,36148,Department of Mechanical Engineering,Aligarh Muslim University,163,6,15
Dr                                                                                Sidra Khanam,289658,Department of Mechanical Engineering,Aligarh Muslim University,130,5,12
Dr                                                                                Tariq Abu,36080,Department of Electrical Engineering,Aligarh Muslim University,259,8,4
Dr                                                                                Ahmad Yusuf Adhami,281710,Department of Statistics and Operations Research,Aligarh Muslim University,191,8,14
Dr                                                                                MOHD MOONIS ZAHEER,290281,Department of Civil Engineering,Aligarh Muslim University,109,6,12
Dr                                                                                Ayyub Mohd,36076,Department of Electrical Engineering,Aligarh Muslim University,124,7,9
Dr                                                                                Mohd Moonis Zaheer,57898,Department of Civil Engineering,Aligarh Muslim University,109,6,11
Dr                                                                                Asfar Ali Khan,57877,Department of Electrical Engineering,Aligarh Muslim University,75,5,5
Dr                                                                                Rahman Syed Atiqur,36098,Department of Electronics Engineering,Aligarh Muslim University,84,5,5
Prof                                                                                Md Naushad Alam,57887,Department of Mechanical Engineering,Aligarh Muslim University,435,9,15
Dr                                                                                Zaid Mohammad,282408,Civil Engineering,Aligarh Muslim University,91,5,7
Prof                                                                                Shahood Alam Shah,36141,Department of Mechanical Engineering,Aligarh Muslim University,6,2,5
Prof                                                                                Abdus Samad,57908,Womens Polytechnic,Aligarh Muslim University,22,3,1
Dr                                                                                Tamanna Siddiqui,57977,Department of Computer Science,Aligarh Muslim University,34,3,4
Dr                                                                                Hassan Irtaza,57843,Department of Civil Engineering,Aligarh Muslim University,80,4,8
Dr                                                                                Nadeem Khalil,57854,Department of Civil Engineering,Aligarh Muslim University,46,4,14
Dr                                                                                Mirza Mohd Mohsin,57875,Department of Electrical Engineering,Aligarh Muslim University,56,4,4
Prof                                                                                Sarfaraz Ali Ansari,36040,Department of Civil Engineering,Aligarh Muslim University,126,4,8
Dr                                                                                Akhtar Sabih,36045,Department of Civil Engineering,Aligarh Muslim University,55,4,10
Dr                                                                                Parveen Tahira,36095,Department of Electronics Engineering,Aligarh Muslim University,52,3,5
Mr                                                                                M R Abidi,36096,Department of Electronics Engineering,Aligarh Muslim University,67,4,4
Dr                                                                                Hamid Ali,42001,Department of Petroleum Studies,Aligarh Muslim University,53,4,11
Prof                                                                                Tabassum Naqvi,57828,Department of Civil Engineering,Aligarh Muslim University,448,8,11
Dr                                                                                Mujib Ahmad Ansari,57849,Department of Civil Engineering,Aligarh Muslim University,52,4,12
Dr                                                                                NADEEM  KHALIL,278023,Department of Civil Engineering,Aligarh Muslim University,8,2,13
Prof                                                                                Sattar Husain,22140,Department of Chemical Engineering,Aligarh Muslim University,174,7,12
Mr                                                                                Mohd Mohsin,57897,Department of Civil Engineering,Aligarh Muslim University,27,3,9
Dr                                                                                Arshad Husain,57901,Department of Civil Engineering,Aligarh Muslim University,31,3,9
Dr                                                                                Mehboob Anwer Khan,57847,Department of Civil Engineering,Aligarh Muslim University,15,3,8
Dr                                                                                MD AMIR BAIG,278380,Womens Polytechnic,Aligarh Muslim University,7,1,5
Prof                                                                                Raisuddin Ansari,36137,Department of Mechanical Engineering,Aligarh Muslim University,148,5,6
Dr                                                                                Mohammad Athar Ali,57864,Department of Computer Engineering,Aligarh Muslim University,21,3,1
Dr                                                                                Mohd. Mohsin,278632,University Polytechnic,Aligarh Muslim University,31,3,8
Dr                                                                                Faisal Zia Siddqui,57818,Department of Chemical Engineering,Aligarh Muslim University,41,4,6
Dr                                                                                Syed Danish Hasan,57855,Department of Civil Engineering,Aligarh Muslim University,24,3,5
Prof                                                                                Imtiaz Ali Khan,57890,Department of Mechanical Engineering,Aligarh Muslim University,38,3,5
Dr                                                                                Talib Mansoor,36033,Department of Civil Engineering,Aligarh Muslim University,80,4,7
Dr                                                                                Hasan Akhtar Zaidi,57819,Department of Chemical Engineering,Aligarh Muslim University,259,5,6
Dr                                                                                Major Fareed Mahdi,57839,Department of Civil Engineering,Aligarh Muslim University,148,3,7
Prof                                                                                Mirza Mohd Sufyan Beg,278901,Department of Computer Engineering,Aligarh Muslim University,18,2,N/A
Mr                                                                                Mirza shariq Beg,278958,"Mechanical Engineering Section, University polytechnic",Aligarh Muslim University,25,4,3
Prof                                                                                Mohammad Idrees,57817,Department of Architecture,Aligarh Muslim University,15,2,6
Mrs                                                                                Amrah Maryam,279500,Womens Polytechnic,Aligarh Muslim University,8,2,N/A
Dr                                                                                Sheeba Jilani,22149,Department of Chemical Engineering,Aligarh Muslim University,205,5,5
Prof                                                                                Tazyeen Ahmad,57833,Department of Civil Engineering,Aligarh Muslim University,22,3,5
Mr                                                                                Misbahur Rahman Warsi,57862,Department of Computer Engineering,Aligarh Muslim University,3,1,N/A
Dr                                                                                Anis Afzal,57902,Department of Electrical Engineering,Aligarh Muslim University,55,3,2
Ms                                                                                Juhi  Faridi,278108,Womens Polytechnic,Aligarh Muslim University,3,1,2
Mr                                                                                Misbah Siddiqui,278159,Womens Polytechnic,Aligarh Muslim University,1,1,1
Mrs                                                                                Syeda Shira Moin,278231,Computer Engineering,Aligarh Muslim University,N/A,N/A,N/A
Dr                                                                                Malik Shoeb Ahmad,36047,Department of Civil Engineering,Aligarh Muslim University,9,3,3
Mr                                                                                Syed Javed Ahmad Rizvi,48939,Department of Petroleum Studies,Aligarh Muslim University,65,3,3
Prof                                                                                Shahnaz Hasan,57910,Department of Electronics Engineering,Aligarh Muslim University,14,2,N/A
Dr                                                                                FARHAN AHMAD SHAMIM,278120,Department of Mechanical Engineering,Aligarh Muslim University,31,2,2
Prof                                                                                Naseem Ahmad Khan,22143,Department of Chemical Engineering,Aligarh Muslim University,68,2,2
Ms                                                                                Atifa Aqueel,374333,Womens Polytechnic,Aligarh Muslim University,1,N/A,N/A
Prof                                                                                Mohammed Abdul Hakeem,22141,Department of Chemical Engineering,Aligarh Muslim University,5,1,1
Prof                                                                                Mohd Shamsuddin Jafri,57837,Department of Civil Engineering,Aligarh Muslim University,8,1,1
Dr                                                                                Mohd Ahmadullah Farooqi,57856,Department of Civil Engineering,Aligarh Muslim University,N/A,N/A,1
Mr                                                                                Azhar Jameel,57895,Department of Civil Engineering,Aligarh Muslim University,6,1,1
Mrs                                                                                Hina Nawaz,279760,University Women's Polytechnic,Aligarh Muslim University,N/A,N/A,1
Ale Imran,280595,,Aligarh Muslim University,33,1,1
Dr                                                                                Mohd Junaid Khalil,22146,Department of Chemical Engineering,Aligarh Muslim University,N/A,N/A,N/A
Dr                                                                                Badrul Hasan Khan,29678,Department of Electrical Engineering,Aligarh Muslim University,N/A,N/A,N/A
Prof                                                                                Ahmad Shakeel,36042,Department of Civil Engineering,Aligarh Muslim University,N/A,N/A,N/A
Prof                                                                                Athar Mohd,36043,Department of Civil Engineering,Aligarh Muslim University,N/A,N/A,N/A
Mr                                                                                Ahmad Zafar,36079,Department of Electrical Engineering,Aligarh Muslim University,N/A,N/A,N/A
Dr                                                                                Mohd Javed Siddiqui,36097,Department of Electronics Engineering,Aligarh Muslim University,N/A,N/A,N/A
Prof                                                                                Mohd Hasan,36099,Department of Electronics Engineering,Aligarh Muslim University,N/A,N/A,N/A
Dr                                                                                Alam Shah,36102,Department of Electronics Engineering,Aligarh Muslim University,N/A,N/A,N/A
Dr                                                                                M Arif Siddiqui,36133,Department of Mechanical Engineering,Aligarh Muslim University,N/A,N/A,N/A
Prof                                                                                Hafiz Adnan,36147,Department of Mechanical Engineering,Aligarh Muslim University,N/A,N/A,N/A
Prof                                                                                Ahmad M Jamil,36149,Department of Mechanical Engineering,Aligarh Muslim University,N/A,N/A,N/A
Ms                                                                                Priti Bala,36369,Department of Computer Science,Aligarh Muslim University,N/A,N/A,N/A
Prof                                                                                Mazhar Ali Qazi,36466,Department of Statistics and Operations Research,Aligarh Muslim University,N/A,N/A,N/A
Mr                                                                                Zafar Ahmad,42434,Department of Electrical Engineering,Aligarh Muslim University,N/A,N/A,N/A
Prof                                                                                Mohd Mahmood Ashhar,57823,Department of Civil Engineering,Aligarh Muslim University,N/A,N/A,N/A
Dr                                                                                Iqbal Khaleel Khan,57852,Department of Civil Engineering,Aligarh Muslim University,N/A,N/A,N/A
Dr                                                                                Shujaat Yar Khan,57903,Department of Mechanical Engineering,Aligarh Muslim University,N/A,N/A,N/A
Dr                                                                                Salma Shaheen,57906,Womens Polytechnic,Aligarh Muslim University,N/A,N/A,N/A
Mr                                                                                Saliesh Maheshwari,57979,Department of Computer Science,Aligarh Muslim University,N/A,N/A,N/A
Dr                                                                                Sajjad Arif,277923,Department of Mechanical Engineering,Aligarh Muslim University,N/A,N/A,N/A
Ms                                                                                Yusra Meraj,278391,Womens Polytechnic,Aligarh Muslim University,N/A,N/A,N/A
Dr                                                                                Mohammad  Kafi,278617,University Polytechnic,Aligarh Muslim University,N/A,N/A,N/A
Mr                                                                                Arshad Husain,279524,University Polytechnic,Aligarh Muslim University,N/A,N/A,N/A
Prof                                                                                Prof. Aasim  Zafar,494461,Department of Computer Science,Aligarh Muslim University,N/A,N/A,N/A
