Name,Vidwan ID,Department,College,Total Citations,H Index,Journal Articles
Dr                                                                                T S Keshav Prasad,165002,Yenepoya Research Centre (YRC),Yenepoya University,12574,43,377
Dr                                                                                Laxmikanth Chatra,164989,Oral Medicine and Radiology (YDC),Yenepoya University,257,9,137
Dr                                                                                Mohammed Gulzar Ahmed,165022,Yenepoya Pharmacy College and Research Centre (YPCRC),Yenepoya University,543,13,137
Dr                                                                                Arun Bhagwath,164999,"Yenepoya Institute of Arts, Science, Commerce and Management (YIASCM)",Yenepoya University,3714,30,142
Prof                                                                                Asir  John Samuel,308141,Yenepoya Physiotherapy College (YPC),Yenepoya University,247,7,118
Dr                                                                                Sham S Bhat,165020,Pediatric and Preventive Dentistry,Yenepoya University,354,10,124
Dr                                                                                Saji Uthaman,535651,Yenepoya Research Centre (YRC),Yenepoya University,2225,29,82
Dr                                                                                Sundeep Hegde K,164993,Pediatric and Preventive Dentistry,Yenepoya University,164,7,103
Dr                                                                                Bhagwan REKADWAD,102684,Yenepoya Research Centre (YRC),Yenepoya University,122,7,11
Dr                                                                                Niyaz Panakaje,221075,"Yenepoya Institute of Arts, Science, Commerce and Management (YIASCM)",Yenepoya University,12,1,73
Dr                                                                                Rajesh Raju,231740,Yenepoya Research Centre (YRC),Yenepoya University,6280,24,63
Dr                                                                                Yashodhar Bhandary,164967,Yenepoya Research Centre (YRC),Yenepoya University,239,8,59
Dr                                                                                Sudhakara Prasad Kariate,156482,Yenepoya Research Centre (YRC),Yenepoya University,849,12,41
Dr                                                                                Malcolm Pinto,177318,Dermatology (YMC),Yenepoya University,15,3,37
Dr                                                                                Sharan S Sargod,164982,Pediatric and Preventive Dentistry,Yenepoya University,65,6,44
Dr                                                                                Leena K C,164904,Yenepoya Nursing College (YNC),Yenepoya University,16,2,42
Dr                                                                                Jagadish Chandra H,165003,Oral and Maxillofacial Surgery (YDC),Yenepoya University,10,2,44
Dr                                                                                Prashant Kumar Modi,164933,Yenepoya Research Centre (YRC),Yenepoya University,480,13,39
Dr                                                                                Rashmi Jain,153618,Ophthalmology (YMC),Yenepoya University,188,3,37
Dr                                                                                Rajesh P Shastry,164926,Yenepoya Research Centre (YRC),Yenepoya University,193,8,31
Dr                                                                                Bipasha Bose,164851,Yenepoya Research Centre (YRC),Yenepoya University,318,9,28
Dr                                                                                Priya Reshma Aranha,164870,Yenepoya Nursing College (YNC),Yenepoya University,3,1,38
Dr                                                                                Mallikarjuna R,164948,,Yenepoya University,72,5,33
Dr                                                                                Spandana P Hegde,177351,Dermatology (YMC),Yenepoya University,27,2,32
Dr                                                                                Bhagya N,164844,Yenepoya Research Centre (YRC),Yenepoya University,30,2,26
Dr                                                                                Renjith P Johson,164937,Yenepoya Research Centre (YRC),Yenepoya University,123,4,25
Dr                                                                                Prathima Shetty,164850,Oral Medicine and Radiology (YDC),Yenepoya University,115,3,18
Mr                                                                                Sannet Thomas,166527,"Yenepoya (Deemed to be University), Bengaluru Campus",Yenepoya University,N/A,N/A,31
Dr                                                                                Akshaya K M,283702,Community Medicine (YMC),Yenepoya University,11,3,34
Ms                                                                                Soumya Narayana,353642,Yenepoya Pharmacy College and Research Centre (YPCRC),Yenepoya University,N/A,N/A,11
Dr                                                                                Uma Kulkarni,164907,Ophthalmology (YMC),Yenepoya University,108,5,26
Mr                                                                                Hemaraja Nayaka,198402,Audiology & Speech Language pathology,Yenepoya University,N/A,N/A,10
Dr                                                                                Mithun K,493879,Orthodontics (YDC),Yenepoya University,10,2,27
Dr                                                                                Vina Vaswani,164887,Forensic Medicine and Toxicology (YMC),Yenepoya University,122,3,22
Dr                                                                                Jeevan Pereira,199855,Orthopaedic (YMC),Yenepoya University,14915,18,25
Dr                                                                                Saptami Kanekar,505668,Yenepoya Research Centre (YRC),Yenepoya University,48,3,25
Mr                                                                                Sourav Mohanto,353035,Yenepoya Pharmacy College and Research Centre (YPCRC),Yenepoya University,49,2,11
Dr                                                                                Arnab Datta,164930,Yenepoya Research Centre (YRC),Yenepoya University,886,13,19
Dr                                                                                Vinayakrishna Kolari,164971,Oral and Maxillofacial Surgery (YDC),Yenepoya University,6,1,21
Dr                                                                                Pradeep Kumar K,199950,Yenepoya Ayurveda Medical College and Hospital (YAMCH),Yenepoya University,N/A,N/A,17
Dr                                                                                Mamatha Kunder,136443,Yenepoya School of Allied Health Sciences,Yenepoya University,45,3,19
Dr                                                                                Ajay Rao H T,164985,Pediatric and Preventive Dentistry,Yenepoya University,N/A,N/A,19
Dr                                                                                Ravichandra Karkal,196219,Psychiatry (YMC),Yenepoya University,68,4,19
Dr                                                                                Swaroop	 Raj B.V.,497317,Pathology (YMC),Yenepoya University,N/A,N/A,19
Dr                                                                                Imaad Mohammed Ismail,164962,Community Medicine (YMC),Yenepoya University,N/A,N/A,19
Dr                                                                                Shenoy Shailesh Ramdas,164983,Pediatric and Preventive Dentistry,Yenepoya University,1,1,16
Ms                                                                                AMREEN TAJ,349152,,Yenepoya University,N/A,N/A,8
Dr                                                                                Hashim  Achummantakath,496621,Forensic Medicine and Toxicology (YMC),Yenepoya University,20,3,12
Dr                                                                                Javed Jamil,196189,Centres (YDC),Yenepoya University,1,1,3
Dr                                                                                Mamatha Kumar,164886,Centres (YDC),Yenepoya University,N/A,N/A,4
Dr                                                                                Jayaprakash K,164945,Dental Materials (YDC),Yenepoya University,7,1,12
Dr                                                                                M H Shariff,164972,Pathology (YMC),Yenepoya University,N/A,N/A,16
Dr                                                                                Darshan J C,353322,Yenepoya Pharmacy College and Research Centre (YPCRC),Yenepoya University,N/A,N/A,12
Mr                                                                                Srikanth Nayak,468355,Audiology and Speech Language Pathology (YMC),Yenepoya University,20,3,12
Dr                                                                                Soujanya K,164823,Ophthalmology (YMC),Yenepoya University,150,3,8
Dr                                                                                Vijaya Kumar,164956,Periodontics (YDC),Yenepoya University,43,3,15
Dr                                                                                Pradeep Kumar,165015,,Yenepoya University,18,2,15
Dr                                                                                Mohammad Aleemuddin,393254,Conservative Dentistry (YDC),Yenepoya University,N/A,N/A,6
Mr                                                                                Gireesh Gr,164966,Yenepoya Nursing College (YNC),Yenepoya University,1,1,14
Dr                                                                                Altaf Khan,506381,Urology (YMC),Yenepoya University,35,4,13
Mrs                                                                                Sharin Neetal D'Souza,164894,Yenepoya Nursing College (YNC),Yenepoya University,3,1,11
Dr                                                                                Junaid,164951,Public Health Dentistry (YDC),Yenepoya University,N/A,N/A,10
Dr                                                                                Hari Kishore Bhat,164960,Oral and Maxillofacial Surgery (YDC),Yenepoya University,16,3,12
Dr                                                                                Dilshad  Umar,528001,Orthodontics (YDC),Yenepoya University,N/A,N/A,13
Dr                                                                                Pooja Harish,164891,Orthodontics (YDC),Yenepoya University,N/A,N/A,9
Mrs                                                                                Hezil Reema Barboza,164892,Yenepoya Nursing College (YNC),Yenepoya University,1,1,12
Dr                                                                                K. Raksha Ballal,164902,Pediatric and Preventive Dentistry,Yenepoya University,N/A,N/A,12
Mr                                                                                Mahammad Shahid,196033,"Yenepoya Institute of Arts, Science, Commerce and Management (YIASCM)",Yenepoya University,N/A,N/A,11
Dr                                                                                Rajas M Rao,494040,Yenepoya Research Centre (YRC),Yenepoya University,37,3,9
Dr                                                                                Haziel Diana Jenifer,164829,Periodontics (YDC),Yenepoya University,27,2,11
Dr                                                                                Afreen Shabbir,164830,Pediatric and Preventive Dentistry,Yenepoya University,12,2,11
Mrs                                                                                Janet Prima Miranda,164878,Yenepoya Nursing College (YNC),Yenepoya University,N/A,N/A,7
Dr                                                                                Anu Babu,164880,Oral Medicine and Radiology (YDC),Yenepoya University,N/A,N/A,11
Dr                                                                                Reshma Suvarna,164903,Pediatric and Preventive Dentistry,Yenepoya University,N/A,N/A,11
Dr                                                                                Muhammad Nasir Ahmad,177323,Forensic Medicine and Toxicology (YMC),Yenepoya University,13,2,4
Dr                                                                                Ismail B,199932,YDU Departments/Centre,Yenepoya University,54,4,11
Mr                                                                                Sourav Mohanto,235454,Yenepoya Pharmacy College and Research Centre (YPCRC),Yenepoya University,9,1,5
Mr                                                                                Ajith K,456006,Yenepoya Naturopathy and Yogic Science College & Hospital,Yenepoya University,N/A,N/A,8
Mrs                                                                                Nigat Fathima P A,164863,Yenepoya Physiotherapy College (YPC),Yenepoya University,N/A,N/A,10
Dr                                                                                Kurian Poruthukaren,414225,Yenepoya Homeopathic Medical College and Hospital (YHMCH),Yenepoya University,N/A,N/A,8
Dr                                                                                Ramya	 A,518274,Oral and Maxillofacial Surgery (YDC),Yenepoya University,N/A,N/A,6
Dr                                                                                K. S. Ali,164979,Centres (YDC),Yenepoya University,N/A,N/A,5
Ms                                                                                Ashwitha H Gamsa,221165,,Yenepoya University,N/A,N/A,N/A
Dr                                                                                Zenica DSouza,287689,Yenepoya Ayurveda Medical College and Hospital (YAMCH),Yenepoya University,N/A,N/A,8
Dr                                                                                Harsha  S,493850,Community Medicine (YMC),Yenepoya University,1,1,9
Dr                                                                                Sowmya Rao,164856,Dental Materials (YDC),Yenepoya University,N/A,N/A,5
Dr                                                                                Umme Amarah,164882,Oral Medicine and Radiology (YDC),Yenepoya University,N/A,N/A,6
Dr                                                                                Fahad Mohammad,164928,Prosthodontics (YDC),Yenepoya University,N/A,N/A,8
Dr                                                                                Shubhankar Adhikari,164943,Community Medicine (YMC),Yenepoya University,N/A,N/A,8
Dr                                                                                Kalpana  Balasubramaniam,177316,Physiology (YMC),Yenepoya University,N/A,N/A,7
Dr                                                                                Shwetha Prabhu,265043,Audiology and Speech Language Pathology (YMC),Yenepoya University,N/A,N/A,8
Dr                                                                                Nandish BT,524047,,Yenepoya University,N/A,N/A,8
Mr                                                                                Ajaikumar S,308077,Surgical Oncology (YMC),Yenepoya University,17,2,5
Mrs                                                                                Adrija Bhunia,353369,Yenepoya Pharmacy College and Research Centre (YPCRC),Yenepoya University,40,1,2
Mr                                                                                Subin Raj R,388425,Yenepoya Nursing College (YNC),Yenepoya University,129,N/A,4
Dr                                                                                Navya N,164846,Hospital Administration (YMC),Yenepoya University,N/A,N/A,6
Dr                                                                                Navya N,287744,Community Medicine (YMC),Yenepoya University,N/A,N/A,6
Dr                                                                                Shakil M,393221,Oral Pathology (YDC),Yenepoya University,39,2,6
Mrs                                                                                Savitha Naik,164845,Yenepoya Nursing College (YNC),Yenepoya University,N/A,N/A,5
Dr                                                                                Ajay Bhat U,199913,Yenepoya Ayurveda Medical College and Hospital (YAMCH),Yenepoya University,N/A,N/A,5
