Name,Vidwan ID,Department,College,Total Citations,H Index,Journal Articles
Prof                                                                                Sahab Dass Kaura,59152,Department of Chemistry,Dayalbagh Educational Institute,3718,35,205
Prof                                                                                Rahul Swarup Sharma,139230,Department of Mechanical Engineering,Dayalbagh Educational Institute,124,6,56
Prof                                                                                D K Chaturvedi,139175,Department of Electrical Engineering,Dayalbagh Educational Institute,377,5,69
Dr                                                                                Rajeev Kumar Chauhan,158800,Department of Electrical Engineering,Dayalbagh Educational Institute,317,12,27
Dr                                                                                Birpal Singh Thenua,334386,Department of Sociology and Political Science,Dayalbagh Educational Institute,N/A,N/A,47
Mr                                                                                B. P. Singh,171218,Central Library,Dayalbagh Educational Institute,1,N/A,18
Dr                                                                                Ankit Sahai,175881,Department of Mechanical Engineering,Dayalbagh Educational Institute,126,6,24
Prof                                                                                Patvardhan Chellapilla,158810,Department of Electrical Engineering,Dayalbagh Educational Institute,98,5,19
Dr                                                                                Achanta Charan Kumari,378667,Department of Electrical Engineering,Dayalbagh Educational Institute,296,10,20
Mr                                                                                Akash Jain,327204,B.Voc. Digital Manufacturing,Dayalbagh Educational Institute,14,3,17
Prof                                                                                Bhagwan Das Devulapalli,139238,Department of Electrical Engineering,Dayalbagh Educational Institute,95,4,19
Dr                                                                                Gurumukh Das,167480,Department of Mechanical Engineering,Dayalbagh Educational Institute,4,1,16
Dr                                                                                Sona Ahuja,175637,Department of Foundations of Education,Dayalbagh Educational Institute,N/A,N/A,16
Prof                                                                                Sandeep Paul,262716,Department of Physics and Computer Science,Dayalbagh Educational Institute,225,6,6
Prof                                                                                Saileshbabu G S,158809,Department of Electrical Engineering,Dayalbagh Educational Institute,95,4,8
Prof                                                                                Hans Raj Kandikonda,173776,Department of Mechanical Engineering,Dayalbagh Educational Institute,41,4,12
Dr                                                                                Nivedita Sharma,159094,Department of Civil Engineering,Dayalbagh Educational Institute,32,3,8
Prof                                                                                Sailesh Babu G S,139176,Department of Electrical Engineering,Dayalbagh Educational Institute,95,4,4
Mr                                                                                Devesh Jaysawal,139444,Department of Civil Engineering,Dayalbagh Educational Institute,N/A,N/A,7
Dr                                                                                Purnima Bhatnagar,178306,Department of Management,Dayalbagh Educational Institute,N/A,N/A,3
Dr                                                                                Mange Ram,92281,Central Library,Dayalbagh Educational Institute,N/A,N/A,1
Prof                                                                                Ajay Kumar Saxena,139171,Department of Electrical Engineering,Dayalbagh Educational Institute,1,N/A,2
Prof                                                                                Laxmi Narayan Koli,176167,Department of Accountancy and Law,Dayalbagh Educational Institute,N/A,N/A,1
Dr                                                                                Amit Gautam,194460,Department of Foundations of Education,Dayalbagh Educational Institute,N/A,N/A,N/A
Dr                                                                                Ravinder Kumar,22714,Department of Mathematics,Dayalbagh Educational Institute,N/A,N/A,N/A
Prof                                                                                Sant Prakash,23594,Department of Zoology,Dayalbagh Educational Institute,N/A,N/A,N/A
Prof                                                                                Poornima Jain,24287,Department of Sociology and Political Science,Dayalbagh Educational Institute,N/A,N/A,N/A
Dr                                                                                Pramod Kumar,26093,Department of Accountancy and Law,Dayalbagh Educational Institute,N/A,N/A,N/A
Prof                                                                                Ira Das,30838,Department of Psychology,Dayalbagh Educational Institute,N/A,N/A,N/A
Dr                                                                                Kshema Prakash,37999,Department of Library,Dayalbagh Educational Institute,N/A,N/A,N/A
Prof                                                                                Sanjeev Swami,42441,Department of Management,Dayalbagh Educational Institute,N/A,N/A,N/A
Prof                                                                                Shiv Kumar Sharma,42442,Department of Management,Dayalbagh Educational Institute,N/A,N/A,N/A
Dr                                                                                Shalini Nigam,42443,Department of Management,Dayalbagh Educational Institute,N/A,N/A,N/A
Dr                                                                                Santi Swarup Kandikonda,42444,Department of Management,Dayalbagh Educational Institute,N/A,N/A,N/A
Prof                                                                                Anand Mohan,42933,Department of Electrical Engineering,Dayalbagh Educational Institute,N/A,N/A,N/A
Mr                                                                                Vijay Kumar Gangal,43377,Department of Economics,Dayalbagh Educational Institute,N/A,N/A,N/A
Prof                                                                                Surat Kumar,43918,Department of Chemistry,Dayalbagh Educational Institute,N/A,N/A,N/A
Prof                                                                                Ravi Sidhu,44059,Department of Home Science,Dayalbagh Educational Institute,N/A,N/A,N/A
Prof                                                                                Sukhdev Roy,44320,Department of Physics and Computer Science,Dayalbagh Educational Institute,N/A,N/A,N/A
Dr                                                                                Vibha Rani Satsangi,44323,Department of Physics and Computer Science,Dayalbagh Educational Institute,N/A,N/A,N/A
Dr                                                                                Gufran Ahmad,139179,Department of Electrical Engineering,Dayalbagh Educational Institute,N/A,N/A,N/A
Mr                                                                                Velide Srinath,139204,Department of Electrical Engineering,Dayalbagh Educational Institute,N/A,N/A,N/A
Dr                                                                                Subho Upadhyay,139212,Department of Electrical Engineering,Dayalbagh Educational Institute,N/A,N/A,N/A
Prof                                                                                Prem Pyara,139243,Department of Electrical Engineering,Dayalbagh Educational Institute,N/A,N/A,N/A
Dr                                                                                Gaurav Pratap Rana,139436,Department of Electrical Engineering,Dayalbagh Educational Institute,N/A,N/A,N/A
Prof                                                                                V Soamidas,139446,Department of Civil Engineering,Dayalbagh Educational Institute,N/A,N/A,N/A
Mr                                                                                Ishant Singhal,139478,Department of Civil Engineering,Dayalbagh Educational Institute,N/A,N/A,N/A
Mr                                                                                Randeep Lohra,139497,Department of Civil Engineering,Dayalbagh Educational Institute,N/A,N/A,N/A
Mr                                                                                Jinshad Uppukoden,139517,Department of Civil Engineering,Dayalbagh Educational Institute,N/A,N/A,N/A
Prof                                                                                Sant Gaur,139557,Department of Mechanical Engineering,Dayalbagh Educational Institute,N/A,N/A,N/A
Prof                                                                                Man Mohan,158811,Department of Electrical Engineering,Dayalbagh Educational Institute,N/A,N/A,N/A
Mr                                                                                Mohd Sharique Ahmad Ahmad,158814,Department of Civil Engineering,Dayalbagh Educational Institute,N/A,N/A,N/A
Mrs                                                                                Krishma Yadav,158816,Department of Electrical Engineering,Dayalbagh Educational Institute,N/A,N/A,N/A
Prof                                                                                Faisal K M,158819,Department of Civil Engineering,Dayalbagh Educational Institute,N/A,N/A,N/A
Mr                                                                                Pravindra Singh Bhan,158821,Department of Civil Engineering,Dayalbagh Educational Institute,N/A,N/A,N/A
Dr                                                                                Kasturi Pritam Satsangi,158849,Department of Electrical Engineering,Dayalbagh Educational Institute,N/A,N/A,N/A
Mr                                                                                Bhupesh Kumar,158850,Department of Mechanical Engineering,Dayalbagh Educational Institute,N/A,N/A,N/A
Dr                                                                                Aditya Sharma,158851,Department of Mechanical Engineering,Dayalbagh Educational Institute,N/A,N/A,N/A
Mr                                                                                Kumar Ratnakar,158877,Department of Electrical Engineering,Dayalbagh Educational Institute,N/A,N/A,N/A
Dr                                                                                Ashok Yadav,159006,Department of Mechanical Engineering,Dayalbagh Educational Institute,N/A,N/A,N/A
Dr                                                                                V Prem Prakash,159097,Department of Electrical Engineering,Dayalbagh Educational Institute,N/A,N/A,N/A
Dr                                                                                Prem Sewak Sudhish,175601,Department of Physics and Computer Science,Dayalbagh Educational Institute,N/A,N/A,N/A
Dr                                                                                Surjeet Nagpal,175604,Department of Foundations of Education,Dayalbagh Educational Institute,N/A,N/A,N/A
Dr                                                                                Anita Lakhani,175616,Department of Chemistry,Dayalbagh Educational Institute,N/A,N/A,N/A
Dr                                                                                Nandini Raghuvanshi,175642,Department of Sanskrit,Dayalbagh Educational Institute,N/A,N/A,N/A
Dr                                                                                Rubina Saxena,175733,Department of Sanskrit,Dayalbagh Educational Institute,N/A,N/A,N/A
Dr                                                                                Sumita Dahiya,175885,Department of Mathematics,Dayalbagh Educational Institute,N/A,N/A,N/A
Dr                                                                                Sonali Bhatnagar,176146,Department of Physics and Computer Science,Dayalbagh Educational Institute,N/A,N/A,N/A
Prof                                                                                Swami Saxena,176289,Department of Economics,Dayalbagh Educational Institute,N/A,N/A,N/A
Dr                                                                                Vuppulury Soamidas,177777,Department of Mechanical Engineering,Dayalbagh Educational Institute,N/A,N/A,N/A
Dr                                                                                Ajay Kumar,196766,Department of Botany,Dayalbagh Educational Institute,N/A,N/A,N/A
Dr                                                                                Vikas Vishwakarma,216320,Department of Botany,Dayalbagh Educational Institute,N/A,N/A,N/A
Dr                                                                                Debaditya Chakraborty,260029,Department of Botany,Dayalbagh Educational Institute,N/A,N/A,N/A
Dr                                                                                Ranjit Kumar,265404,Department of Chemistry,Dayalbagh Educational Institute,N/A,N/A,N/A
Dr                                                                                Charu Swami,326453,Department of Home Science,Dayalbagh Educational Institute,N/A,N/A,N/A
Prof                                                                                Meenu Singh,326560,Department of Psychology,Dayalbagh Educational Institute,N/A,N/A,N/A
Dr                                                                                Shalini Verma,326599,Department of Foundations of Education,Dayalbagh Educational Institute,N/A,N/A,N/A
Dr                                                                                Anjitha Krishna P R,326602,Department of Agricultural Engineering,Dayalbagh Educational Institute,N/A,N/A,N/A
Dr                                                                                Sudhir Kumar Verma,326709,Department of Chemistry,Dayalbagh Educational Institute,N/A,N/A,N/A
Dr                                                                                Neetu Singh,326740,Department of Psychology,Dayalbagh Educational Institute,N/A,N/A,N/A
Dr                                                                                Saurabh Mani,334336,Department of Economics,Dayalbagh Educational Institute,N/A,N/A,N/A
Dr                                                                                Rachna Yadav,334513,Department of Sociology and Political Science,Dayalbagh Educational Institute,N/A,N/A,N/A
Dr                                                                                Sharmita Gupta,335079,Department of Botany,Dayalbagh Educational Institute,N/A,N/A,N/A
Dr                                                                                Anjana Verma,335096,Department of Foundations of Education,Dayalbagh Educational Institute,N/A,N/A,N/A
Prof                                                                                Kamaljeet Sandhu,337355,Department of Psychology,Dayalbagh Educational Institute,N/A,N/A,N/A
Dr                                                                                Lalit Mohan,339836,Department of Zoology,Dayalbagh Educational Institute,N/A,N/A,N/A
Prof                                                                                Nandita Satsangee,339980,Department of Foundations of Education,Dayalbagh Educational Institute,N/A,N/A,N/A
Dr                                                                                Ankit Saxena,481715,Department of Accountancy and Law,Dayalbagh Educational Institute,N/A,N/A,N/A
Dr                                                                                Rachna  Yadav,502219,Department of Sociology and Political science,Dayalbagh Educational Institute,N/A,N/A,N/A
