Name,Vidwan ID,Department,College,Total Citations,H Index,Journal Articles
Prof                                                                                Sukhpal Singh,61368,Agriculture,"Indian Institute of Management, Ahmedabad",514,9,44
Prof                                                                                Bharat Bhasker,56268,Information Systems,"Indian Institute of Management, Ahmedabad",517,10,52
Prof                                                                                Debjit Roy,102116,Production and Quantitative Methods,"Indian Institute of Management, Ahmedabad",1342,23,55
Prof                                                                                Amit Garg,55906,Public Systems,"Indian Institute of Management, Ahmedabad",1765,24,57
Prof                                                                                Ankur Sinha,61356,Production and Quantitative Methods,"Indian Institute of Management, Ahmedabad",2055,25,28
Prof                                                                                Ernesto Noronha,61429,Organizational Behaviour,"Indian Institute of Management, Ahmedabad",696,14,39
Prof                                                                                Subhadip Roy,102076,Marketing,"Indian Institute of Management, Ahmedabad",592,16,49
Prof                                                                                Neharika Vohra,102111,Organizational Behaviour,"Indian Institute of Management, Ahmedabad",3174,15,40
Prof                                                                                Anindya Chakrabarti,55889,Economics,"Indian Institute of Management, Ahmedabad",304,8,43
Prof                                                                                Reetika Khera,102070,Economics,"Indian Institute of Management, Ahmedabad",1112,16,25
Prof                                                                                Goutam Dutta,55903,Production and Quantitative Methods,"Indian Institute of Management, Ahmedabad",378,9,35
Prof                                                                                Arnab Kumar Laha,55938,Production and Quantitative Methods,"Indian Institute of Management, Ahmedabad",142,7,28
Prof                                                                                Vishal Gupta,55913,,"Indian Institute of Management, Ahmedabad",428,11,25
Prof                                                                                Arvind Sahay,102102,Marketing,"Indian Institute of Management, Ahmedabad",1306,10,25
Prof                                                                                Rajesh Chandwani,61351,Human Resource Management,"Indian Institute of Management, Ahmedabad",368,10,18
Prof                                                                                Amit Karna,55926,Business Policy,"Indian Institute of Management, Ahmedabad",342,8,19
Prof                                                                                Chirantan Chatterjee,102074,Business Policy,"Indian Institute of Management, Ahmedabad",228,7,24
Prof                                                                                Manjari Singh,102089,Human Resource Management,"Indian Institute of Management, Ahmedabad",353,9,21
Prof                                                                                Vasant P Gandhi,55905,Agriculture,"Indian Institute of Management, Ahmedabad",179,8,13
Prof                                                                                Diptesh Ghosh,55908,Production and Quantitative Methods,"Indian Institute of Management, Ahmedabad",421,10,23
Prof                                                                                Sanket Mohapatra,55945,Economics,"Indian Institute of Management, Ahmedabad",191,7,17
Prof                                                                                Kathan Shukla,61361,Education,"Indian Institute of Management, Ahmedabad",344,9,21
Prof                                                                                Vijaya Sherry Chand,102073,Education,"Indian Institute of Management, Ahmedabad",189,7,18
Prof                                                                                Rakesh Basant,55879,Economics,"Indian Institute of Management, Ahmedabad",333,8,15
Prof                                                                                Rama Mohana R Turaga,102071,Public Systems,"Indian Institute of Management, Ahmedabad",455,10,15
Prof                                                                                Devasmita Chakraverty,102114,Education,"Indian Institute of Management, Ahmedabad",312,9,22
Prof                                                                                Joshy Jacob,55918,Finance and Accounting,"Indian Institute of Management, Ahmedabad",130,5,18
Prof                                                                                Sundaravalli Narayanaswami,61354,Public Systems,"Indian Institute of Management, Ahmedabad",126,4,13
Prof                                                                                Ranjan Kumar Ghosh,102075,Agriculture,"Indian Institute of Management, Ahmedabad",223,9,18
Prof                                                                                Vijay Paul Sharma,102096,Agriculture,"Indian Institute of Management, Ahmedabad",168,8,16
Prof                                                                                Abhiman Das,55894,Economics,"Indian Institute of Management, Ahmedabad",602,7,18
Prof                                                                                Jayanth R Varma,102078,Finance and Accounting,"Indian Institute of Management, Ahmedabad",116,4,17
Prof                                                                                Premilla D'Cruz,55892,Organizational Behaviour,"Indian Institute of Management, Ahmedabad",121,8,14
Prof                                                                                Anand Kumar Jaiswal,55921,Marketing,"Indian Institute of Management, Ahmedabad",355,10,18
Prof                                                                                Ankur Sarin,102105,Public Systems,"Indian Institute of Management, Ahmedabad",234,7,15
Prof                                                                                Chinmay Tumbe,61360,Economics,"Indian Institute of Management, Ahmedabad",63,5,11
Prof                                                                                Rajnish Rai,102079,Public Systems,"Indian Institute of Management, Ahmedabad",188,6,16
Prof                                                                                Sourav Borah,102086,Marketing,"Indian Institute of Management, Ahmedabad",437,9,17
Prof                                                                                Sandip Chakrabarti,102100,Public Systems,"Indian Institute of Management, Ahmedabad",205,7,16
Prof                                                                                Sunil  Sharma,102080,Business Policy,"Indian Institute of Management, Ahmedabad",85,6,16
Prof                                                                                M P Ram Mohan,102095,Business Policy,"Indian Institute of Management, Ahmedabad",39,4,13
Prof                                                                                Naveen Amblee,102108,Marketing,"Indian Institute of Management, Ahmedabad",579,8,10
Prof                                                                                Hari K Nagarajan,102112,Agriculture,"Indian Institute of Management, Ahmedabad",257,7,17
Prof                                                                                Tarun Jain,102115,Economics,"Indian Institute of Management, Ahmedabad",184,6,15
Prof                                                                                Errol D'Souza,55891,Economics,"Indian Institute of Management, Ahmedabad",32,3,10
Prof                                                                                George Kandathil,55907,Organizational Behaviour,"Indian Institute of Management, Ahmedabad",113,6,8
Prof                                                                                Sachin Jayaswal,55924,Production and Quantitative Methods,"Indian Institute of Management, Ahmedabad",247,7,16
Prof                                                                                Asha Kaul,55931,Communications,"Indian Institute of Management, Ahmedabad",30,3,9
Prof                                                                                Srikumar Krishnamoorthy,55935,Information Systems,"Indian Institute of Management, Ahmedabad",406,8,9
Prof                                                                                Ajeet Narain Mathur,55940,Business Policy,"Indian Institute of Management, Ahmedabad",5,2,16
Prof                                                                                Swanand Deodhar,102067,Information Systems,"Indian Institute of Management, Ahmedabad",44,3,10
Prof                                                                                Biju Varkkey,102097,Human Resource Management,"Indian Institute of Management, Ahmedabad",209,4,15
Prof                                                                                Arindam Banerjee,55872,Marketing,"Indian Institute of Management, Ahmedabad",273,6,11
Prof                                                                                Sunil Maheshwari,61352,Human Resource Management,"Indian Institute of Management, Ahmedabad",109,7,14
Prof                                                                                T T Ram Mohan,102101,Finance and Accounting,"Indian Institute of Management, Ahmedabad",9,2,9
Prof                                                                                Sobhesh Kumar Agarwalla,55867,Finance and Accounting,"Indian Institute of Management, Ahmedabad",101,5,13
Prof                                                                                Viswanath Pingali,102098,Economics,"Indian Institute of Management, Ahmedabad",75,5,12
Prof                                                                                Naman Desai,55897,Finance and Accounting,"Indian Institute of Management, Ahmedabad",158,5,10
Prof                                                                                Apratim Guha,55909,Production and Quantitative Methods,"Indian Institute of Management, Ahmedabad",72,5,11
Prof                                                                                Rekha Jain,55920,Information Systems,"Indian Institute of Management, Ahmedabad",124,6,10
Prof                                                                                Mukesh Sud,61359,Business Policy,"Indian Institute of Management, Ahmedabad",318,6,10
Prof                                                                                Akshaya Vijayalakshmi,61363,Marketing,"Indian Institute of Management, Ahmedabad",69,4,12
Prof                                                                                Prahalad Venkateshan,102068,Production and Quantitative Methods,"Indian Institute of Management, Ahmedabad",46,4,11
Prof                                                                                Samrat Gupta,102094,Information Systems,"Indian Institute of Management, Ahmedabad",46,4,8
Prof                                                                                Kavitha Ranganathan,102106,Information Systems,"Indian Institute of Management, Ahmedabad",855,5,6
Mr                                                                                Wasim Rahaman,338805,Library and Information Science,"Indian Institute of Management, Ahmedabad",N/A,N/A,2
Prof                                                                                Ajay Pandey,102077,Finance and Accounting,"Indian Institute of Management, Ahmedabad",199,6,11
Prof                                                                                Adrija Majumdar,102087,Information Systems,"Indian Institute of Management, Ahmedabad",127,6,8
Prof                                                                                Sanjay Verma,102090,Information Systems,"Indian Institute of Management, Ahmedabad",101,4,3
Dr                                                                                H Anil Kumar,43722,Library and Information Science,"Indian Institute of Management, Ahmedabad",77,5,9
Prof                                                                                Promila Aggarwal,55866,Human Resource Management,"Indian Institute of Management, Ahmedabad",54,4,9
Prof                                                                                Karthik Sriram,55930,Production and Quantitative Methods,"Indian Institute of Management, Ahmedabad",108,4,9
Prof                                                                                Neerav Nagar,61350,Finance and Accounting,"Indian Institute of Management, Ahmedabad",67,5,10
Prof                                                                                Poornima Varma,61353,Agriculture,"Indian Institute of Management, Ahmedabad",45,5,7
Prof                                                                                Satish Y Deodhar,55896,Economics,"Indian Institute of Management, Ahmedabad",132,5,7
Prof                                                                                Pritha Dev,55898,Economics,"Indian Institute of Management, Ahmedabad",46,4,9
Prof                                                                                Navdeep Mathur,55942,Public Systems,"Indian Institute of Management, Ahmedabad",87,4,5
Prof                                                                                Vaibhavi Kulkarni,55937,Communications,"Indian Institute of Management, Ahmedabad",26,4,4
Prof                                                                                K V Gopakumar,102084,Organizational Behaviour,"Indian Institute of Management, Ahmedabad",86,4,8
Prof                                                                                Mohammad Fuad,102093,Business Policy,"Indian Institute of Management, Ahmedabad",77,5,8
Prof                                                                                Sidharth Sinha,102103,Finance and Accounting,"Indian Institute of Management, Ahmedabad",7,1,7
Prof                                                                                Parvinder Gupta,55912,Organizational Behaviour,"Indian Institute of Management, Ahmedabad",34,2,6
Prof                                                                                Vineet Virmani,102081,Finance and Accounting,"Indian Institute of Management, Ahmedabad",9,2,7
Prof                                                                                Sebastian Morris,102092,Economics,"Indian Institute of Management, Ahmedabad",30,2,5
Prof                                                                                Ambrish Dongre,102104,Education,"Indian Institute of Management, Ahmedabad",17,2,5
Prof                                                                                Amit Nandkeolyar,102110,Organizational Behaviour,"Indian Institute of Management, Ahmedabad",295,5,6
Prof                                                                                Anurag K Agarwal,55864,Business Policy,"Indian Institute of Management, Ahmedabad",7,2,2
Prof                                                                                Dhiman Bhadra,55883,Production and Quantitative Methods,"Indian Institute of Management, Ahmedabad",99,5,6
Prof                                                                                Anish Sugathan,61358,Business Policy,"Indian Institute of Management, Ahmedabad",81,4,6
Prof                                                                                Vidya  Vemireddy,102069,Agriculture,"Indian Institute of Management, Ahmedabad",33,4,6
Prof                                                                                Chitra Singla,102083,Business Policy,"Indian Institute of Management, Ahmedabad",248,4,4
Prof                                                                                Jeevant Rampal,102099,Economics,"Indian Institute of Management, Ahmedabad",90,2,5
Prof                                                                                Chetan Soman,102072,Production and Quantitative Methods,"Indian Institute of Management, Ahmedabad",308,5,5
Prof                                                                                Akhileshwar Pathak,102107,Business Policy,"Indian Institute of Management, Ahmedabad",4,1,3
Prof                                                                                Shailesh Gandhi,55904,Finance and Accounting,"Indian Institute of Management, Ahmedabad",30,2,4
Prof                                                                                Pradyumna Khokle,55932,Organizational Behaviour,"Indian Institute of Management, Ahmedabad",22,3,4
Prof                                                                                Aruna Divya T,61364,Marketing,"Indian Institute of Management, Ahmedabad",10,2,4
Prof                                                                                Saral Mukherjee,102091,Production and Quantitative Methods,"Indian Institute of Management, Ahmedabad",19,3,4
Prof                                                                                Soumya Mukhopadhyay,61357,Marketing,"Indian Institute of Management, Ahmedabad",5,2,3
Prof                                                                                Aditya Christopher Moses,102082,Human Resource Management,"Indian Institute of Management, Ahmedabad",62,3,3
Prof                                                                                Kirti Sharda,102088,Organizational Behaviour,"Indian Institute of Management, Ahmedabad",16,1,3
Prof                                                                                Meenakshi Sharma,102113,Communications,"Indian Institute of Management, Ahmedabad",N/A,N/A,1
Prof                                                                                Miguel Sarrion,55943,Human Resource Management,"Indian Institute of Management, Ahmedabad",16,1,1
Prof                                                                                Rajat Sharma,102085,Marketing,"Indian Institute of Management, Ahmedabad",N/A,N/A,N/A
Prof                                                                                Pranav Singh,102109,Finance and Accounting,"Indian Institute of Management, Ahmedabad",N/A,N/A,N/A
Dr                                                                                Neharika Vohra,200399,Organizational Behaviour,"Indian Institute of Management, Ahmedabad",N/A,N/A,N/A
Ms                                                                                Khushali  Pathak,357516,Organizational Behaviour,"Indian Institute of Management, Ahmedabad",N/A,N/A,N/A
