Name,Vidwan ID,Department,College,Total Citations,H Index,Journal Articles
Dr                                                                                Aviral Kumar Tiwari,60628,Marketing,"Indian Institute of Management, Bodh Gaya",12340,54,476
Dr                                                                                Raghunathan Krishankumar,439656,Information Technology and Decision Sciences,"Indian Institute of Management, Bodh Gaya",N/A,N/A,N/A
Dr                                                                                Rohit Agrawal,259953,Operations Management,"Indian Institute of Management, Bodh Gaya",739,16,33
Dr                                                                                Remya Lathabhavan,263283,Organization Behaviour and Human Resource Management,"Indian Institute of Management, Bodh Gaya",309,11,49
Dr                                                                                Chandan Parsad,165384,Marketing,"Indian Institute of Management, Bodh Gaya",114,7,43
Dr                                                                                Vishal Ashok Wankhede,123446,Operations Management,"Indian Institute of Management, Bodh Gaya",639,13,28
Dr                                                                                Muhammed Ashiq V,279871,Economic Environment and General Management,"Indian Institute of Management, Bodh Gaya",473,12,41
Dr                                                                                Mahendra Kumar  Sahu,66771,Library,"Indian Institute of Management, Bodh Gaya",1,N/A,23
Dr                                                                                Raveesh Krishnankutty,182458,Finance and Accounting,"Indian Institute of Management, Bodh Gaya",106,6,28
Dr                                                                                Ajith James,466357,Operations Management,"Indian Institute of Management, Bodh Gaya",202,9,28
Dr                                                                                Samant Saurabh,123874,Information Technology and Decision Sciences,"Indian Institute of Management, Bodh Gaya",234,7,11
Dr                                                                                C V Sunil Kumar,249748,Operations Management,"Indian Institute of Management, Bodh Gaya",173,9,13
Prof                                                                                Vinita S Sahay,123877,Marketing,"Indian Institute of Management, Bodh Gaya",350,8,18
Dr                                                                                Sanjay Kaushal,295618,Humanities and Liberal Arts,"Indian Institute of Management, Bodh Gaya",18,3,6
Dr                                                                                Shashank Kumar,276617,Operations management and quantitative techniques,"Indian Institute of Management, Bodh Gaya",554,10,13
Dr                                                                                Soumya Prakash Patra,244287,Business Policy and Strategy,"Indian Institute of Management, Bodh Gaya",1,1,9
Dr                                                                                Chiranjit,167653,Operations Management,"Indian Institute of Management, Bodh Gaya",81,3,9
Dr                                                                                Sabyasachi Mohapatra,123868,Finance and Accounting,"Indian Institute of Management, Bodh Gaya",41,4,8
Dr                                                                                Teena,166721,Organization Behaviour and Human Resource Management,"Indian Institute of Management, Bodh Gaya",14,3,7
Dr                                                                                Archana  Patro,263280,Finance and Accounting,"Indian Institute of Management, Bodh Gaya",9,2,6
Dr                                                                                Srividya Raghavan,263288,Economic Environment and General Management,"Indian Institute of Management, Bodh Gaya",62,4,8
Dr                                                                                Urjani Chakravarty,315766,Economic Environment and General Management,"Indian Institute of Management, Bodh Gaya",17,2,5
Dr                                                                                Satish Chandra Ojha,472570,Marketing,"Indian Institute of Management, Bodh Gaya",3,1,5
Dr                                                                                Nidhi Mishra,123871,Organization Behaviour and Human Resource Management,"Indian Institute of Management, Bodh Gaya",5,1,N/A
Dr                                                                                Medha Srivastava,123876,Marketing,"Indian Institute of Management, Bodh Gaya",30,2,4
Dr                                                                                Prabhat Ranjan,123880,Operations Management,"Indian Institute of Management, Bodh Gaya",10,2,4
Dr                                                                                Madan Lal,164808,Information Technology and Decision Sciences,"Indian Institute of Management, Bodh Gaya",11,2,3
Dr                                                                                Prabhu,397355,Organization Behaviour and Human Resource Management,"Indian Institute of Management, Bodh Gaya",2,N/A,4
Dr                                                                                Anirban Sengupta,123865,Economic Environment and General Management,"Indian Institute of Management, Bodh Gaya",14,1,3
Dr                                                                                Molla Ramizur Rahman,439644,Finance and Accounting,"Indian Institute of Management, Bodh Gaya",1,1,2
Dr                                                                                Amresh,167654,Marketing,"Indian Institute of Management, Bodh Gaya",N/A,N/A,N/A
Dr                                                                                Amit Kumar Srivastava,240722,Business Policy and Strategy,"Indian Institute of Management, Bodh Gaya",N/A,N/A,N/A
Dr                                                                                Ramesh Roshan  Das Guru,240737,Marketing,"Indian Institute of Management, Bodh Gaya",N/A,N/A,N/A
Dr                                                                                Durba  Banerjee,240741,Economic Environment and General Management,"Indian Institute of Management, Bodh Gaya",N/A,N/A,N/A
Dr                                                                                Nanda Choudhury,263275,Marketing,"Indian Institute of Management, Bodh Gaya",N/A,N/A,N/A
Dr                                                                                Swapnarag Swain,315758,Marketing,"Indian Institute of Management, Bodh Gaya",N/A,N/A,N/A
Dr                                                                                Sreelekha Mishra,315760,Strategic Management,"Indian Institute of Management, Bodh Gaya",N/A,N/A,N/A
Dr                                                                                Atma Prakash Ojha,334853,Economic Environment and General Management,"Indian Institute of Management, Bodh Gaya",N/A,N/A,N/A
Dr                                                                                Ashish Sharma,334856,Finance and Accounting,"Indian Institute of Management, Bodh Gaya",N/A,N/A,N/A
Dr                                                                                Vittal Rangan S,373305,Organization Behaviour and Human Resource Management,"Indian Institute of Management, Bodh Gaya",N/A,N/A,N/A
Dr                                                                                Charu Naithani,373321,Information Technology and Decision Sciences,"Indian Institute of Management, Bodh Gaya",N/A,N/A,N/A
Dr                                                                                Supriya Kumar Ghatak,373327,Information Technology and Decision Sciences,"Indian Institute of Management, Bodh Gaya",N/A,N/A,N/A
Dr                                                                                 Suresh  K G,397358,Economic Environment and General Management,"Indian Institute of Management, Bodh Gaya",N/A,N/A,N/A
Dr                                                                                Johnson Abhishek Minz,424894,,"Indian Institute of Management, Bodh Gaya",N/A,N/A,N/A
Dr                                                                                Bharati Singh,439826,Finance and Accounting,"Indian Institute of Management, Bodh Gaya",N/A,N/A,N/A
Dr                                                                                Gaurav Abhishek Tigga,447026,Information Technology and Decision Sciences,"Indian Institute of Management, Bodh Gaya",N/A,N/A,N/A
Dr                                                                                Sunanda  Katewa,447055,Operations Management,"Indian Institute of Management, Bodh Gaya",N/A,N/A,N/A
Dr                                                                                Gargi Roy,460113,Organization Behaviour and Human Resource Management,"Indian Institute of Management, Bodh Gaya",N/A,N/A,N/A
Dr                                                                                 Suman Choudhary,472637,Organization Behaviour and Human Resource Management,"Indian Institute of Management, Bodh Gaya",N/A,N/A,N/A
Dr                                                                                Abhishek  Yadav,472685,Economic Environment and General Management,"Indian Institute of Management, Bodh Gaya",N/A,N/A,N/A
Dr                                                                                Manali Chatterjee,483096,Information Technology and Decision Sciences,"Indian Institute of Management, Bodh Gaya",N/A,N/A,N/A
Dr                                                                                Sk  Abu Khalek,483425,Marketing,"Indian Institute of Management, Bodh Gaya",N/A,N/A,N/A
Dr                                                                                Aditi Sharma,486347,Marketing,"Indian Institute of Management, Bodh Gaya",N/A,N/A,N/A
Dr                                                                                Tarun Kumar Vashisth,520723,Organization Behaviour and Human Resource Management,"Indian Institute of Management, Bodh Gaya",N/A,N/A,N/A
Dr                                                                                Anup Anurag Soren,520731,Marketing,"Indian Institute of Management, Bodh Gaya",N/A,N/A,N/A
