Name,Vidwan ID,Department,College,Total Citations,H Index,Journal Articles
Dr                                                                                Harpreet Kaur,125890,Quantitative Methods and Operations Management,"Indian Institute of Management, Amritsar",463,11,18
Dr                                                                                Arun Kumar Kaushik,168786,Marketing Management,"Indian Institute of Management, Amritsar",50,3,20
Dr                                                                                Arun K Kaushik,125887,Marketing Management,"Indian Institute of Management, Amritsar",615,11,19
Prof                                                                                Nagarajan  Ramamoorthy,125894,Marketing Management,"Indian Institute of Management, Amritsar",803,11,18
Dr                                                                                Mahima Gupta,125892,Quantitative Methods and Operations Management,"Indian Institute of Management, Amritsar",79,4,7
Dr                                                                                Mukesh Kumar Jha,125893,Communications,"Indian Institute of Management, Amritsar",65,3,8
Dr                                                                                Surender Rao Komera,125898,"Finance, Accounting, and Control","Indian Institute of Management, Amritsar",50,2,7
Dr                                                                                Kushal Saha,163986,IT and Computational Systems,"Indian Institute of Management, Amritsar",64,2,2
Dr                                                                                Ravishankar Venkata Kommu,163987,Organizational Behaviour and Human Resources,"Indian Institute of Management, Amritsar",N/A,N/A,N/A
Dr                                                                                Vartika Dutta,125900,Organizational Behaviour and Human Resources,"Indian Institute of Management, Amritsar",52,1,1
Dr                                                                                Santosh Kumar	 Tiwari,69803,Marketing Management,"Indian Institute of Management, Amritsar",N/A,N/A,N/A
Dr                                                                                Amit Gupta,125886,Organizational Behaviour and Human Resources,"Indian Institute of Management, Amritsar",N/A,N/A,N/A
Dr                                                                                Gurbir Singh,163981,Marketing Management,"Indian Institute of Management, Amritsar",N/A,N/A,N/A
Dr                                                                                Pankaj Gupta,163982,"Finance, Accounting, and Control","Indian Institute of Management, Amritsar",N/A,N/A,N/A
Dr                                                                                Sweta Singh,163983,Organizational Behaviour and Human Resources,"Indian Institute of Management, Amritsar",N/A,N/A,N/A
Dr                                                                                Divya Tripathi,163984,Organizational Behaviour and Human Resources,"Indian Institute of Management, Amritsar",N/A,N/A,N/A
Dr                                                                                Pavneet Singh,164000,Economics,"Indian Institute of Management, Amritsar",N/A,N/A,N/A
Dr                                                                                Chetan Chitre,164001,Economics,"Indian Institute of Management, Amritsar",N/A,N/A,N/A
