Name,Vidwan ID,Department,College,Total Citations,H Index,Journal Articles
Prof                                                                                Dinesh Kumar,53518,Chemistry,"National Institute of Technology, Kurukshetra",7269,43,468
Dr                                                                                Meenu K Gupta,53627,Department of Mechanical Engineering,"National Institute of Technology, Kurukshetra",11965,57,386
Dr                                                                                B B Gupta,53523,Department Of Computer Engineering,"National Institute of Technology, Kurukshetra",11991,59,250
Dr                                                                                Vikas Mittal,53692,Department of Electronics and Communication Engineering,"National Institute of Technology, Kurukshetra",5468,39,144
Dr                                                                                Ashutosh Kumar Singh,53536,Department Of Business Administration,"National Institute of Technology, Kurukshetra",2589,24,112
Dr                                                                                Jatinder Kumar,53643,Department of Mechanical Engineering,"National Institute of Technology, Kurukshetra",4108,37,160
Dr                                                                                Rishi Pal Chauhan,53576,Department Of Physics,"National Institute of Technology, Kurukshetra",2039,21,152
Dr                                                                                Mayank Dave,48885,Department of Computer Engineering,"National Institute of Technology, Kurukshetra",1900,23,66
Dr                                                                                Chetti Prabhakar,53527,Chemistry,"National Institute of Technology, Kurukshetra",1220,21,119
Prof                                                                                R K Sharma,53570,VlSI Design and Embedded Systems,"National Institute of Technology, Kurukshetra",573,13,34
Dr                                                                                Rajender Kumar,53706,Department Of Electronics and Communication Engineering,"National Institute of Technology, Kurukshetra",573,13,34
Dr                                                                                Krishna Kumar Singh,53563,Department of Civil Engineering,"National Institute of Technology, Kurukshetra",1443,20,100
Prof                                                                                Brahmjit Singh,49168,Center of Computing and Networking,"National Institute of Technology, Kurukshetra",919,15,58
Dr                                                                                Yashashchandra Dwivedi,245996,Physics,"National Institute of Technology, Kurukshetra",92,4,90
Prof                                                                                Vikram Singh,49105,Department of Computer Engineering,"National Institute of Technology, Kurukshetra",800,16,83
Prof                                                                                Mahesh Pal,48936,Department of Civil Engineering,"National Institute of Technology, Kurukshetra",6759,32,89
Dr                                                                                J K Quamara,53548,Department Of Physics,"National Institute of Technology, Kurukshetra",836,16,88
Prof                                                                                Jitender Kumar Chhabra,53507,Department of Computer Engineering,"National Institute of Technology, Kurukshetra",1396,21,52
Dr                                                                                Avadhesh Yadav,53656,Department of Mechanical Engineering,"National Institute of Technology, Kurukshetra",1324,21,84
Prof                                                                                Neena Jaggi,53572,Department Of Physics,"National Institute of Technology, Kurukshetra",693,14,68
Dr                                                                                Dixit Garg,53602,Department of Mechanical Engineering,"National Institute of Technology, Kurukshetra",2697,26,71
Dr                                                                                Mohit Dua,53514,Department of Computer Engineering,"National Institute of Technology, Kurukshetra",691,16,29
Dr                                                                                Saurabh Chanana,59889,Department of Electrical Engineering,"National Institute of Technology, Kurukshetra",818,13,28
Dr                                                                                Hari Singh,53622,Department of Mechanical Engineering,"National Institute of Technology, Kurukshetra",1645,21,59
Dr                                                                                J S Lather,53671,Department of Electrical Engineering,"National Institute of Technology, Kurukshetra",395,9,43
Prof                                                                                Ajai Jain,49122,Department of Mechanical Engineering,"National Institute of Technology, Kurukshetra",1413,17,65
Dr                                                                                Lillie Dewan,53670,Department of Electrical Engineering,"National Institute of Technology, Kurukshetra",331,10,34
Dr                                                                                C R Mariappan,53582,Department Of Physics,"National Institute of Technology, Kurukshetra",1312,22,64
Dr                                                                                Amilan Jose Devadoss,60427,Chemistry,"National Institute of Technology, Kurukshetra",2918,29,65
Prof                                                                                Puran Chandra Tewari,94280,Department of Mechanical Engineering,"National Institute of Technology, Kurukshetra",514,13,54
Prof                                                                                Lalit Mohan Saini,53567,Department of Bio-Medical Engineering,"National Institute of Technology, Kurukshetra",1402,16,20
Dr                                                                                Gian Bhushan,53625,Department of Mechanical Engineering,"National Institute of Technology, Kurukshetra",343,11,62
Dr                                                                                Arun Goel,53573,Department of Civil Engineering,"National Institute of Technology, Kurukshetra",495,12,46
Dr                                                                                Umesh Ghanekar,53667,Department of Electronics and Communication Engineering,"National Institute of Technology, Kurukshetra",562,13,35
Dr                                                                                Surjit Angra,53614,Department of Mechanical Engineering,"National Institute of Technology, Kurukshetra",446,13,40
Dr                                                                                O P Sahu,53690,Department of Electronics and Communication Engineering,"National Institute of Technology, Kurukshetra",299,9,36
Dr                                                                                Atma Ram Gupta,131066,Electrical Engineering,"National Institute of Technology, Kurukshetra",414,12,15
Dr                                                                                Amit Prakash,53552,Department of Mathematics,"National Institute of Technology, Kurukshetra",996,19,49
Dr                                                                                Ravi Kanth A S V,49107,Department of Mathematics,"National Institute of Technology, Kurukshetra",965,16,45
Dr                                                                                Punit Kumar,53638,Department of Mechanical Engineering,"National Institute of Technology, Kurukshetra",750,18,47
Dr                                                                                Monika Mittal,53681,Department of Electrical Engineering,"National Institute of Technology, Kurukshetra",762,18,29
Mr                                                                                Kapil Gupta,50259,Department of Computer Applications,"National Institute of Technology, Kurukshetra",370,10,20
Mr                                                                                Ashutosh Nandi,53697,Department Of Electronics and Communication Engineering,"National Institute of Technology, Kurukshetra",572,15,27
Dr                                                                                Dilbagh Panchal,93245,Department of Mechanical Engineering,"National Institute of Technology, Kurukshetra",466,14,29
Dr                                                                                Babita Saini,53600,Department of Civil Engineering,"National Institute of Technology, Kurukshetra",304,10,25
Prof                                                                                Sandeep Singhal,49103,Department of Mechanical Engineering,"National Institute of Technology, Kurukshetra",928,17,39
Dr                                                                                Ashish Gupta,415029,Department of Physics,"National Institute of Technology, Kurukshetra",1329,17,43
Dr                                                                                Gyanendra Kumar Verma,53520,Department Of Computer Engineering,"National Institute of Technology, Kurukshetra",1022,13,10
Dr                                                                                GAURAV SAINI,232986,,"National Institute of Technology, Kurukshetra",209,9,14
Dr                                                                                N K Tiwari,53597,Department of Civil Engineering,"National Institute of Technology, Kurukshetra",607,14,33
Prof                                                                                Paras Ram,53551,Department of Mathematics,"National Institute of Technology, Kurukshetra",624,15,36
Dr                                                                                Gulshan Sachdeva,49100,Department of Mechanical Engineering,"National Institute of Technology, Kurukshetra",572,11,26
Dr                                                                                Niraj Pratap Singh,53700,Department of Electronics and Communication Engineering,"National Institute of Technology, Kurukshetra",229,8,19
Dr                                                                                Gaurav Saini,53702,Department Of Electronics and Communication Engineering,"National Institute of Technology, Kurukshetra",209,9,12
Dr                                                                                Ashavani Kumar,53546,Department Of Physics,"National Institute of Technology, Kurukshetra",593,14,27
Dr                                                                                Pankaj Chandna,53623,Department of Mechanical Engineering,"National Institute of Technology, Kurukshetra",422,9,29
Dr                                                                                Rajesh Kumar Aggarwal,53511,Department of Computer Engineering,"National Institute of Technology, Kurukshetra",393,13,17
Dr                                                                                Sanjay Kumar Jain,53509,Department of Computer Engineering,"National Institute of Technology, Kurukshetra",166,7,9
Dr                                                                                Baldev Setia,53533,Department of Civil Engineering,"National Institute of Technology, Kurukshetra",78,6,22
Dr                                                                                Paratibha Aggarwal,53596,Department of Civil Engineering,"National Institute of Technology, Kurukshetra",729,10,19
Dr                                                                                Vijay Kumar Bajpai,53624,Department of Mechanical Engineering,"National Institute of Technology, Kurukshetra",343,9,23
Dr                                                                                Subodh Ranjan,53564,Department of Civil Engineering,"National Institute of Technology, Kurukshetra",406,10,21
Dr                                                                                N K Singh,53642,Department of Mechanical Engineering,"National Institute of Technology, Kurukshetra",42,4,18
Prof                                                                                Minati Baral,53521,Chemistry,"National Institute of Technology, Kurukshetra",211,8,21
Prof                                                                                Jitander Kumar Kapoor,53524,Chemistry,"National Institute of Technology, Kurukshetra",229,6,21
Dr                                                                                S N Sachdeva,53562,Department of Civil Engineering,"National Institute of Technology, Kurukshetra",144,7,17
Dr                                                                                Sathans,53678,Department of Electrical Engineering,"National Institute of Technology, Kurukshetra",167,9,2
Mr                                                                                Mahendra Kumar Murmu,53522,Department Of Computer Engineering,"National Institute of Technology, Kurukshetra",36,3,4
Dr                                                                                M Senthilkumar,53549,Chemistry,"National Institute of Technology, Kurukshetra",700,12,21
Dr                                                                                Yogesh Aggarwal,53601,Department of Civil Engineering,"National Institute of Technology, Kurukshetra",950,13,16
Dr                                                                                Ashwani Jain,53577,Department of Civil Engineering,"National Institute of Technology, Kurukshetra",567,8,15
Dr                                                                                Praveen Aggarwal,53592,Department of Civil Engineering,"National Institute of Technology, Kurukshetra",186,8,14
Dr                                                                                Neeraj Kaushik,49126,Department of Business Administration,"National Institute of Technology, Kurukshetra",142,6,14
Dr                                                                                Mohammad Firoz,53531,Department Of Business Administration,"National Institute of Technology, Kurukshetra",230,7,13
Dr                                                                                Rajesh Kumar,115095,Department of Mechanical Engineering,"National Institute of Technology, Kurukshetra",126,7,13
Mr                                                                                Pawan Kumar,162052,Department of Mechanical Engineering,"National Institute of Technology, Kurukshetra",74,5,4
Dr                                                                                Vijay Verma,53526,Department of Computer Engineering,"National Institute of Technology, Kurukshetra",61,3,2
Prof                                                                                Rajender Kumar,53558,Department of Humanities and Social Sciences,"National Institute of Technology, Kurukshetra",45,4,10
Dr                                                                                S M Gupta,53571,Department of Civil Engineering,"National Institute of Technology, Kurukshetra",113,3,7
Mrs                                                                                Saraswati Setia,53594,Department of Civil Engineering,"National Institute of Technology, Kurukshetra",14,2,5
Dr                                                                                V K Arora,53515,Department of Civil Engineering,"National Institute of Technology, Kurukshetra",17,3,2
Mr                                                                                V S Nagendra Reddy B,300424,Department of Mechanical Engineering,"National Institute of Technology, Kurukshetra",44,2,4
Dr                                                                                Anupam Mittal,53565,Department of Civil Engineering,"National Institute of Technology, Kurukshetra",15,3,N/A
Dr                                                                                Awadhesh Kumar Singh,53502,Department of Computer Engineering,"National Institute of Technology, Kurukshetra",12,1,1
Dr                                                                                Vijay Pal Singh,53589,Department of Civil Engineering,"National Institute of Technology, Kurukshetra",4,1,1
Dr                                                                                Rajneesh,53666,Department of Mechanical Engineering,"National Institute of Technology, Kurukshetra",14,2,2
Dr                                                                                Sushil Kumar Madan,53554,Department of Civil Engineering,"National Institute of Technology, Kurukshetra",N/A,N/A,1
Prof                                                                                Kiran Mor,59866,Department of Humanities and Social Sciences,"National Institute of Technology, Kurukshetra",N/A,N/A,1
Mr                                                                                Krishan Sharma,49178,Department of Electrical Engineering,"National Institute of Technology, Kurukshetra",N/A,N/A,N/A
Dr                                                                                Shabnam,51790,Department of Humanities and Social Sciences,"National Institute of Technology, Kurukshetra",N/A,N/A,N/A
Prof                                                                                D P Singh,53510,Chemistry,"National Institute of Technology, Kurukshetra",N/A,N/A,N/A
Dr                                                                                Rajeev Mohan Sharma,53513,Department of Computer Engineering,"National Institute of Technology, Kurukshetra",N/A,N/A,N/A
Mr                                                                                Rachin Suri,53534,Department Of Business Administration,"National Institute of Technology, Kurukshetra",N/A,N/A,N/A
Mr                                                                                Vishal Kamra,53535,Department Of Business Administration,"National Institute of Technology, Kurukshetra",N/A,N/A,N/A
Dr                                                                                Dharmender Kumar Soni,53537,Department of Civil Engineering,"National Institute of Technology, Kurukshetra",N/A,N/A,N/A
Dr                                                                                S K Patidar,53575,Department of Civil Engineering,"National Institute of Technology, Kurukshetra",N/A,N/A,N/A
Dr                                                                                Parveen Kumar Saini,53640,Department of Mechanical Engineering,"National Institute of Technology, Kurukshetra",N/A,N/A,N/A
Dr                                                                                Arvind Kumar,53708,Department of Electronics and Communication Engineering,"National Institute of Technology, Kurukshetra",N/A,N/A,N/A
Ms                                                                                RASHMI ARYA,129894,Department of Mechanical Engineering,"National Institute of Technology, Kurukshetra",N/A,N/A,N/A
Prof                                                                                Ashutosh Kumar  Singh,145567,,"National Institute of Technology, Kurukshetra",N/A,N/A,N/A
Prof                                                                                Krishna Kumar Singh,269586,Department of Civil Engineering,"National Institute of Technology, Kurukshetra",N/A,N/A,N/A
Modi Pandu ranga Prasad,452000,Department of Electrical Engineering,"National Institute of Technology, Kurukshetra",N/A,N/A,N/A
