Name,Vidwan ID,Department,College,Total Citations,H Index,Journal Articles
Dr                                                                                Shashi Prakash,127001,School of Engineering and Applied Science,Ahmedabad University,2252,24,146
Prof                                                                                Ramadhar Singh,56256,Amrut Mody School of Management,Ahmedabad University,1032,18,96
Dr                                                                                P R Shukla,126949,Amrut Mody School of Management,Ahmedabad University,3377,32,71
Dr                                                                                Ashutosh Kumar,126954,,Ahmedabad University,3384,27,71
Dr                                                                                Deepak Kunzru,126987,School of Engineering and Applied Science,Ahmedabad University,2379,28,93
Dr                                                                                Sanjay Chaudhary,127000,School of Engineering and Applied Science,Ahmedabad University,930,15,11
Dr                                                                                Ritesh Kumar Shukla,126971,,Ahmedabad University,2062,16,37
Dr                                                                                Dhaval Patel,50835,School of Engineering and Applied Science,Ahmedabad University,328,9,20
Prof                                                                                Sunil  Mani,497401,Amrut Mody School of Management,Ahmedabad University,427,11,25
Dr                                                                                Dharmesh Varade,126989,School of Engineering and Applied Science,Ahmedabad University,1416,21,56
Dr                                                                                Vivek Tanavde,126979,School of Arts and Sciences,Ahmedabad University,2310,23,41
Dr                                                                                Raghavan Rangarajan,126968,School of Arts and Sciences,Ahmedabad University,946,16,41
Dr                                                                                Bijal Mehta,126904,Amrut Mody School of Management,Ahmedabad University,N/A,N/A,19
Prof                                                                                Kranti Vora,537766,School of Public Health,Ahmedabad University,197,8,39
Dr                                                                                Sunil Kale,127006,School of Engineering and Applied Science,Ahmedabad University,726,13,33
Dr                                                                                Bhaktida Trivedi,126902,Amrut Mody School of Management,Ahmedabad University,2140,21,34
Dr                                                                                Jeemol Unni,126913,Amrut Mody School of Management,Ahmedabad University,300,8,28
Dr                                                                                Darshini Mahadevia,126956,School of Arts and Sciences,Ahmedabad University,354,10,21
Dr                                                                                Subhash Rajpurohit,126978,School of Arts and Sciences,Ahmedabad University,880,17,30
Dr                                                                                Arijit Ganguli,126983,School of Arts and Sciences,Ahmedabad University,401,12,29
Dr                                                                                Devanath Tirupati,126908,Amrut Mody School of Management,Ahmedabad University,954,16,26
Dr                                                                                Deepak Verma,126986,School of Engineering and Applied Science,Ahmedabad University,294,8,16
Dr                                                                                Nitinkumar Banker,126998,School of Engineering and Applied Science,Ahmedabad University,311,9,20
Dr                                                                                Sujo Thomas,126936,Amrut Mody School of Management,Ahmedabad University,154,7,23
Dr                                                                                Vinodh Madhavan,126943,Amrut Mody School of Management,Ahmedabad University,115,5,27
Dr                                                                                Aditya Vaishya,126951,School of Arts and Sciences,Ahmedabad University,484,13,20
Dr                                                                                Pankaj Chandra,126922,Amrut Mody School of Management,Ahmedabad University,1080,13,22
Dr                                                                                Snigdha Khuntia,127003,School of Engineering and Applied Science,Ahmedabad University,500,8,19
Dr                                                                                Souvik Sen Gupta,126977,School of Arts and Sciences,Ahmedabad University,617,11,20
Dr                                                                                Ekta Sharma,50686,Amrut Mody School of Management,Ahmedabad University,41,4,17
Prof                                                                                Damodaran A,538142,Amrut Mody School of Management,Ahmedabad University,128,7,12
Dr                                                                                Ratna Ghosal,126970,School of Arts and Sciences,Ahmedabad University,190,9,17
Dr                                                                                Noopur Thakur,126966,School of Arts and Sciences,Ahmedabad University,1118,11,16
Dr                                                                                Gaurav Goswami,126990,School of Engineering and Applied Science,Ahmedabad University,179,8,16
Prof                                                                                Amit  Das,537962,Amrut Mody School of Management,Ahmedabad University,380,9,14
Dr                                                                                Sridhar Dalai,127004,School of Engineering and Applied Science,Ahmedabad University,119,7,9
Dr                                                                                Mitaxi Mehta,51368,School of Engineering and Applied Science,Ahmedabad University,166,7,13
Dr                                                                                Jinal Parikh,126914,Amrut Mody School of Management,Ahmedabad University,N/A,N/A,6
Dr                                                                                Keyur Joshi,126994,School of Engineering and Applied Science,Ahmedabad University,76,6,4
Prof                                                                                Aarzoo  Gupta,537900,School of Arts and Sciences,Ahmedabad University,73,4,12
Dr                                                                                Hetal Jhaveri,126909,Amrut Mody School of Management,Ahmedabad University,N/A,N/A,3
Dr                                                                                Vivek Bhatt,126944,Amrut Mody School of Management,Ahmedabad University,N/A,N/A,5
Dr                                                                                Dinesh Barot,51166,Amrut Mody School of Management,Ahmedabad University,12,2,12
Dr                                                                                Sanjay Banavar,124989,University Library System,Ahmedabad University,N/A,N/A,N/A
Prof                                                                                Rakesh  Chaturvedi,537786,Amrut Mody School of Management,Ahmedabad University,32,3,9
Prof                                                                                Baibhav Kumar  Gupta,537939,School of Engineering and Applied Science,Ahmedabad University,30,4,4
Dr                                                                                Sonal Yadav,60115,Amrut Mody School of Management,Ahmedabad University,N/A,N/A,6
Dr                                                                                Aditya Kanth,126946,Amrut Mody School of Management,Ahmedabad University,17,3,7
Dr                                                                                Aditi Singhal,126980,School of Engineering and Applied Science,Ahmedabad University,188,6,9
Prof                                                                                Ramya  Srinivasan,398749,School of Engineering and Applied Science,Ahmedabad University,N/A,N/A,N/A
Prof                                                                                Bhawnath  Tiwari,537928,School of Engineering and Applied Science,Ahmedabad University,28,3,6
Dr                                                                                Dharamashi Rabari,126988,School of Engineering and Applied Science,Ahmedabad University,184,5,7
Dr                                                                                Kuntal Patel,126995,School of Engineering and Applied Science,Ahmedabad University,13,2,2
Dr                                                                                Aditya Patel,126981,School of Engineering and Applied Science,Ahmedabad University,127,3,N/A
Dr                                                                                Ranu Roychoudhuri,128361,School of Arts and Sciences,Ahmedabad University,2,1,3
Prof                                                                                Amit Singh,537773,Amrut Mody School of Management,Ahmedabad University,87,5,6
Dr                                                                                Apaar Kumar,126952,School of Arts and Sciences,Ahmedabad University,3,1,4
Prof                                                                                Nagireddy Neelakanteswar  Reddy,398724,School of Arts and Sciences,Ahmedabad University,10,N/A,4
Dr                                                                                Saptam Patel,126931,Amrut Mody School of Management,Ahmedabad University,N/A,N/A,3
Dr                                                                                Ashwin Pande,126955,School of Arts and Sciences,Ahmedabad University,15,2,4
Dr                                                                                Shishir Saxena,126975,School of Arts and Sciences,Ahmedabad University,2,1,4
Mr                                                                                Anurag Lakhlani,126982,School of Engineering and Applied Science,Ahmedabad University,12,2,N/A
Dr                                                                                Karthik Rao Cavale,126959,School of Arts and Sciences,Ahmedabad University,4,1,1
Dr                                                                                Srikrishnan Divakaran,127005,School of Engineering and Applied Science,Ahmedabad University,11,2,3
Dr                                                                                Sarthak Bagchi,126974,School of Arts and Sciences,Ahmedabad University,3,1,1
Prof                                                                                Md Shahrukh  Anjum,538011,Amrut Mody School of Management,Ahmedabad University,N/A,N/A,N/A
Prof                                                                                Lakshmi  Sreeram,538137,School of Arts and Sciences,Ahmedabad University,N/A,N/A,1
Dr                                                                                Amol Agrawal,126898,Amrut Mody School of Management,Ahmedabad University,N/A,N/A,N/A
Dr                                                                                Aparajith Ramnath,126899,Amrut Mody School of Management,Ahmedabad University,N/A,N/A,N/A
Mr                                                                                Aravind Panicker,126900,Amrut Mody School of Management,Ahmedabad University,N/A,N/A,N/A
Mr                                                                                AVK Mohan,126901,Amrut Mody School of Management,Ahmedabad University,N/A,N/A,N/A
Dr                                                                                Bibek Banerjee,126903,Amrut Mody School of Management,Ahmedabad University,N/A,N/A,N/A
Ms                                                                                Binny Rawat,126905,Amrut Mody School of Management,Ahmedabad University,N/A,N/A,N/A
Mr                                                                                Chirag Trivedi,126906,Amrut Mody School of Management,Ahmedabad University,N/A,N/A,N/A
Dr                                                                                Darshana Padia,126907,Amrut Mody School of Management,Ahmedabad University,N/A,N/A,N/A
Dr                                                                                Ishita Tripathi,126911,Amrut Mody School of Management,Ahmedabad University,N/A,N/A,N/A
Dr                                                                                Jatin Christie,126912,Amrut Mody School of Management,Ahmedabad University,N/A,N/A,N/A
Mr                                                                                Kunal Mankodi,126915,Amrut Mody School of Management,Ahmedabad University,N/A,N/A,N/A
Dr                                                                                Mahendra Singh Rao,126916,Amrut Mody School of Management,Ahmedabad University,N/A,N/A,N/A
Dr                                                                                Mita Suthar,126917,Amrut Mody School of Management,Ahmedabad University,N/A,N/A,N/A
Ms                                                                                Mruga Pandya,126918,Amrut Mody School of Management,Ahmedabad University,N/A,N/A,N/A
Dr                                                                                Neha Gadhvi,126919,Amrut Mody School of Management,Ahmedabad University,N/A,N/A,N/A
Mr                                                                                Nimit Thaker,126920,Amrut Mody School of Management,Ahmedabad University,N/A,N/A,N/A
Dr                                                                                Pallavi Vyas,126921,Amrut Mody School of Management,Ahmedabad University,N/A,N/A,N/A
Mr                                                                                Pankaj Vaish,126923,Amrut Mody School of Management,Ahmedabad University,N/A,N/A,N/A
Dr                                                                                Parag Patel,126924,Amrut Mody School of Management,Ahmedabad University,N/A,N/A,N/A
Dr                                                                                Paragi Shah,126925,Amrut Mody School of Management,Ahmedabad University,N/A,N/A,N/A
Ms                                                                                Poonam Dugar,126926,Amrut Mody School of Management,Ahmedabad University,N/A,N/A,N/A
Ms                                                                                Pratishtha Pandya,126927,Amrut Mody School of Management,Ahmedabad University,N/A,N/A,N/A
Dr                                                                                Preeti Maneck,126928,Amrut Mody School of Management,Ahmedabad University,N/A,N/A,N/A
Mr                                                                                Ravi Miglani,126929,Amrut Mody School of Management,Ahmedabad University,N/A,N/A,N/A
Dr                                                                                Samvet Kuril,126930,Amrut Mody School of Management,Ahmedabad University,N/A,N/A,N/A
Mr                                                                                Saumil Shah,126932,Amrut Mody School of Management,Ahmedabad University,N/A,N/A,N/A
Dr                                                                                Siddharth Saxena,126934,Amrut Mody School of Management,Ahmedabad University,N/A,N/A,N/A
Dr                                                                                Sudhir Kumar Pandey,126935,Amrut Mody School of Management,Ahmedabad University,N/A,N/A,N/A
Dr                                                                                Supratim Dasgupta,126937,Amrut Mody School of Management,Ahmedabad University,N/A,N/A,N/A
Dr                                                                                Swati Ghulyani,126938,Amrut Mody School of Management,Ahmedabad University,N/A,N/A,N/A
Ms                                                                                Tana Trivedi,126939,Amrut Mody School of Management,Ahmedabad University,N/A,N/A,N/A
Mr                                                                                Vaibhav Kadia,126940,Amrut Mody School of Management,Ahmedabad University,N/A,N/A,N/A
Ms                                                                                Vandana Chak,126941,Amrut Mody School of Management,Ahmedabad University,N/A,N/A,N/A
