Name,Vidwan ID,Department,College,Total Citations,H Index,Journal Articles
Prof                                                                                Sakthivel Rathinasamy,121696,Department of Applied Mathematics,Bharathiar University,11092,55,435
Prof                                                                                N  Ponpandian,50791,Department of Physical Education,Bharathiar University,8261,48,202
Prof                                                                                Dr Viswanathan C,52012,,Bharathiar University,3784,38,198
Dr                                                                                Rajan Rakkiyappan,60957,Department of Mathematics,Bharathiar University,8336,55,209
Dr                                                                                R  Kalai Selvan,61410,Department of Physics,Bharathiar University,7750,53,174
Prof                                                                                Sathishkumar Ramalingam,121736,Department of Biotechnology,Bharathiar University,9,N/A,100
Dr                                                                                R T  Rajendra Kumar,52003,Department of Nanoscience and Technology,Bharathiar University,2724,31,119
Prof                                                                                Srinivasan Karuppannan,51480,Department of Physics,Bharathiar University,685,15,112
Dr                                                                                Senthilkumar K,118186,,Bharathiar University,2671,23,119
Dr                                                                                Chandra Eswaran,132402,Department of Computer Science,Bharathiar University,156,7,84
Dr                                                                                Sumathy M,90461,Department of Commerce,Bharathiar University,4,1,119
Prof                                                                                Parimelazhagan Thangaraj,121237,Department of Botany,Bharathiar University,1396,20,93
Dr                                                                                Arulsamy S,121766,,Bharathiar University,N/A,N/A,75
Dr                                                                                Senthilkumar Lakshmipathi,42085,Department of Physics,Bharathiar University,906,15,100
Dr                                                                                A Balamurugan Murugan,52033,Department of Nanoscience and Technology,Bharathiar University,1806,21,91
Dr                                                                                P Kaliraj,18033,,Bharathiar University,1492,20,88
Dr                                                                                VIJAYAKUMAR JAGANATHAN,213613,Department of Electronics and Instrumentation,Bharathiar University,1,1,54
Dr                                                                                Sarangapani R,60690,Department of Library and Information Sciences,Bharathiar University,N/A,N/A,46
Dr                                                                                Shibu M.A,304292,Department of Biotechnology,Bharathiar University,N/A,N/A,83
Prof                                                                                SANGEETHA K,119518,Department of Textiles and Apparel Design,Bharathiar University,7,1,41
Dr                                                                                P Siddhuraju,52078,Department of Environmental Sciences,Bharathiar University,6197,39,72
Dr                                                                                Karthick Sivalingam Nallathambi,121010,Department of Chemistry,Bharathiar University,1379,22,71
Dr                                                                                AZHA PERIASAMY,226907,Department of Electronics and Instrumentation,Bharathiar University,N/A,N/A,49
Dr                                                                                Ekambaram Perumal,132485,Department of Biotechnology,Bharathiar University,1688,18,55
Dr                                                                                Selvaraju T,121231,Department of Chemistry,Bharathiar University,1030,17,62
Dr                                                                                Balasubramanian Murugesapandian,144197,Department of Chemistry,Bharathiar University,1444,18,56
Dr                                                                                MUTHUKRISHNAN R,50881,STATISTICS,Bharathiar University,300,2,48
Dr                                                                                R VADIVEL,229935,Department of Information Technology,Bharathiar University,202,9,41
Dr                                                                                Subramaniam Selvakumar,124294,Department of Bio-Chemistry,Bharathiar University,535,11,37
Dr                                                                                Dhivyadeepa E,122518,Department of Education,Bharathiar University,1,1,21
Dr                                                                                Jayapal Subramaniam,197580,Department of Zoology,Bharathiar University,920,18,47
Dr                                                                                Rathnam Boopathy,20831,Department of Biotechnology,Bharathiar University,1028,15,42
Prof                                                                                Thomas P E,88801,Department of Communication and Media Studies,Bharathiar University,N/A,N/A,N/A
Dr                                                                                Premalatha T,119585,Department of Education,Bharathiar University,5,N/A,29
Dr                                                                                Ramyachitra D,121542,Department of Computer Science,Bharathiar University,168,9,25
Dr                                                                                Vijayarani S,117587,Computer Science,Bharathiar University,185,8,15
Dr                                                                                Raju Vivek,119623,Department of Zoology,Bharathiar University,1023,13,29
Dr                                                                                BHARATHI S,239248,Department of Mathematics,Bharathiar University,117,N/A,32
Dr                                                                                J  Satheesh Kumar,52097,Department of Computer Applications,Bharathiar University,298,7,21
Dr                                                                                M. Rajkumar,131987,Department of Physical Education,Bharathiar University,N/A,N/A,33
Prof                                                                                M  Sundaresan,52038,Department of Information Technology,Bharathiar University,103,6,5
Dr                                                                                Muthukrishnan Arun,121533,Department of Biotechnology,Bharathiar University,864,17,30
Dr                                                                                Muthukrishnan Arun,290379,Department of Biotechnology,Bharathiar University,864,17,30
Dr                                                                                Vijayan N,126185,Department of Linguistics,Bharathiar University,N/A,N/A,22
Dr                                                                                AZHA PERIASAMY,226908,,Bharathiar University,N/A,N/A,27
Dr                                                                                K Arumugam,360209,Department of Computer Applications,Bharathiar University,222,7,18
Dr                                                                                R  Rajeswari,52099,Department of Computer Applications,Bharathiar University,78,4,14
Prof                                                                                Sampath Kumar Srinivasan,66775,Department of Sociology and Population Studies,Bharathiar University,N/A,N/A,17
Ms                                                                                Gowri  K,219932,Commerce,Bharathiar University,N/A,N/A,10
Dr                                                                                Annapoorani N,120181,Department of Applied Mathematics,Bharathiar University,116,4,18
Dr                                                                                Dr.F.X.Lovelina  Little Flower,140922,Department of Social Work,Bharathiar University,N/A,N/A,16
Dr                                                                                S.Grace  Annapoorani,119525,Department of Textiles and Apparel Design,Bharathiar University,33,3,4
Dr                                                                                Vethamuthu Richard Paul,134321,Department List,Bharathiar University,2,N/A,16
Dr                                                                                Amutha K,120295,Department of Textiles and Apparel Design,Bharathiar University,56,3,7
Dr                                                                                Suvinthra M,122499,Applied Mathematics,Bharathiar University,62,4,12
Dr                                                                                Suja Samiappan,124078,Department of Bio-Chemistry,Bharathiar University,66,4,7
Prof                                                                                Vijaya P P,120531,Department of Nanoscience and Technology,Bharathiar University,13,N/A,10
Mr                                                                                SUJITH T.S,212370,Department of Commerce,Bharathiar University,3,N/A,11
Ms                                                                                Ramya Rajendran,119965,Department of Computer Science,Bharathiar University,4,1,6
Dr                                                                                Ragunath C,508149,Department of Zoology,Bharathiar University,20,3,10
Dr                                                                                Dharmalingam Muthusamy,222435,Department of Computer Science,Bharathiar University,22,2,6
Mrs                                                                                Gomathi R,289954,Department of Management,Bharathiar University,N/A,N/A,8
Dr                                                                                Harikrishna Etti S,121351,Department of Medical Physics,Bharathiar University,272,5,8
Dr                                                                                Govindarajulu Sridharan,172305,Department of Bharathiar School of Management and Entrepreneur Development,Bharathiar University,N/A,N/A,6
Dr                                                                                Nithyadevi N,119700,Department of Applied Mathematics,Bharathiar University,34,3,5
Dr                                                                                Rathinavel S,216714,Department of Electronics and Instrumentation,Bharathiar University,N/A,N/A,5
Mr                                                                                KANNAMUDAIYAR S,386732,Department of Commerce,Bharathiar University,N/A,N/A,6
Dr                                                                                KOMALALAKSHMI JAYARAMAN,410870,Department of Computer Applications,Bharathiar University,N/A,N/A,5
Dr                                                                                Samundeswari Gurunathan,86187,Department of Commerce,Bharathiar University,N/A,N/A,5
Dr                                                                                Gandhimathi Duraisamy,219789,Department of History,Bharathiar University,N/A,N/A,5
Mr                                                                                Vishnu S,328918,Department of Economics,Bharathiar University,N/A,N/A,5
Dr                                                                                Prema K,123396,Department of Education,Bharathiar University,N/A,N/A,5
Dr                                                                                Dhayanand C,131988,Department of Extension and Career Guidance,Bharathiar University,3,1,2
Dr                                                                                Sakthivel pachagounder,120573,Department of Nanoscience and Technology,Bharathiar University,N/A,N/A,1
Dr                                                                                Balasubramaniam Padmanabhan,122332,Department of English and Foreign languages,Bharathiar University,N/A,N/A,1
Prof                                                                                K.MALAR MATHI,122340,Department of Management and Entrepreneur Development,Bharathiar University,N/A,N/A,1
Dr                                                                                W.Rose Varuna,132433,Department of Information Technology,Bharathiar University,1,1,1
Prof                                                                                K J Rajendra Prasad,21379,Department of Chemistry,Bharathiar University,N/A,N/A,N/A
Prof                                                                                Balachandran Krishnan,22450,Department of Mathematics,Bharathiar University,N/A,N/A,N/A
Prof                                                                                Anjali Devi S P,22806,Department of Applied Mathematics,Bharathiar University,N/A,N/A,N/A
Prof                                                                                N Audinarayana,24495,Department of Sociology and Population Studies,Bharathiar University,N/A,N/A,N/A
Prof                                                                                Ananthasayanam R,29388,Department of Educational Technology,Bharathiar University,N/A,N/A,N/A
Dr                                                                                M Jeyarathnam,42037,Department of Women's Studies,Bharathiar University,N/A,N/A,N/A
Dr                                                                                Ramachandran Kandasamy,51191,Department of Physics,Bharathiar University,N/A,N/A,N/A
Dr                                                                                Premasudha Paramasivam,52030,Department of Nanoscience and Technology,Bharathiar University,N/A,N/A,N/A
Prof                                                                                T Devi,52040,Department of Computer Applications,Bharathiar University,N/A,N/A,N/A
Dr                                                                                V Bhuvaneswari,52079,Department of Computer Applications,Bharathiar University,N/A,N/A,N/A
Dr                                                                                T Amudha,52091,Department of Computer Applications,Bharathiar University,N/A,N/A,N/A
Dr                                                                                K G Padmasine,52565,Department of Electronics and Communication Systems,Bharathiar University,N/A,N/A,N/A
Dr                                                                                Gurusamy  Shanmugavelayutham,61411,Department of Physical Education,Bharathiar University,N/A,N/A,N/A
Dr                                                                                Arjunan R,94991,Department of Social Work,Bharathiar University,N/A,N/A,N/A
Dr                                                                                Thangarajathi S,94992,Department of Educational Technology,Bharathiar University,N/A,N/A,N/A
Prof                                                                                Vanitha B,94993,Department of Economics,Bharathiar University,N/A,N/A,N/A
Dr                                                                                Uma Devi N,94994,Department of Management and Entrepreneur Development,Bharathiar University,N/A,N/A,N/A
Dr                                                                                Vinothkumar M,94995,Department of Psychology,Bharathiar University,N/A,N/A,N/A
Dr                                                                                Janardhana Kumar Reddy P,94996,Department of Education,Bharathiar University,N/A,N/A,N/A
Dr                                                                                Krishna K V,94997,Department of Psychology,Bharathiar University,N/A,N/A,N/A
Dr                                                                                Mangayarkarasi K,94998,Department of Women's Studies,Bharathiar University,N/A,N/A,N/A
Dr                                                                                Manikandan R,94999,Department of Economics,Bharathiar University,N/A,N/A,N/A
Dr                                                                                Nalina B,95000,Department of Social Work,Bharathiar University,N/A,N/A,N/A
