Name,Vidwan ID,Department,College,Total Citations,H Index,Journal Articles
Prof                                                                                R C Sharma,66865,Department of Applied Chemistry,Delhi Technological University,7709,45,312
Prof                                                                                Dinesh Kumar Vishwakarma,67089,Department of Information Technology,Delhi Technological University,4387,32,170
Dr                                                                                 Bansi Dhar Malhotra,67157,Department of Biotechnology,Delhi Technological University,20654,77,296
Prof                                                                                Madhushudan Singh,66960,Department of Electrical Engineering,Delhi Technological University,4759,35,224
Dr                                                                                Anil Kumar,67076,Department of Applied Chemistry,Delhi Technological University,7530,42,280
Prof                                                                                Vishal Verma,66965,Department of Electrical Engineering,Delhi Technological University,5280,40,160
Dr                                                                                Kapil Sharma,67002,Department of Information Technology,Delhi Technological University,1152,19,142
Prof                                                                                Ravindra Kumar Sinha,66971,Department of Applied Physics,Delhi Technological University,3376,30,149
Prof                                                                                Ramesh Chandra Singh,66986,Department of Mechanical Engineering,Delhi Technological University,3614,30,197
Prof                                                                                Neeta Pandey,66991,Department of Electronics and Communication Engineering,Delhi Technological University,1470,20,102
Dr                                                                                Anil  Kumar,61761,Department of Mechanical Engineering,Delhi Technological University,5886,43,127
Mr                                                                                Sanjay Kumar,67040,Department of Mechanical Engineering,Delhi Technological University,1257,18,88
Dr                                                                                Rishu Chaujar,67067,,Delhi Technological University,2032,27,86
Prof                                                                                Narendra Kumar,66961,Department of Electrical Engineering,Delhi Technological University,947,17,124
Prof                                                                                Indu Sreedevi,66967,Department of Electronics and Communication Engineering,Delhi Technological University,1098,18,80
Ms                                                                                Poonam Singh,67155,Department of Applied Chemistry,Delhi Technological University,2604,26,146
Prof                                                                                Ravinderjit Singh Walia,66954,Department of Mechanical Engineering,Delhi Technological University,1541,21,92
Dr                                                                                Virender Ranga,48920,,Delhi Technological University,1436,22,83
Prof                                                                                Suresh Chandra Sharma,66972,Department of Applied Physics,Delhi Technological University,706,13,113
Prof                                                                                Seba Susan,67111,Department of Information Technology,Delhi Technological University,1377,20,52
Prof                                                                                Asok De,66958,Department of Electronics and Communication Engineering,Delhi Technological University,792,14,81
Dr                                                                                Vikas Gupta,67100,Delhi School of Management,Delhi Technological University,1367,20,119
Prof                                                                                Qasim Murtaza,66989,Department of Mechanical Engineering,Delhi Technological University,1900,20,82
Prof                                                                                Rajiv Kapoor,66957,Department of Electronics and Communication Engineering,Delhi Technological University,1926,22,73
Prof                                                                                Devendra Kumar,66866,Department of Applied Chemistry,Delhi Technological University,2548,24,120
Prof                                                                                Alka Singh,66976,Department of Electrical Engineering,Delhi Technological University,1010,16,70
Dr                                                                                Akshi Kumar,67060,Department of Computer Science and Engineering,Delhi Technological University,1211,20,62
Dr                                                                                Ruchika Malhotra,67081,Department of Computer Science and Engineering,Delhi Technological University,1910,24,48
Dr                                                                                Ajeet Kumar,61132,Department of Applied Physics,Delhi Technological University,833,17,69
Mr                                                                                Vinod Kumar,66874,Department of Computer Science and Engineering,Delhi Technological University,1163,17,71
Dr                                                                                Jayasimhadri Mula,141483,Department of Applied Physics,Delhi Technological University,4505,43,110
Dr                                                                                Rajni Jindal,66871,Department of Computer Science and Engineering,Delhi Technological University,606,13,39
Prof                                                                                Naresh Kumar,66964,Department of Civil Engineering,Delhi Technological University,2589,24,85
Prof                                                                                Narendra  Kumar,212789,Department of Electrical Engineering,Delhi Technological University,891,16,58
Prof                                                                                Madan Mohan Tripathi,66977,Department of Electrical Engineering,Delhi Technological University,911,17,38
Prof                                                                                Jai Gopal Sharma,66985,Department of Biotechnology,Delhi Technological University,1499,20,90
Prof                                                                                Ram Singh,67075,Department of Applied Chemistry,Delhi Technological University,934,14,77
Prof                                                                                O P Verma,66968,,Delhi Technological University,1808,20,45
Dr                                                                                Gurjit  Kaur,67178,Department of Electronics and Communication Engineering,Delhi Technological University,1497,19,71
Prof                                                                                Raj Kumar Singh,66952,Department of Mechanical Engineering,Delhi Technological University,213,9,48
Prof                                                                                N S Raghava,66966,Department of Electronics and Communication Engineering,Delhi Technological University,292,9,41
Dr                                                                                D R Bhaskar,67175,Department of Electronics and Communication Engineering,Delhi Technological University,2177,28,62
Prof                                                                                Rajinder K Gupta,212747,Department of Applied Chemistry,Delhi Technological University,2507,24,74
Prof                                                                                Rajeshwari Pandey,66992,Department of Electronics and Communication Engineering,Delhi Technological University,838,16,45
Prof                                                                                Bharat Bhushan,66974,Department of Electrical Engineering,Delhi Technological University,319,8,36
Prof                                                                                Amit Srivastava,290435,Department of Civil Engineering,Delhi Technological University,232,8,62
Dr                                                                                Chandra Prakash Singh,67097,Department of Applied Mathematics,Delhi Technological University,689,13,83
Mr                                                                                Rahul Katarya,67114,Department of Computer Science and Engineering,Delhi Technological University,779,13,19
Prof                                                                                Rachana Garg,66973,Department of Electrical Engineering,Delhi Technological University,386,9,31
Prof                                                                                Vinod Kumar  Yadav,212744,Department of Electrical Engineering,Delhi Technological University,761,16,35
Prof                                                                                Suresh Kumar Garg,60493,Department of Mechanical Engineering,Delhi Technological University,2092,24,61
Prof                                                                                Naokant Deo,67017,Department of Applied Mathematics,Delhi Technological University,236,9,73
Dr                                                                                Prashant Giridhar Shambharkar,67032,Department of Computer Science and Engineering,Delhi Technological University,116,6,13
Prof                                                                                Amit Pal,66987,,Delhi Technological University,698,16,53
Prof                                                                                H C Taneja,66969,,Delhi Technological University,186,8,64
Dr                                                                                Yogita Kalra,67066,Department of Applied Physics,Delhi Technological University,695,13,33
Prof                                                                                Ranganathan M S,66988,Department of Mechanical Engineering,Delhi Technological University,575,15,45
Dr                                                                                Mohmmad Rizwan,67105,Department of Electrical Engineering,Delhi Technological University,724,13,34
Dr                                                                                Poornima Mittal,67179,Department of Electronics and Communication Engineering,Delhi Technological University,534,14,20
Dr                                                                                Mohan Singh Mehata,67068,Department of Applied Physics,Delhi Technological University,1097,19,67
Prof                                                                                Pragati Kumar,66962,Department of Electrical Engineering,Delhi Technological University,1028,13,39
Prof                                                                                Dheeraj Joshi,66979,Department of Electrical Engineering,Delhi Technological University,471,12,26
Dr                                                                                Rajeev  Kumar,212764,Department of Computer Science and Engineering,Delhi Technological University,N/A,N/A,45
Dr                                                                                Shilpa Pal,88789,Department of Civil Engineering,Delhi Technological University,48,N/A,25
Dr                                                                                Archna Singh,67101,,Delhi Technological University,3644,17,62
Dr                                                                                Naval Garg,67146,School of Management and Entrepreneurship,Delhi Technological University,516,12,62
Dr                                                                                Yasha Hasija,67082,Department of Biotechnology,Delhi Technological University,610,9,31
Prof                                                                                Mukhtiar Singh,66978,Department of Electrical Engineering,Delhi Technological University,1423,17,30
Dr                                                                                Pawan Kumar Tyagi,67069,Department of Applied Physics,Delhi Technological University,530,13,30
Prof                                                                                Anil Singh Parihar,67113,,Delhi Technological University,400,9,11
Dr                                                                                Manjeet  Kumar,212814,Department of Electronics and Communication Engineering,Delhi Technological University,1051,20,34
Prof                                                                                Samsher,66941,Department of Mechanical Engineering,Delhi Technological University,441,12,34
Dr                                                                                Pravin Kumar,67047,Department of Mechanical Engineering,Delhi Technological University,1273,19,41
Prof                                                                                Ashutosh Trivedi,66946,Department of Civil Engineering,Delhi Technological University,331,12,35
Prof                                                                                Uma Nanagia,66963,Department of Electrical Engineering,Delhi Technological University,386,9,22
Dr                                                                                Malti Bansal,67096,Department of Electronics and Communication Engineering,Delhi Technological University,329,10,6
Dr                                                                                Priyanka Jain,67099,Department of Electronics and Communication Engineering,Delhi Technological University,404,10,25
Dr                                                                                Kamal  Kishor,212740,Department of Applied Physics,Delhi Technological University,160,7,36
Prof                                                                                Nitin Kumar Puri,67063,Department of Applied Physics,Delhi Technological University,499,12,44
Dr                                                                                Amrish Kumar Panwar,67064,Department of Applied Physics,Delhi Technological University,701,17,46
Dr                                                                                Pawan Singh Mehra,212797,Department of Computer Science and Engineering,Delhi Technological University,482,14,22
Dr                                                                                Mukhtiyar Singh,67030,Department of Applied Physics,Delhi Technological University,522,11,40
Dr                                                                                Satyabrata  Adhikari,212739,Department of Applied Mathematics,Delhi Technological University,405,12,49
Dr                                                                                Sudarshan Kumar Babu Valluru,76381,Department of Electrical Engineering,Delhi Technological University,72,5,13
Dr                                                                                Roli Purwar,67071,Department of Applied Chemistry,Delhi Technological University,1285,15,37
Dr                                                                                Dinesh  Kumar,67176,,Delhi Technological University,936,16,27
Prof                                                                                Samsher .,281560,Department of Mechanical Engineering,Delhi Technological University,321,11,36
Prof                                                                                Sudhir G Warkar,66867,Department of Applied Chemistry,Delhi Technological University,324,9,33
Prof                                                                                R S Mishra,66942,Department of Mechanical Engineering,Delhi Technological University,1440,21,35
Prof                                                                                Mini Sreejeth,67104,Department of Electrical Engineering,Delhi Technological University,158,6,14
Dr                                                                                Chandra Mouli  Pandey,212741,Department of Applied Chemistry,Delhi Technological University,1367,22,35
Dr                                                                                Sudarshan Kumar Babu Valluru,67021,Department of Electrical Engineering,Delhi Technological University,72,5,9
Prof                                                                                Anjana Gupta,350521,Department of Applied Mathematics,Delhi Technological University,205,9,43
Dr                                                                                Rajiv Chaudhary,67005,Department of Mechanical Engineering,Delhi Technological University,487,12,23
Dr                                                                                Akhilesh Arora,67038,Department of Mechanical Engineering,Delhi Technological University,716,13,29
Prof                                                                                S Sivaprasad Kumar,67018,Department of Applied Mathematics,Delhi Technological University,332,6,39
Dr                                                                                Pushpendra Singh,67161,Department of Mechanical Engineering,Delhi Technological University,285,8,20
Prof                                                                                Aditya .,114147,,Delhi Technological University,183,9,39
Dr                                                                                Raju Sarkar,67009,Department of Civil Engineering,Delhi Technological University,393,13,34
Dr                                                                                Mayank Kumar,212757,Department of Electrical Engineering,Delhi Technological University,156,7,17
