Name,Vidwan ID,Department,College,Total Citations,H Index,Journal Articles
Prof                                                                                J B Joshi,57203,Department of Chemical Engineering,"Institute of Chemical Technology, Mumbai",16895,63,486
Prof                                                                                Nagaiyan Sekar,57216,Department of Specialty Chemicals Technology,"Institute of Chemical Technology, Mumbai",5734,35,502
Prof                                                                                Ganapati D Yadav,57183,Department of Chemical Engineering,"Institute of Chemical Technology, Mumbai",13463,59,494
Prof                                                                                A B Pandit,57199,Department of Chemical Engineering,"Institute of Chemical Technology, Mumbai",24738,85,382
Prof                                                                                Rekha S Singhal,44785,Department of Food Engineering and Technology,"Institute of Chemical Technology, Mumbai",15988,60,393
Prof                                                                                Ganapati Yadav,44809,Department of Pharmaceutical Sciences and Technology,"Institute of Chemical Technology, Mumbai",13463,59,409
Dr                                                                                Aniruddha Bhalchandra Pandit,42815,Department of Chemical Engineering,"Institute of Chemical Technology, Mumbai",24752,85,376
Dr                                                                                B M Bhanage,57284,Department of Chemical Engineering,"Institute of Chemical Technology, Mumbai",14371,62,390
Dr                                                                                Parag R Gogate,60304,Department of Chemical Engineering,"Institute of Chemical Technology, Mumbai",23109,81,349
Dr                                                                                Mannepalli Lakshmikantam,42856,Department of Chemical Engineering,"Institute of Chemical Technology, Mumbai",15541,66,339
Dr                                                                                V K Rathod,57206,Department of Chemical Engineering,"Institute of Chemical Technology, Mumbai",7965,49,210
Prof                                                                                Uday S Annapure,57235,Department of Food Engineering and Technology,"Institute of Chemical Technology, Mumbai",4128,33,162
Prof                                                                                S T Mhaske,152652,Department of Polymer Engineering and Surface Coatings Technology,"Institute of Chemical Technology, Mumbai",940,14,185
Prof                                                                                Ravindra V Adivarekar,44784,Department of Fibers and Textiles Processing Technology,"Institute of Chemical Technology, Mumbai",750,16,129
Prof                                                                                Vilas Gajanan Gaikar,43406,Department of Chemical Engineering,"Institute of Chemical Technology, Mumbai",3492,32,162
Dr                                                                                P R Vavia,57266,Department of Pharmaceutical Sciences and Technology,"Institute of Chemical Technology, Mumbai",5108,38,148
Dr                                                                                Mangesh D Teli,57229,Department of Fibers and Textiles Processing Technology,"Institute of Chemical Technology, Mumbai",1330,21,122
Dr                                                                                Arvind M Lali,57193,Department of Chemical Engineering,"Institute of Chemical Technology, Mumbai",2487,25,141
Dr                                                                                G S Shankarling,57222,Department of Dyestuff Technology,"Institute of Chemical Technology, Mumbai",2926,27,129
Prof                                                                                Uday Annapure,152548,Department of Food Engineering and Technology,"Institute of Chemical Technology, Mumbai",3575,32,114
Dr                                                                                Purnima D Amin,57255,Department of Pharmaceutical Sciences and Technology,"Institute of Chemical Technology, Mumbai",1635,21,98
Dr                                                                                Smita S Lele,57239,Department of Food Engineering and Technology,"Institute of Chemical Technology, Mumbai",3713,31,103
Dr                                                                                K G Akamanchi,57254,Department of Pharmaceutical Sciences and Technology,"Institute of Chemical Technology, Mumbai",2560,29,102
Dr                                                                                R R Deshmukh,57288,Department of Chemical Engineering,"Institute of Chemical Technology, Mumbai",2623,30,95
Dr                                                                                P D Vaidya,57214,Department of Chemical Engineering,"Institute of Chemical Technology, Mumbai",3887,30,92
Prof                                                                                P A Mahanwar,44787,Department of Polymer Engineering and Surface Coatings Technology,"Institute of Chemical Technology, Mumbai",1311,19,81
Prof                                                                                Sunil S Bhagwat,44783,Department of Chemical Engineering,"Institute of Chemical Technology, Mumbai",1531,20,92
Prof                                                                                Kirti Laddha,49897,Department of Pharmaceutical Sciences and Technology,"Institute of Chemical Technology, Mumbai",462,10,90
Dr                                                                                Archana R Juvekar,57256,Department of Pharmaceutical Sciences and Technology,"Institute of Chemical Technology, Mumbai",1625,19,82
Dr                                                                                Ratnesh Jain,152547,Department of Chemical Engineering,"Institute of Chemical Technology, Mumbai",232,7,70
Dr                                                                                Vandana B Patravale,57258,Department of Pharmaceutical Sciences and Technology,"Institute of Chemical Technology, Mumbai",178,5,76
Dr                                                                                Sanjeev R Shukla,57232,Department of Fibers and Textiles Processing Technology,"Institute of Chemical Technology, Mumbai",1023,20,68
Dr                                                                                Sadhana Sathaye,57260,Department of Pharmaceutical Sciences and Technology,"Institute of Chemical Technology, Mumbai",1500,18,62
Prof                                                                                Anand V Patwardhan,152524,Department of Chemical Engineering,"Institute of Chemical Technology, Mumbai",2070,23,64
Prof                                                                                Prashant S Kharkar,152230,Department of Pharmaceutical Sciences and Technology,"Institute of Chemical Technology, Mumbai",348,11,55
Prof                                                                                Ravindra Kulkarni,380775,"Department of Oils, Oleochemicals and Surfactants Technology","Institute of Chemical Technology, Mumbai",1090,17,49
Dr                                                                                R N Jagtap,57269,Department of Polymer Engineering and Surface Coatings Technology,"Institute of Chemical Technology, Mumbai",731,17,58
Dr                                                                                J M Nagarkar,57286,Department of Chemical Engineering,"Institute of Chemical Technology, Mumbai",1283,22,59
Prof                                                                                G U Chaturbhuj,226846,Department of Pharmaceutical Sciences and Technology,"Institute of Chemical Technology, Mumbai",903,20,55
Dr                                                                                Mariam S Degani,57251,Department of Pharmaceutical Sciences and Technology,"Institute of Chemical Technology, Mumbai",257,10,52
Prof                                                                                Sujit Jogwar,57764,Department of Chemical Engineering,"Institute of Chemical Technology, Mumbai",423,10,16
Prof                                                                                P V Devarajan,44786,Department of Pharmaceutical Sciences and Technology,"Institute of Chemical Technology, Mumbai",448,12,42
Dr                                                                                V N Telvekar,57264,Department of Pharmaceutical Sciences and Technology,"Institute of Chemical Technology, Mumbai",164,7,42
Prof                                                                                Mariam Degani,152720,Department of Pharmaceutical Sciences and Technology,"Institute of Chemical Technology, Mumbai",36,2,41
Mrs                                                                                K V Marathe,57208,Department of Chemical Engineering,"Institute of Chemical Technology, Mumbai",1507,16,33
Prof                                                                                Vivek Gaval,152546,Department of General Engineering,"Institute of Chemical Technology, Mumbai",16,1,30
Dr                                                                                Mohan Narayan,57799,Department of Physics,"Institute of Chemical Technology, Mumbai",343,11,30
Prof                                                                                Sadhana Sathaye,152667,Department of Pharmaceutical Sciences and Technology,"Institute of Chemical Technology, Mumbai",151,8,22
Dr                                                                                S V Panse,57290,Department of Physics,"Institute of Chemical Technology, Mumbai",353,10,21
Dr                                                                                Deepankar Biswas,152523,Department of General Engineering,"Institute of Chemical Technology, Mumbai",102,6,12
Dr                                                                                P M Bhate,57218,Department of Chemical Engineering,"Institute of Chemical Technology, Mumbai",130,7,24
Dr                                                                                Pintu Kumar Kundu,152730,"Department of Oils, Oleochemicals and Surfactants Technology","Institute of Chemical Technology, Mumbai",1107,11,20
Dr                                                                                Prerna Goswami,152599,Department of General Engineering,"Institute of Chemical Technology, Mumbai",6,1,21
Prof                                                                                A K Kalkar,57292,Department of Physics,"Institute of Chemical Technology, Mumbai",255,10,20
Dr                                                                                Hitendra Patil,158956,Department of Library and Information Science,"Institute of Chemical Technology, Mumbai",7,1,16
Dr                                                                                Manishkumar Yadav,152555,Department of Chemical Engineering,"Institute of Chemical Technology, Mumbai",223,9,11
Dr                                                                                Shashank S Tiwari,166745,Department of Chemical Engineering,"Institute of Chemical Technology, Mumbai",180,8,15
Dr                                                                                Manojkumar Jadhao,152622,Department of Chemical Engineering,"Institute of Chemical Technology, Mumbai",190,8,15
Dr                                                                                Shraeddha Tiwari,152716,Department of Chemical Engineering,"Institute of Chemical Technology, Mumbai",29,3,12
Dr                                                                                Vikrant Shertukde,57273,Department of Polymer Engineering and Surface Coatings Technology,"Institute of Chemical Technology, Mumbai",138,5,13
Dr                                                                                Paresh Salame,54301,Department of Physics,"Institute of Chemical Technology, Mumbai",7,N/A,7
Dr                                                                                Sandeep Bhairat,152835,Department of Mathematics,"Institute of Chemical Technology, Mumbai",58,4,10
Dr                                                                                Adarsh Rao,152518,Department of Polymer Engineering and Surface Coatings Technology,"Institute of Chemical Technology, Mumbai",65,4,6
Dr                                                                                Satyajit Saha,152663,Department of Dyestuff Technology,"Institute of Chemical Technology, Mumbai",33,1,9
Dr                                                                                Asfiya Contractor,57225,Department of Fibers and Textiles Processing Technology,"Institute of Chemical Technology, Mumbai",100,4,6
Dr                                                                                Saurav Raj,152543,Department of General Engineering,"Institute of Chemical Technology, Mumbai",N/A,N/A,5
Prof                                                                                N Sekar,44788,Department of Dyestuff Technology,"Institute of Chemical Technology, Mumbai",N/A,N/A,N/A
Dr                                                                                V D Deshpande,44789,Department of Physics,"Institute of Chemical Technology, Mumbai",N/A,N/A,N/A
Dr                                                                                Dilip D Sarode,44790,Department of General Engineering,"Institute of Chemical Technology, Mumbai",N/A,N/A,N/A
Dr                                                                                Laxmi Ananthanarayanan,57249,Department of Food Engineering and Technology,"Institute of Chemical Technology, Mumbai",N/A,N/A,N/A
Dr                                                                                D D Sarode,57293,Department of General Engineering,"Institute of Chemical Technology, Mumbai",N/A,N/A,N/A
Shree                                                                                M A K Kerawalla,57305,Department of General Engineering,"Institute of Chemical Technology, Mumbai",N/A,N/A,N/A
Dr                                                                                A C Rao,57307,Department of General Engineering,"Institute of Chemical Technology, Mumbai",N/A,N/A,N/A
Mrs                                                                                Shravanee Shinde,152226,Department of Pharmaceutical Sciences and Technology,"Institute of Chemical Technology, Mumbai",N/A,N/A,N/A
Dr                                                                                A Vijay Kumar,152232,Department of Chemical Engineering,"Institute of Chemical Technology, Mumbai",N/A,N/A,N/A
Prof                                                                                Kirti Laddha,152233,Department of Pharmaceutical Sciences and Technology,"Institute of Chemical Technology, Mumbai",N/A,N/A,N/A
Prof                                                                                Shreerang Joshi,152234,Department of Pharmaceutical Sciences and Technology,"Institute of Chemical Technology, Mumbai",N/A,N/A,N/A
Dr                                                                                Amiya Ranjan Bhowmick,152236,Department of Mathematics,"Institute of Chemical Technology, Mumbai",N/A,N/A,N/A
Prof                                                                                Smita Lele,152237,Department of Food Engineering and Technology,"Institute of Chemical Technology, Mumbai",N/A,N/A,N/A
Dr                                                                                Mohan Narayan,152240,Department of Physics,"Institute of Chemical Technology, Mumbai",N/A,N/A,N/A
Dr                                                                                Ajit Kumar,152241,Department of Mathematics,"Institute of Chemical Technology, Mumbai",N/A,N/A,N/A
Dr                                                                                Sathish Dyawanapelly,152245,Department of Pharmaceutical Sciences and Technology,"Institute of Chemical Technology, Mumbai",N/A,N/A,N/A
Dr                                                                                Akshay Rane,152246,Department of Mathematics,"Institute of Chemical Technology, Mumbai",N/A,N/A,N/A
Mr                                                                                Ashok Athalye,152248,Department of Fibers and Textiles Processing Technology,"Institute of Chemical Technology, Mumbai",N/A,N/A,N/A
Prof                                                                                Ravindra Kale,152520,Department of Fibers and Textiles Processing Technology,"Institute of Chemical Technology, Mumbai",N/A,N/A,N/A
Dr                                                                                Jyotsna Waghmare,152538,"Department of Oils, Oleochemicals and Surfactants Technology","Institute of Chemical Technology, Mumbai",N/A,N/A,N/A
Mr                                                                                Sharad Lahoti,152557,Department of MBA,"Institute of Chemical Technology, Mumbai",N/A,N/A,N/A
Dr                                                                                Rai Sujit Nath Sahai,152569,Department of General Engineering,"Institute of Chemical Technology, Mumbai",N/A,N/A,N/A
Dr                                                                                Anagha Sabnis,152604,Department of Polymer Engineering and Surface Coatings Technology,"Institute of Chemical Technology, Mumbai",N/A,N/A,N/A
Dr                                                                                Shalini Deb,152606,Department of Chemical Engineering,"Institute of Chemical Technology, Mumbai",N/A,N/A,N/A
Dr                                                                                Shamlan Reshamwala,152628,Department of Chemical Engineering,"Institute of Chemical Technology, Mumbai",N/A,N/A,N/A
Dr                                                                                Aarti More,152642,Department of Polymer Engineering and Surface Coatings Technology,"Institute of Chemical Technology, Mumbai",N/A,N/A,N/A
Dr                                                                                Pavan More,152649,Department of Chemical Engineering,"Institute of Chemical Technology, Mumbai",N/A,N/A,N/A
Prof                                                                                Suresh Pandurang Deshmukh,152657,Department of General Engineering,"Institute of Chemical Technology, Mumbai",N/A,N/A,N/A
Dr                                                                                Stuti Borgohain,152669,Department of Mathematics,"Institute of Chemical Technology, Mumbai",N/A,N/A,N/A
Prof                                                                                Radha Jayaram,152670,Department of Chemical Engineering,"Institute of Chemical Technology, Mumbai",N/A,N/A,N/A
Dr                                                                                Divya V,152679,Department of Mathematics,"Institute of Chemical Technology, Mumbai",N/A,N/A,N/A
Prof                                                                                Usha Sayed,152683,Department of Fibers and Textiles Processing Technology,"Institute of Chemical Technology, Mumbai",N/A,N/A,N/A
Dr                                                                                Sachin Jadhav,152687,Department of Chemical Engineering,"Institute of Chemical Technology, Mumbai",N/A,N/A,N/A
Prof                                                                                Archana Juvekar,152714,Department of Pharmaceutical Sciences and Technology,"Institute of Chemical Technology, Mumbai",N/A,N/A,N/A
