Name,Vidwan ID,Department,College,Total Citations,H Index,Journal Articles
Dr                                                                                Debabrata Panda,61460,Department of Biodiversity and Conservation of Natural Resources,Central University of Odisha,797,13,60
Prof                                                                                Sharat Kumar Palita,61458,Department of Biodiversity and Conservation of Natural Resources,Central University of Odisha,67,6,57
Dr                                                                                Bijayananda Pradhan,152128,Central Library,Central University of Odisha,2,1,20
Dr                                                                                Padma Charan Mishra,483031,Department of Business Management,Central University of Odisha,40,N/A,25
Dr                                                                                Basanta Kumar Bindhani,482930,Department of Anthropology,Central University of Odisha,8,N/A,22
Dr                                                                                Kakoli Banerjee,61459,Department of Biodiversity and Conservation of Natural Resources,Central University of Odisha,233,5,23
Mr                                                                                Sanjeet Kumar Das,61438,Department of English Language and Literature,Central University of Odisha,N/A,N/A,3
Dr                                                                                Jayanta Kumar Nayak,61444,Department of Anthropology,Central University of Odisha,8,2,9
Dr                                                                                Minati Sahoo,61449,Department of Economics,Central University of Odisha,5,1,8
Dr                                                                                Sarbeswar Barik,495283,Department of Mathematics,Central University of Odisha,N/A,N/A,6
Dr                                                                                Jyotiska Datta,98302,Department of Mathematics,Central University of Odisha,72,5,5
Dr                                                                                Subash Chandra  Pattnaik,169509,Department of Business Management,Central University of Odisha,13,2,5
Dr                                                                                Sarbeswar Barik,152136,Department of Computer Science,Central University of Odisha,1,N/A,2
Mr                                                                                Gagana Bihari Suar,494112,Department of Education,Central University of Odisha,N/A,N/A,2
Dr                                                                                Nupur  Pattanaik,167442,Department of Sociology,Central University of Odisha,N/A,N/A,1
Dr                                                                                SAUBHAGYA LAXMI  SINGH,499714,Department of Sociology,Central University of Odisha,N/A,N/A,1
Dr                                                                                Sourav Gupta,44791,Department of Journalism and Mass Communication,Central University of Odisha,N/A,N/A,N/A
Dr                                                                                Alok Baral,61432,Department of Odia Language and Literature,Central University of Odisha,N/A,N/A,N/A
Dr                                                                                Pradosh Kumar Swain,61433,Department of Odia Language and Literature,Central University of Odisha,N/A,N/A,N/A
Dr                                                                                Rudrani Mohanty,61434,Department of Odia Language and Literature,Central University of Odisha,N/A,N/A,N/A
Dr                                                                                Ganesh Prasad Sahu,61435,Department of Odia Language and Literature,Central University of Odisha,N/A,N/A,N/A
Dr                                                                                Mayuri Mishra,61436,Department of Hindi,Central University of Odisha,N/A,N/A,N/A
Dr                                                                                Kapila Khemundu,61440,Department of Sociology,Central University of Odisha,N/A,N/A,N/A
Dr                                                                                Aditya Keshari Mishra,61442,Department of Sociology,Central University of Odisha,N/A,N/A,N/A
Dr                                                                                B K Srinivas,61445,Department of Anthropology,Central University of Odisha,N/A,N/A,N/A
Mr                                                                                Prasant Kumar Behera,61447,Department of Economics,Central University of Odisha,N/A,N/A,N/A
Mr                                                                                Biswajit Bhoi,61448,Department of Economics,Central University of Odisha,N/A,N/A,N/A
Dr                                                                                Pradosh Kumar Rath,61450,Department of Journalism and Mass Communication,Central University of Odisha,N/A,N/A,N/A
Ms                                                                                Sony Parhi,61451,Department of Journalism and Mass Communication,Central University of Odisha,N/A,N/A,N/A
Ms                                                                                Talat Jahan Begum,61452,Department of Journalism and Mass Communication,Central University of Odisha,N/A,N/A,N/A
Dr                                                                                Ramendra Kumar Parhi,61453,Department of Education,Central University of Odisha,N/A,N/A,N/A
Mr                                                                                Patitapaban Rath,61457,Department of Computer Science,Central University of Odisha,N/A,N/A,N/A
Dr                                                                                Ashok Kumar,123224,,Central University of Odisha,N/A,N/A,N/A
Prof                                                                                Akshay Rout,125680,Department of Journalism and Mass Communication,Central University of Odisha,N/A,N/A,N/A
Mr                                                                                Sushant Kumar,153869,Department of Computer Science,Central University of Odisha,N/A,N/A,N/A
Dr                                                                                Birendra Kumar Sadangi,153872,Department of Sanskrit,Central University of Odisha,N/A,N/A,N/A
Dr                                                                                Soumya Ranjan Dash,167539,Department of Hindi,Central University of Odisha,N/A,N/A,N/A
Ms                                                                                SASMITA BEHERA,199425,Education,Central University of Odisha,N/A,N/A,N/A
Prof                                                                                Narasingha Charan Panda,402177,Department of Sanskrit,Central University of Odisha,N/A,N/A,N/A
Dr                                                                                Pradosh Kumar Rath,482889,Department of Journalism and Mass Communication,Central University of Odisha,N/A,N/A,N/A
Dr. Gurjeet Singh Walia,494537,Department of Statistics,Central University of Odisha,N/A,N/A,N/A
Dr                                                                                Nabin Kumar Pradhan,502720,Department of Sanskrit,Central University of Odisha,N/A,N/A,N/A
Dr                                                                                RAGHUNATH OJHA,504534,Department of Odia Language and Literature,Central University of Odisha,N/A,N/A,N/A
Dr                                                                                Deepthi Shanker,532609,Department of Sociology,Central University of Odisha,N/A,N/A,N/A
