Name,Vidwan ID,Department,College,Total Citations,H Index,Journal Articles
Dr                                                                                Anil Kumar,14248,Mechanical and Industrial Engineering,Indian Institute of Technology Roorkee,9218,41,596
Prof                                                                                Anil Kumar,99764,Mechanical and Industrial Engineering,Indian Institute of Technology Roorkee,9218,41,596
Prof                                                                                Brajesh Kumar Kaushik,49696,Electronics and Communication Engineering,Indian Institute of Technology Roorkee,4489,35,201
Prof                                                                                Pant Milli,60507,Applied Science and Engineering,Indian Institute of Technology Roorkee,4298,34,108
Prof                                                                                Girish K. Singh,14152,Electrical Engineering,Indian Institute of Technology Roorkee,7013,41,167
Dr                                                                                R Balasubramanian,49525,Computer Science and Engineering,Indian Institute of Technology Roorkee,4122,30,151
Dr                                                                                C.S.P. Ojha,14045,Civil Engineering,Indian Institute of Technology Roorkee,2491,25,216
Prof                                                                                Patit Paban Kundu,60447,Chemical Engineering,Indian Institute of Technology Roorkee,6388,42,207
Prof                                                                                Pradeep Kumar,49763,Mechanical and Industrial Engineering,Indian Institute of Technology Roorkee,9061,54,201
Dr                                                                                M V Kartikeyan,49664,Electronics and Communication Engineering,Indian Institute of Technology Roorkee,1883,20,112
Dr                                                                                Radhey Shyam Anand,49630,Electrical Engineering,Indian Institute of Technology Roorkee,3694,31,134
Prof                                                                                Vimal Chandra Srivastava,49459,Chemical Engineering,Indian Institute of Technology Roorkee,12730,56,210
Dr                                                                                Partha Pratim  Roy,155233,Computer Science and Engineering,Indian Institute of Technology Roorkee,3587,32,123
Prof                                                                                M.L. Kansal,14320,Water Resources Development and Management,Indian Institute of Technology Roorkee,1125,13,98
Prof                                                                                Kanhaiya Lal Yadav,50276,Physics,Indian Institute of Technology Roorkee,4817,38,189
Dr                                                                                R P Saini,60796,Hydro and Renewable Energy,Indian Institute of Technology Roorkee,7208,47,139
Dr                                                                                S. P. Harsha,49799,Mechanical and Industrial Engineering,Indian Institute of Technology Roorkee,4139,34,167
Prof                                                                                Sudeb Dasgupta,49690,Electronics and Communication Engineering,Indian Institute of Technology Roorkee,1631,21,114
Prof                                                                                Ramesh Chandra,60638,Institute Instrumentation Centre,Indian Institute of Technology Roorkee,4182,36,176
Dr                                                                                Pramod Agarwal,14150,Electrical Engineering,Indian Institute of Technology Roorkee,1862,21,68
Prof                                                                                Sharad Jain,266407,Civil Engineering,Indian Institute of Technology Roorkee,3855,30,92
Prof                                                                                Dinesh Kumar,49749,Mechanical and Industrial Engineering,Indian Institute of Technology Roorkee,2847,28,139
Prof                                                                                Dheerendra Kumar Dwivedi,49744,,Indian Institute of Technology Roorkee,3551,34,132
Prof                                                                                Akshay Dvivedi,99766,,Indian Institute of Technology Roorkee,1972,26,93
Dr                                                                                Absar Ahmad Kazmi,60667,Civil Engineering,Indian Institute of Technology Roorkee,3244,30,138
Prof                                                                                Nagendra Prasad Pathak,49724,,Indian Institute of Technology Roorkee,1031,15,75
Dr                                                                                Vishal  Kumar,155268,Electrical Engineering,Indian Institute of Technology Roorkee,1478,17,67
Prof                                                                                Mahendra Pal Sharma,60783,Hydro and Renewable Energy,Indian Institute of Technology Roorkee,7581,42,105
Dr                                                                                Akhilesh Gupta,14246,Mechanical and Industrial Engineering,Indian Institute of Technology Roorkee,2793,27,115
Dr                                                                                Yogesh Vijay  Hote,155265,Electrical Engineering,Indian Institute of Technology Roorkee,1736,19,68
Prof                                                                                Inderdeep Singh,49810,,Indian Institute of Technology Roorkee,3342,32,97
Dr                                                                                Durga Toshniwal,49535,Computer Science and Engineering,Indian Institute of Technology Roorkee,1827,20,57
Dr                                                                                Bhavesh Bhalja,60795,Electrical Engineering,Indian Institute of Technology Roorkee,1407,23,93
Dr                                                                                Kaushik  Pal,155339,Mechanical and Industrial Engineering,Indian Institute of Technology Roorkee,2103,26,114
Dr                                                                                Debrupa  Lahiri,155356,Metallurgical and Materials Engineering,Indian Institute of Technology Roorkee,6402,42,111
Dr                                                                                Arun Kumar,14336,Hydro and Renewable Energy,Indian Institute of Technology Roorkee,2326,27,92
Prof                                                                                Rajib Chowdhury,99747,Civil Engineering,Indian Institute of Technology Roorkee,3203,33,108
Dr                                                                                AMALENDU  PATNAIK,155285,Electronics and Communication Engineering,Indian Institute of Technology Roorkee,1649,24,42
Prof                                                                                P Bhargava,49488,Civil Engineering,Indian Institute of Technology Roorkee,1474,22,98
Dr                                                                                Chandra Prakash Gupta,49652,Electrical Engineering,Indian Institute of Technology Roorkee,1794,21,75
Dr                                                                                MEENAKSHI  RAWAT,155289,Electronics and Communication Engineering,Indian Institute of Technology Roorkee,1035,15,55
Prof                                                                                M K Pathak,155271,Electrical Engineering,Indian Institute of Technology Roorkee,866,16,55
Dr                                                                                Apurbba Kumar Sharma,49808,Mechanical and Industrial Engineering,Indian Institute of Technology Roorkee,3511,32,79
Prof                                                                                Manoj Mishra,49527,Computer Science and Engineering,Indian Institute of Technology Roorkee,1226,18,39
Dr                                                                                Rahul Dev Garg,49514,Civil Engineering,Indian Institute of Technology Roorkee,1153,16,68
Dr                                                                                S.P. Singh,49650,Electrical Engineering,Indian Institute of Technology Roorkee,1606,21,48
Dr                                                                                Pradeep Kumar Garg,14046,Civil Engineering,Indian Institute of Technology Roorkee,4108,31,84
Dr                                                                                Nikhil  Dhawan,155351,Metallurgical and Materials Engineering,Indian Institute of Technology Roorkee,1132,18,90
Dr                                                                                Mahendra Singh,49503,Civil Engineering,Indian Institute of Technology Roorkee,1289,16,79
Prof                                                                                Bhola Ram Gurjar,49492,Civil Engineering,Indian Institute of Technology Roorkee,2928,26,75
Dr                                                                                Manoranjan Parida,49497,Civil Engineering,Indian Institute of Technology Roorkee,741,15,76
Dr                                                                                Rajdeep Niyogi,49529,Computer Science and Engineering,Indian Institute of Technology Roorkee,531,10,25
Dr                                                                                Mukat Lal Sharma,60577,Earthquake Engineering,Indian Institute of Technology Roorkee,1352,19,83
Dr                                                                                Prasenjit Mondal,49460,Chemical Engineering,Indian Institute of Technology Roorkee,2821,25,92
Prof                                                                                C.Subhash Sharma,49945,Pulp and Paper Technology,Indian Institute of Technology Roorkee,1590,19,43
Prof                                                                                Bhupendra K. Gandhi,14254,,Indian Institute of Technology Roorkee,3140,30,73
Prof                                                                                Zulfequar Ahmad,49487,Civil Engineering,Indian Institute of Technology Roorkee,924,17,86
Dr                                                                                SPARSH  MITTAL,155282,Electronics and Communication Engineering,Indian Institute of Technology Roorkee,3857,28,53
Dr                                                                                Barjeev Tyagi,49651,Electrical Engineering,Indian Institute of Technology Roorkee,1605,19,48
Prof                                                                                Kamal Jain,14051,Civil Engineering,Indian Institute of Technology Roorkee,820,13,50
Prof                                                                                Manoj Tripathy,99752,Electrical Engineering,Indian Institute of Technology Roorkee,735,14,39
Dr                                                                                KARUN  RAWAT,155288,Electronics and Communication Engineering,Indian Institute of Technology Roorkee,1417,19,50
Dr                                                                                Sanjeev Manhas,49704,Electronics and Communication Engineering,Indian Institute of Technology Roorkee,794,14,48
Dr                                                                                Umesh Kumar Sharma,49523,Civil Engineering,Indian Institute of Technology Roorkee,877,17,78
Dr                                                                                Arup Kumar  Das,155330,Mechanical and Industrial Engineering,Indian Institute of Technology Roorkee,620,13,86
Dr                                                                                Ujjwal Prakash,49888,Metallurgical and Materials Engineering,Indian Institute of Technology Roorkee,1441,21,81
Prof                                                                                Thanga Raj Chelliah,99773,Water Resources Development and Management,Indian Institute of Technology Roorkee,856,14,26
Dr                                                                                Bhupinder Singh,155227,Civil Engineering,Indian Institute of Technology Roorkee,1200,18,85
Dr                                                                                Sumeer K. Nath,49800,Metallurgical and Materials Engineering,Indian Institute of Technology Roorkee,1473,24,72
Dr                                                                                Indra Vir Singh,49801,Mechanical and Industrial Engineering,Indian Institute of Technology Roorkee,2284,28,87
Prof                                                                                Manoj Tripathy,276014,Electrical Engineering,Indian Institute of Technology Roorkee,755,15,38
Prof                                                                                Ajit Kumar Chaturvedi,4988,Electronics and Communication Engineering,Indian Institute of Technology Roorkee,742,14,53
Prof                                                                                Bhanu K. Mishra,14245,Mechanical and Industrial Engineering,Indian Institute of Technology Roorkee,2277,27,75
Prof                                                                                Manoj Kumar Jain,5687,Hydrology,Indian Institute of Technology Roorkee,1542,25,78
Dr                                                                                Anjan Sil,14295,Metallurgical and Materials Engineering,Indian Institute of Technology Roorkee,748,13,75
Dr                                                                                Shishir Sinha,49456,Chemical Engineering,Indian Institute of Technology Roorkee,1203,18,73
Prof                                                                                Amit Kumar Dhiman,49458,Chemical Engineering,Indian Institute of Technology Roorkee,1557,21,86
Dr                                                                                G. P Chaudhari,49880,Metallurgical and Materials Engineering,Indian Institute of Technology Roorkee,1441,24,53
Prof                                                                                Sanjay Kumar Ghosh,32677,Civil Engineering,Indian Institute of Technology Roorkee,709,13,50
Dr                                                                                K Arun Saraf,49552,Earth Sciences,Indian Institute of Technology Roorkee,2507,28,72
Dr                                                                                SOURAJEET  ROY,155290,Electronics and Communication Engineering,Indian Institute of Technology Roorkee,458,10,27
Prof                                                                                S.K. Singal,84077,Hydro and Renewable Energy,Indian Institute of Technology Roorkee,2216,22,43
Dr                                                                                G N  Pillai,155272,Electrical Engineering,Indian Institute of Technology Roorkee,913,18,35
Dr                                                                                Biswarup Das,49631,Electrical Engineering,Indian Institute of Technology Roorkee,2510,27,64
Dr                                                                                Premalata  Jena,155266,Electrical Engineering,Indian Institute of Technology Roorkee,648,12,32
Dr                                                                                Indranil  Lahiri,155357,Metallurgical and Materials Engineering,Indian Institute of Technology Roorkee,3028,21,61
Dr                                                                                Krishnan Murugesan,49796,Mechanical and Industrial Engineering,Indian Institute of Technology Roorkee,1960,25,62
Dr                                                                                Anand Bulusu,49684,Electronics and Communication Engineering,Indian Institute of Technology Roorkee,343,11,36
Dr                                                                                Rahul S  Mulik,155338,Mechanical and Industrial Engineering,Indian Institute of Technology Roorkee,1105,19,66
Dr                                                                                Govind Joseph Chakrapani,43099,Earth Sciences,Indian Institute of Technology Roorkee,2281,27,66
Dr                                                                                Sudip  Roy,155234,Computer Science and Engineering,Indian Institute of Technology Roorkee,620,12,21
Dr                                                                                Suhrit  Mula,155358,Metallurgical and Materials Engineering,Indian Institute of Technology Roorkee,1064,19,64
Dr                                                                                P Sateesh Kumar,155232,Computer Science and Engineering,Indian Institute of Technology Roorkee,854,16,16
Dr                                                                                Navneet Arora,14252,Mechanical and Industrial Engineering,Indian Institute of Technology Roorkee,851,17,46
Dr                                                                                Pradeep K Jha,155333,Mechanical and Industrial Engineering,Indian Institute of Technology Roorkee,1238,16,45
Dr                                                                                Bal Krishna Maheshwari,49542,Earthquake Engineering,Indian Institute of Technology Roorkee,809,16,42
Dr                                                                                Eugene  Fernandez,155263,Electrical Engineering,Indian Institute of Technology Roorkee,875,14,28
Dr                                                                                Jay Prakash Narayan,14124,Earthquake Engineering,Indian Institute of Technology Roorkee,562,15,60
Dr                                                                                Jayanta Kumar Ghosh,49515,Civil Engineering,Indian Institute of Technology Roorkee,292,10,43
Dr                                                                                Narendra Kumar Samadhiya,49502,Civil Engineering,Indian Institute of Technology Roorkee,701,11,40
Dr                                                                                Ravi S Jakka,155255,Earthquake Engineering,Indian Institute of Technology Roorkee,605,12,39
Dr                                                                                Sandeep Singh,14085,Earth Sciences,Indian Institute of Technology Roorkee,1653,22,56
Dr                                                                                PYARI MOHAN  PRADHAN,155287,Electronics and Communication Engineering,Indian Institute of Technology Roorkee,732,12,24
Dr                                                                                Priti Maheshwari,49519,Civil Engineering,Indian Institute of Technology Roorkee,369,10,48
Dr                                                                                Vimal  Kumar,155204,,Indian Institute of Technology Roorkee,1905,22,48
Dr                                                                                Ramudu Meka  Sai,155359,Metallurgical and Materials Engineering,Indian Institute of Technology Roorkee,610,16,51
Prof                                                                                Dheeraj K Khatod,99751,Electrical Engineering,Indian Institute of Technology Roorkee,1890,18,21
Dr                                                                                Sudipta Sarkar,155225,Civil Engineering,Indian Institute of Technology Roorkee,1379,17,36
Dr                                                                                Gangopadhyay Sugata,49526,Computer Science and Engineering,Indian Institute of Technology Roorkee,369,10,38
Mr                                                                                Nitin Arora,79395,,Indian Institute of Technology Roorkee,32,3,52
Dr                                                                                Pramod Kumar Sharma,49513,Civil Engineering,Indian Institute of Technology Roorkee,570,14,50
Dr                                                                                Muthiah Perumal,49745,Hydrology,Indian Institute of Technology Roorkee,636,16,41
Dr                                                                                Ganesh  Kumbhar,155269,Electrical Engineering,Indian Institute of Technology Roorkee,670,13,23
Prof                                                                                Ram Prakash Bharti,99736,Chemical Engineering,Indian Institute of Technology Roorkee,1548,20,40
Dr                                                                                Satyendra Mittal,49517,Civil Engineering,Indian Institute of Technology Roorkee,507,10,35
Dr                                                                                Mohammad Israil,14090,Earth Sciences,Indian Institute of Technology Roorkee,672,14,46
Dr                                                                                Krishna Mohan Singh,49811,,Indian Institute of Technology Roorkee,528,13,36
Dr                                                                                Himanshu Joshi,14185,Hydrology,Indian Institute of Technology Roorkee,421,12,42
Dr                                                                                Avik Bhattacharya,155258,Electrical Engineering,Indian Institute of Technology Roorkee,676,7,14
Dr                                                                                Ankit  Agarwal,155305,Hydrology,Indian Institute of Technology Roorkee,814,18,50
Dr                                                                                Brijesh Kumar  Yadav,155307,Hydrology,Indian Institute of Technology Roorkee,730,16,45
Dr                                                                                Manish M  Joglekar,155335,Mechanical and Industrial Engineering,Indian Institute of Technology Roorkee,885,19,40
Dr                                                                                Vikram V Dabhade,155349,Metallurgical and Materials Engineering,Indian Institute of Technology Roorkee,339,11,37
Dr                                                                                Josodhir Das,49551,Earthquake Engineering,Indian Institute of Technology Roorkee,581,15,34
Dr                                                                                D Benny  Karunakar,155336,Mechanical and Industrial Engineering,Indian Institute of Technology Roorkee,668,12,35
Dr                                                                                Andallib Tariq,49798,Mechanical and Industrial Engineering,Indian Institute of Technology Roorkee,376,12,39
Dr                                                                                Vivek Pancholi,49889,Metallurgical and Materials Engineering,Indian Institute of Technology Roorkee,798,17,28
Dr                                                                                Indrajit Ghosh,155222,Civil Engineering,Indian Institute of Technology Roorkee,371,11,33
Dr                                                                                Anubrata  Dey,155261,Electrical Engineering,Indian Institute of Technology Roorkee,349,8,18
Dr                                                                                Subudhi  Sudhakar,155344,Mechanical and Industrial Engineering,Indian Institute of Technology Roorkee,801,11,25
Dr                                                                                Debashis Ghosh,49669,Electronics and Communication Engineering,Indian Institute of Technology Roorkee,487,9,8
Dr                                                                                Sudakshina Dutta,155221,Civil Engineering,Indian Institute of Technology Roorkee,1787,21,38
Dr                                                                                BIPLAB  SARKAR,155292,Electronics and Communication Engineering,Indian Institute of Technology Roorkee,644,14,31
Prof                                                                                Sanjay Ghosh,268553,Civil Engineering,Indian Institute of Technology Roorkee,436,12,28
Dr                                                                                Indra Gupta,14154,Electrical Engineering,Indian Institute of Technology Roorkee,1133,16,21
Dr                                                                                N Siva Mohan Reddy,155206,Chemical Engineering,Indian Institute of Technology Roorkee,1410,20,35
Prof                                                                                Kamal,155243,Earth Sciences,Indian Institute of Technology Roorkee,465,13,38
Dr                                                                                Sohom  Chakrabarty,155259,Electrical Engineering,Indian Institute of Technology Roorkee,381,10,17
Prof                                                                                P. Sumathi,99753,Electrical Engineering,Indian Institute of Technology Roorkee,301,10,26
Prof                                                                                Sanjeev Kumar,99760,Hydro and Renewable Energy,Indian Institute of Technology Roorkee,1484,20,31
Dr                                                                                Prakash  Biswas,155198,Chemical Engineering,Indian Institute of Technology Roorkee,923,16,39
Prof                                                                                Dharmendra  Singh,155236,Computer Science and Engineering,Indian Institute of Technology Roorkee,82,5,17
Dr                                                                                Hari Prakash  Veluswamy,155210,Chemical Engineering,Indian Institute of Technology Roorkee,2042,20,33
Dr                                                                                Rajat Rastogi,49520,Civil Engineering,Indian Institute of Technology Roorkee,561,13,31
Dr                                                                                Shabina  Khanam,155202,Chemical Engineering,Indian Institute of Technology Roorkee,543,13,38
Dr                                                                                Vinay  Pant,155270,Electrical Engineering,Indian Institute of Technology Roorkee,1256,19,30
Dr                                                                                Pradhan Sarada  Prasad,155247,Earth Sciences,Indian Institute of Technology Roorkee,843,14,28
Dr                                                                                K S  Suresh,155360,Metallurgical and Materials Engineering,Indian Institute of Technology Roorkee,417,12,30
Dr                                                                                Akhil Upadhyay,49507,Civil Engineering,Indian Institute of Technology Roorkee,310,9,29
Prof                                                                                Vinay Kumar Tyagi,99748,Civil Engineering,Indian Institute of Technology Roorkee,1542,20,26
Dr                                                                                RAJIB KUMAR  PANIGRAHI,155283,Electronics and Communication Engineering,Indian Institute of Technology Roorkee,131,6,19
Dr                                                                                K. S. Hari Prasad,49501,Civil Engineering,Indian Institute of Technology Roorkee,236,9,28
Dr                                                                                Sumit  Sen,155306,Hydrology,Indian Institute of Technology Roorkee,393,12,29
Dr                                                                                Kirtiraj K Gaikwad,155362,Paper Technology,Indian Institute of Technology Roorkee,361,12,24
Dr                                                                                Prateek Kumar  Jha,155201,Chemical Engineering,Indian Institute of Technology Roorkee,586,15,26
Dr                                                                                Biplab  Bhattacharya,155239,Earth Sciences,Indian Institute of Technology Roorkee,297,12,30
Dr                                                                                ANSHUL  TYAGI,155294,Electronics and Communication Engineering,Indian Institute of Technology Roorkee,130,7,15
Dr                                                                                Sourav  Das,155350,Metallurgical and Materials Engineering,Indian Institute of Technology Roorkee,430,10,30
Dr                                                                                Sadhan  Ghosh,155352,Metallurgical and Materials Engineering,Indian Institute of Technology Roorkee,225,8,27
Dr                                                                                Anish  Karmakar,155353,Metallurgical and Materials Engineering,Indian Institute of Technology Roorkee,411,12,25
Prof                                                                                Dheeraj Kumar,99754,Electronics and Communication Engineering,Indian Institute of Technology Roorkee,360,11,14
Dr                                                                                Jeevanand  Seshadrinath,155273,Electrical Engineering,Indian Institute of Technology Roorkee,469,6,13
Dr                                                                                Ambalika  Sharma,155275,Electrical Engineering,Indian Institute of Technology Roorkee,117,7,11
Dr                                                                                BRIJESH  KUMAR,155281,Electronics and Communication Engineering,Indian Institute of Technology Roorkee,193,7,23
Dr                                                                                Siladitya  Pal,155340,Mechanical and Industrial Engineering,Indian Institute of Technology Roorkee,738,13,21
Dr                                                                                Abhisek K. Behera,271332,Electrical Engineering,Indian Institute of Technology Roorkee,572,12,12
Dr                                                                                Ankit  Bansal,155329,Mechanical and Industrial Engineering,Indian Institute of Technology Roorkee,205,8,18
Dr                                                                                Kirti Bhushan  Mishra,155337,Mechanical and Industrial Engineering,Indian Institute of Technology Roorkee,313,10,24
Dr                                                                                Pitambar  Pati,155246,Earth Sciences,Indian Institute of Technology Roorkee,189,9,23
Dr                                                                                Dhish Kumar  Saxena,155341,Mechanical and Industrial Engineering,Indian Institute of Technology Roorkee,581,11,10
Dr                                                                                Pushparaj Mani Pathak,49806,Mechanical and Industrial Engineering,Indian Institute of Technology Roorkee,63,3,13
Prof                                                                                Arindam Biswas,99727,Architecture and Planning,Indian Institute of Technology Roorkee,53,4,17
Prof                                                                                Amit Agarwal,99744,Civil Engineering,Indian Institute of Technology Roorkee,136,8,13
Dr                                                                                ARNAB  DATTA,155279,Electronics and Communication Engineering,Indian Institute of Technology Roorkee,129,6,22
Dr                                                                                ANSHUL  JAISWAL,155280,Electronics and Communication Engineering,Indian Institute of Technology Roorkee,273,9,15
Dr                                                                                Sushanta  Dutta,155331,Mechanical and Industrial Engineering,Indian Institute of Technology Roorkee,504,12,22
Dr                                                                                Shailesh  Ganpule,155332,Mechanical and Industrial Engineering,Indian Institute of Technology Roorkee,526,10,17
Dr                                                                                Puri Devendra,14300,Metallurgical and Materials Engineering,Indian Institute of Technology Roorkee,743,15,20
Dr                                                                                Amit Kumar Sen,49607,Earth Sciences,Indian Institute of Technology Roorkee,266,10,22
Dr                                                                                Deep  Kiran,155267,Electrical Engineering,Indian Institute of Technology Roorkee,144,4,9
Dr                                                                                BISHNU PRASAD  DAS,155278,Electronics and Communication Engineering,Indian Institute of Technology Roorkee,146,7,11
Dr                                                                                Abinash Kumar  Swain,155345,Mechanical and Industrial Engineering,Indian Institute of Technology Roorkee,248,9,21
Dr                                                                                Piyush Vijay Jagtap,287921,Metallurgical and Materials Engineering,Indian Institute of Technology Roorkee,143,8,17
Dr                                                                                Manish Shrikhande,14127,Earthquake Engineering,Indian Institute of Technology Roorkee,243,9,18
Prof                                                                                Vidit Gaur,99765,Mechanical and Industrial Engineering,Indian Institute of Technology Roorkee,169,8,16
Dr                                                                                Sharmili  Das,155260,Electrical Engineering,Indian Institute of Technology Roorkee,194,5,5
Dr                                                                                Taraknath  Das,155199,Chemical Engineering,Indian Institute of Technology Roorkee,196,7,20
Dr                                                                                Pushpa Choudhary,155220,Civil Engineering,Indian Institute of Technology Roorkee,559,13,20
Dr                                                                                Ravi  Sharma,155249,Earth Sciences,Indian Institute of Technology Roorkee,85,7,14
Dr                                                                                ABHAY KUMAR  SAH,155291,Electronics and Communication Engineering,Indian Institute of Technology Roorkee,111,6,9
Dr                                                                                Pratham  Arora,155302,Hydro and Renewable Energy,Indian Institute of Technology Roorkee,286,8,12
Prof                                                                                Rahul Thakur,99749,Computer Science and Engineering,Indian Institute of Technology Roorkee,197,8,9
Dr                                                                                Ashwini Kumar  Sharma,155207,Chemical Engineering,Indian Institute of Technology Roorkee,129,7,20
Dr                                                                                Sonalisa Ray,155223,Civil Engineering,Indian Institute of Technology Roorkee,207,8,14
Dr                                                                                Sanjay H  Upadhyay,155346,Mechanical and Industrial Engineering,Indian Institute of Technology Roorkee,83,5,14
Prof                                                                                Rhythm Singh,99759,Hydro and Renewable Energy,Indian Institute of Technology Roorkee,246,8,7
Dr                                                                                Sandeep Kumar  Garg,155231,Computer Science and Engineering,Indian Institute of Technology Roorkee,50,5,15
Dr                                                                                VINOD  PANKAJAKSHAN,155284,Electronics and Communication Engineering,Indian Institute of Technology Roorkee,102,6,8
Dr                                                                                Dhanashri M  Joglekar,155334,Mechanical and Industrial Engineering,Indian Institute of Technology Roorkee,157,7,9
Dr                                                                                Praveen Kumar,14054,Civil Engineering,Indian Institute of Technology Roorkee,88,5,9
Dr                                                                                Chhaya Sharma,50036,Pulp and Paper Technology,Indian Institute of Technology Roorkee,52,4,13
Dr                                                                                Shubhankar Roy Chowdhury,155224,Civil Engineering,Indian Institute of Technology Roorkee,277,10,15
Dr                                                                                Bhanu Prakash Vellanki,155229,Civil Engineering,Indian Institute of Technology Roorkee,374,8,15
Dr                                                                                SANHITA DAS,228188,Civil Engineering,Indian Institute of Technology Roorkee,288,9,14
Dr                                                                                Raja Chowdhury,99746,Civil Engineering,Indian Institute of Technology Roorkee,268,7,14
Dr                                                                                Raksha  Sharma,155235,Computer Science and Engineering,Indian Institute of Technology Roorkee,64,3,2
Dr                                                                                Sandeep  Bhatt,155238,Earth Sciences,Indian Institute of Technology Roorkee,347,10,15
Dr                                                                                Vibhore Kumar  Rastogi,155363,Paper Technology,Indian Institute of Technology Roorkee,244,6,12
Dr                                                                                Sanjay Chikermane,155219,Civil Engineering,Indian Institute of Technology Roorkee,116,6,8
Dr                                                                                Akanksha Tyagi,155228,Civil Engineering,Indian Institute of Technology Roorkee,209,7,11
Dr                                                                                Saha  Lopamudra,155244,Earth Sciences,Indian Institute of Technology Roorkee,299,8,14
Dr                                                                                Arnab  Dey,155262,Electrical Engineering,Indian Institute of Technology Roorkee,81,6,7
Dr                                                                                Sumit Ghatak  Choudhuri,155264,Electrical Engineering,Indian Institute of Technology Roorkee,27,3,3
Dr                                                                                Avanish  Tripathi,155274,Electrical Engineering,Indian Institute of Technology Roorkee,108,6,3
Dr                                                                                Sneha  Singh,155343,Mechanical and Industrial Engineering,Indian Institute of Technology Roorkee,90,6,10
Dr                                                                                Mukesh  Bhardwaj,155348,Metallurgical and Materials Engineering,Indian Institute of Technology Roorkee,218,8,14
Dr                                                                                Gaurav  Sharma,155208,Chemical Engineering,Indian Institute of Technology Roorkee,91,5,12
Dr                                                                                Ashutosh  Chamoli,155240,Earth Sciences,Indian Institute of Technology Roorkee,265,9,14
Dr                                                                                Abhishek  Tewari,155361,Metallurgical and Materials Engineering,Indian Institute of Technology Roorkee,113,7,12
Prof                                                                                Shubhajit Sadhukhan,99728,Architecture and Planning,Indian Institute of Technology Roorkee,97,5,8
Dr                                                                                Deepak Kumar  Ojha,155205,Chemical Engineering,Indian Institute of Technology Roorkee,379,10,11
Dr                                                                                R N Dubey,155253,Earthquake Engineering,Indian Institute of Technology Roorkee,119,5,8
Dr                                                                                Varun A  Baheti,155347,Metallurgical and Materials Engineering,Indian Institute of Technology Roorkee,152,8,12
Dr                                                                                Anshu  Anand,155197,Chemical Engineering,Indian Institute of Technology Roorkee,288,5,9
Dr                                                                                Dharmendra Pratap  Singh,155251,Earth Sciences,Indian Institute of Technology Roorkee,99,7,11
Dr                                                                                DARSHAK  BHATT,155276,Electronics and Communication Engineering,Indian Institute of Technology Roorkee,98,5,7
Dr                                                                                B Venkata Manoj Kumar,155354,Metallurgical and Materials Engineering,Indian Institute of Technology Roorkee,110,5,8
Dr                                                                                Arka  Lahiri,155355,Metallurgical and Materials Engineering,Indian Institute of Technology Roorkee,72,5,9
Dr                                                                                VISHVENDRA SINGH  POONIA,155286,Electronics and Communication Engineering,Indian Institute of Technology Roorkee,40,2,6
Dr                                                                                Amit  Bhosale,155303,Hydro and Renewable Energy,Indian Institute of Technology Roorkee,91,5,5
Dr                                                                                Kunal Arora,354263,Department of Design,Indian Institute of Technology Roorkee,51,N/A,9
Dr                                                                                Anupam Chakrabarti,49511,Civil Engineering,Indian Institute of Technology Roorkee,28,4,8
Dr                                                                                Pramod Kumar,49516,Civil Engineering,Indian Institute of Technology Roorkee,15,2,8
Dr                                                                                R. Krishnamurthi,49604,Earth Sciences,Indian Institute of Technology Roorkee,31,3,9
Dr                                                                                R Vinnarasi,155230,Civil Engineering,Indian Institute of Technology Roorkee,211,6,8
Prof                                                                                Joshi  Anand,155237,Earth Sciences,Indian Institute of Technology Roorkee,57,4,6
Dr                                                                                Vipul  Silwal,155250,Earth Sciences,Indian Institute of Technology Roorkee,167,6,7
Dr                                                                                Uttam Kumar Roy,155180,Architecture and Planning,Indian Institute of Technology Roorkee,28,2,4
Dr                                                                                Sudheer Kumar  Tiwari,155252,Earth Sciences,Indian Institute of Technology Roorkee,53,4,5
Dr                                                                                M K  Singhal,155304,Hydro and Renewable Energy,Indian Institute of Technology Roorkee,76,3,3
Dr                                                                                Vipul Prakash,49490,Civil Engineering,Indian Institute of Technology Roorkee,24,2,5
Prof                                                                                Anumita Mishra,99745,Civil Engineering,Indian Institute of Technology Roorkee,25,2,5
Dr                                                                                Alok Bhardwaj,155218,Civil Engineering,Indian Institute of Technology Roorkee,40,3,5
Dr                                                                                Pallavi  Chattopadhyay,155241,Earth Sciences,Indian Institute of Technology Roorkee,55,3,4
Dr                                                                                Champoungam  Panmei,155245,Earth Sciences,Indian Institute of Technology Roorkee,64,3,4
Dr                                                                                P C Ashwin Kumar,155256,Earthquake Engineering,Indian Institute of Technology Roorkee,13,3,3
Dr                                                                                Saurabh  Shiradhonkar,155257,Earthquake Engineering,Indian Institute of Technology Roorkee,35,2,2
Dr                                                                                Aditya Singh,155226,Civil Engineering,Indian Institute of Technology Roorkee,104,2,3
Ms                                                                                Rita Ahuja,13972,Architecture and Planning,Indian Institute of Technology Roorkee,1,1,N/A
Prof                                                                                Dharm Dutt,14210,Pulp and Paper Technology,Indian Institute of Technology Roorkee,18,2,3
Dr                                                                                Huzur Saran V.,14255,Mechanical and Industrial Engineering,Indian Institute of Technology Roorkee,24,3,2
Dr                                                                                Sumana  Ghosh,155200,Chemical Engineering,Indian Institute of Technology Roorkee,15,1,3
Dr                                                                                C Veeramani,155209,Chemical Engineering,Indian Institute of Technology Roorkee,62,3,3
Dr                                                                                Subhash Chandra Sharma,14202,Pulp and Paper Technology,Indian Institute of Technology Roorkee,2,1,N/A
Dr                                                                                G.D. Ransinchung,49512,Civil Engineering,Indian Institute of Technology Roorkee,35,1,2
Dr                                                                                B.S.S. Daniel,49813,Metallurgical and Materials Engineering,Indian Institute of Technology Roorkee,33,2,1
Mr                                                                                Abhishek Kumar,389914,Electronics and Communication Engineering,Indian Institute of Technology Roorkee,N/A,N/A,N/A
Dr                                                                                Pankaj Agrawal,14129,Earthquake Engineering,Indian Institute of Technology Roorkee,N/A,N/A,N/A
Dr                                                                                Dhyan Singh Arya,14186,Hydrology,Indian Institute of Technology Roorkee,26,1,1
Prof                                                                                Pradeep K. Sahoo,14253,Mechanical and Industrial Engineering,Indian Institute of Technology Roorkee,2,1,1
Dr                                                                                Sharvan Kumar,14301,Metallurgical and Materials Engineering,Indian Institute of Technology Roorkee,16,1,1
Dr                                                                                Yogendra Singh,31694,Earthquake Engineering,Indian Institute of Technology Roorkee,N/A,N/A,N/A
Dr                                                                                Mohd. Ashraf Iqbal,49518,Civil Engineering,Indian Institute of Technology Roorkee,58,1,N/A
Dr                                                                                Vishwas A Sawant Abhimanyu,49524,Civil Engineering,Indian Institute of Technology Roorkee,3,1,1
Prof                                                                                P Surendra Singh,49955,Pulp and Paper Technology,Indian Institute of Technology Roorkee,6,1,1
Dr                                                                                Shushil  Kumar,155203,Chemical Engineering,Indian Institute of Technology Roorkee,4,1,1
Dr                                                                                S G Gupta,155254,Earthquake Engineering,Indian Institute of Technology Roorkee,N/A,N/A,1
Dr                                                                                Varun  Sharma,155342,Mechanical and Industrial Engineering,Indian Institute of Technology Roorkee,30,1,1
Dr                                                                                RAHUL KUMAR GARG,223547,Hydro and Renewable Energy,Indian Institute of Technology Roorkee,N/A,N/A,N/A
Prof                                                                                Patit Paban Kundu,273579,Chemical Engineering,Indian Institute of Technology Roorkee,N/A,N/A,N/A
Prof                                                                                B.S.S.  Daniel,524187,Metallurgical and Materials Engineering,Indian Institute of Technology Roorkee,N/A,N/A,N/A
Prof                                                                                B.S.S.  Daniel,524187,Metallurgical and Materials Engineering,Indian Institute of Technology Roorkee,N/A,N/A,N/A
