Name,Vidwan ID,Department,College,Total Citations,H Index,Journal Articles
Dr                                                                                Debasis Das,121911,Department of Chemistry,Calcutta University,41095,97,1030
Dr                                                                                Ashutosh Ghosh,60490,Department of Chemistry,Calcutta University,7881,48,301
Dr                                                                                Krishnendu Acharya,61096,Department of Botany,Calcutta University,6618,41,257
Dr                                                                                Nabendu Chaki,60530,Department of Computer Science and Engineering,Calcutta University,1010,16,47
Dr                                                                                Nikhil Guchhait,60488,Department of Chemistry,Calcutta University,4827,37,238
Dr                                                                                Rajat Kumar Pal,122069,Department of Computer Science and Engineering,Calcutta University,820,15,59
Dr                                                                                Sudipta Bandyopadhyay,59014,Department of Physics,Calcutta University,1319,19,132
Dr                                                                                Madhuchhanda  Mitra,121991,Department of Applied Physics,Calcutta University,2034,21,78
Dr                                                                                Chhanda Mukhopadhyay,121904,Department of Chemistry,Calcutta University,2446,26,132
Dr                                                                                Goutam Kumar Saha,121944,Department of Zoology,Calcutta University,1189,19,125
Dr                                                                                Achintya Saha,18556,Department of Chemical Technology,Calcutta University,1858,22,123
Dr                                                                                Subir  Bera,122175,Department of Botany,Calcutta University,1591,19,126
Dr                                                                                Debnarayan Jana,121922,Department of Physics,Calcutta University,2378,25,107
Dr                                                                                Sukhendu Mandal,226865,Department of Microbiology,Calcutta University,1410,24,108
Dr                                                                                Sasanka sekhar Mohanta,122127,Department of Chemistry,Calcutta University,3410,34,120
Dr                                                                                Sanatan Chattopadhyay,122104,Department of Electronic Science,Calcutta University,1221,18,77
Dr                                                                                Smritimoy Pramanik,122148,Department of Chemistry,Calcutta University,3664,27,91
Dr                                                                                Sumita Jha,59070,Department of Botany,Calcutta University,1592,22,94
Dr                                                                                Animesh Pramanik,121833,Department of Chemistry,Calcutta University,1592,22,112
Dr                                                                                Sudipta  Ray,122186,Department of Botany,Calcutta University,2771,32,107
Dr                                                                                Subhasis Roy,122170,Department of Chemical Engineering,Calcutta University,368,11,78
Dr                                                                                Parongama Sen,122037,Department of Physics,Calcutta University,1133,16,94
Dr                                                                                Abhijit  Bandyopadhyay,121817,Department of Polymer Science and Technology,Calcutta University,1738,24,91
Dr                                                                                Mahua  Ghosh,121997,Department of Chemical Technology,Calcutta University,1298,19,96
Dr                                                                                Susmita  Sarkar,122212,Department of Applied Mathematics,Calcutta University,985,15,91
Dr                                                                                Aritra Banerjee,121858,Department of Physics,Calcutta University,2298,26,73
Dr                                                                                Gautam  Aditya,121940,Department of Zoology,Calcutta University,1025,20,90
Dr                                                                                Diptendu  Chatterjee,121935,Department of Anthropology,Calcutta University,2650,31,92
Dr                                                                                Jawad Y Siddiqui,121955,Institute of Radio Physics and Electronics,Calcutta University,1341,19,38
Dr                                                                                Maitree  Bhattacharrya,122001,Department of Biochemistry,Calcutta University,1899,23,84
Dr                                                                                Anirban Kundu,121842,Department of Physics,Calcutta University,1258,22,84
Dr                                                                                Samiran  Ghosh,122100,Department of Applied Mathematics,Calcutta University,1345,19,84
Dr                                                                                Abhijit Bhattacharyya,121813,Department of Physics,Calcutta University,1150,17,73
Dr                                                                                Arindam  Bhattacharyya,121857,Department of Zoology,Calcutta University,2227,25,84
Dr                                                                                Tapan Kumar Das,122233,Department of Ancient Indian History and Culture,Calcutta University,1202,18,86
Dr                                                                                Chaitali Mukhopadhyay,121902,Department of Chemistry,Calcutta University,1480,23,84
Dr                                                                                Gautam Gangopadhyay,121939,Department of Physics,Calcutta University,1148,16,77
Dr                                                                                Kamalika Sen,121967,Department of Chemistry,Calcutta University,731,15,79
Dr                                                                                Biswadev  Bishayi,121895,Department of Physiology,Calcutta University,1110,18,82
Dr                                                                                Pinaki Chaudhury,122041,Department of Chemistry,Calcutta University,766,15,81
Dr                                                                                Asish Ranjan  Das,121873,Department of Chemistry,Calcutta University,2343,29,79
Dr                                                                                Kallol  Bhattacharya,121965,Department of Applied Optics and Photonics,Calcutta University,403,12,58
Dr                                                                                Abhijit  Mallik,121815,Department of Electronic Science,Calcutta University,1046,18,50
Dr                                                                                Chanchal  Dey,121903,Department of Applied Physics,Calcutta University,543,11,23
Dr                                                                                Subrata Kumar Midya,122176,Department of Atmospheric Sciences,Calcutta University,423,11,69
Dr                                                                                Debabrata  Mandal,121907,Department of Chemistry,Calcutta University,2600,27,73
Dr                                                                                Jitendranath  Bera,121962,Department of Applied Physics,Calcutta University,352,9,23
Dr                                                                                Sumana Chowdhuri,122194,Department of Applied Physics,Calcutta University,165,6,37
Dr                                                                                Swapan Chakrabarti,122221,Department of Chemistry,Calcutta University,1080,21,69
Dr                                                                                Swarup  Poria,122224,Department of Applied Mathematics,Calcutta University,735,15,68
Dr                                                                                Amitava  Bandyopadhyay,121828,Department of Chemical Engineering,Calcutta University,656,14,46
Dr                                                                                Biswajit Ghosh,121896,Department of Geology,Calcutta University,818,17,64
Dr                                                                                Sankhayan  Choudhury,122117,Department of Computer Science and Engineering,Calcutta University,132,6,12
Dr                                                                                Sanjit  Dey,122115,Department of Physiology,Calcutta University,2309,26,58
Dr                                                                                Swapna Banerjee,30789,Department of Library and Information Science,Calcutta University,4,1,28
Dr                                                                                Sarbajit Chaudhuri,60641,Department of Economics,Calcutta University,916,17,56
Dr                                                                                Sandip Mukhopadhyay,21029,Department of Botany,Calcutta University,1318,16,60
Dr                                                                                Jyotisankar  Ray,121963,Department of Geology,Calcutta University,536,13,58
Dr                                                                                Sunanda  Mukhopadhyay,122200,Department of Chemical Technology,Calcutta University,910,18,60
Dr                                                                                Madhusudan  Das,121994,Department of Zoology,Calcutta University,560,13,48
Dr                                                                                Rajib  Chakraborty,122073,Department of Applied Optics and Photonics,Calcutta University,220,9,42
Dr                                                                                Sriparna  Datta,122167,Department of Chemical Technology,Calcutta University,1111,17,47
Dr                                                                                Anindya Datta,121838,Department of Physics,Calcutta University,912,18,49
Dr                                                                                Projnan Chattopadhyay,122057,Department of Electronic Science,Calcutta University,1001,13,57
Dr                                                                                Rajarshi  Gupta,122067,Department of Applied Physics,Calcutta University,566,11,22
Dr                                                                                Saurabh  Pal,122130,Department of Applied Physics,Calcutta University,649,11,26
Dr                                                                                Sutapa  Choudhury,122217,Department of Anthropology,Calcutta University,597,16,60
Dr                                                                                Sumit Home Chaudhuri,122196,Department of Zoology,Calcutta University,299,9,56
Dr                                                                                Kuntal Pal,121985,Department of Chemistry,Calcutta University,1025,22,55
Dr                                                                                Sourish Banerjee,122161,Department of Physics,Calcutta University,856,16,44
Dr                                                                                Sanghamitra Sengupta,122109,Department of Biochemistry,Calcutta University,1466,17,49
Dr                                                                                Punarbasu Chaudhuri,122061,Department of Environmental Science,Calcutta University,889,18,53
Dr                                                                                Ruma  Pal,122091,Department of Botany,Calcutta University,998,17,49
Dr                                                                                Sudip Kumar Das,122184,Department of Chemical Engineering,Calcutta University,2255,20,48
Dr                                                                                Bratati De,21028,Department of Botany,Calcutta University,1277,15,53
Dr                                                                                Anupam  Karmakar,121852,Department of Electronic Science,Calcutta University,403,12,29
Dr                                                                                Siddhartha Sankar Saha,122143,Department of Commerce,Calcutta University,1291,21,50
Dr                                                                                Sunirmal Khatua,122205,Department of Computer Science and Engineering,Calcutta University,227,9,17
Dr                                                                                Debabrata Maity,121906,Department of Botany,Calcutta University,134,5,45
Dr                                                                                Sanchita Goswami,122105,Department of Chemistry,Calcutta University,949,18,54
Dr                                                                                Aniruddha  Mukhopadhyay,121845,Department of Environmental Science,Calcutta University,860,18,43
Dr                                                                                Biswajit Ray,121897,Department of Physics,Calcutta University,404,12,43
Dr                                                                                Sanjit Kumar Setua,122113,Department of Computer Science and Engineering,Calcutta University,227,6,10
Dr                                                                                Sudip Kundu,122183,"Department of Biophysics, Molecular Biology and Bioinformatics",Calcutta University,575,12,44
Dr                                                                                Asis Kumar Chattopadhyay,121870,Department of Statistics,Calcutta University,345,11,32
Dr                                                                                Kaushik Das Sharma,121971,Department of Applied Physics,Calcutta University,495,10,26
Dr                                                                                Somnath  Gangopadhyay,122154,Department of Physiology,Calcutta University,562,15,40
Dr                                                                                Amit   Bandyopadhyay,121825,Department of Physiology,Calcutta University,424,13,41
Dr                                                                                Pubali  Dhar,122058,Department of Home Science,Calcutta University,692,15,39
Dr                                                                                Sagartirtha  Sarkar,122095,Department of Zoology,Calcutta University,1112,20,39
Dr                                                                                Tanuka  Chattopadhyay,122230,Department of Applied Mathematics,Calcutta University,270,9,31
Dr                                                                                Rahul  Bhattacharya,122065,Department of Statistics,Calcutta University,215,8,43
Dr                                                                                Susanta Sekhar Adhikari,122210,Department of Chemistry,Calcutta University,754,17,41
Dr                                                                                Sreya Chattopadhyay,122164,Department of Physiology,Calcutta University,1500,21,41
Dr                                                                                Tarun Kumar De,122235,Department of Marine Science,Calcutta University,1396,18,33
Dr                                                                                Alok Kumar Sil,121823,Department of Microbiology,Calcutta University,1164,18,38
Dr                                                                                Mainak  Sengupta,122000,Department of Genetics,Calcutta University,709,11,32
Dr                                                                                Roshnara  Misra,122090,Department of Physiology,Calcutta University,1413,17,37
Shree                                                                                MIR SAHIDUL ALI,193524,Department of Polymer Science and Technology,Calcutta University,23,2,30
Dr                                                                                Ansuman  Lahiri,121851,"Department of Biophysics, Molecular Biology and Bioinformatics",Calcutta University,233,8,36
