Name,Vidwan ID,Department,College,Total Citations,H Index,Journal Articles
Mr                                                                                Sukanchan Palit,77083,Department of Chemical Engineering,University of Petroleum and Energy Studies,247,10,46
Dr                                                                                Mandira Agarwal,97081,Department of Petroleum Engineering and Earth Sciences,University of Petroleum and Energy Studies,31,3,16
Mr                                                                                Pankaj Badoni,96439,Department of Virtualization,University of Petroleum and Energy Studies,52,3,3
Dr                                                                                Kumargaurao Punase,89327,Department of Chemical Engineering,University of Petroleum and Energy Studies,258,5,5
