Name,Vidwan ID,Department,College,Total Citations,H Index,Journal Articles
Dr                                                                                Jabir Ali,105264,Economics and Business Environment,"Indian Institute of Management, Jammu",694,13,67
Dr                                                                                B S  Sahay,99526,Operations and Supply Chain,"Indian Institute of Management, Jammu",1845,21,54
Dr                                                                                Vaseem Akram,157014,Economics and Business Environment,"Indian Institute of Management, Jammu",394,10,47
Dr                                                                                Rambalak  Yadav,256179,Marketing,"Indian Institute of Management, Jammu",2115,16,38
Dr                                                                                Nitin Upadhyay,163495,IT Systems and Analytics,"Indian Institute of Management, Jammu",1033,9,17
Dr                                                                                Rambabu  Lavuri,338694,Marketing,"Indian Institute of Management, Jammu",27,2,21
Dr                                                                                Bijoy  Rakshit,288217,Economics and Business Environment,"Indian Institute of Management, Jammu",123,6,16
Dr                                                                                Praveen  Kumar,295684,Finance and Accounting,"Indian Institute of Management, Jammu",89,6,15
Dr                                                                                Pradeep Kumar  Tarei,309831,Operations and Supply Chain,"Indian Institute of Management, Jammu",155,8,15
Dr                                                                                Ateeque Shaikh,105881,Marketing,"Indian Institute of Management, Jammu",196,7,14
Dr                                                                                Ashish  Kumar,295728,Finance and Accounting,"Indian Institute of Management, Jammu",13,2,8
Dr                                                                                Gaana J,298249,Business Communication,"Indian Institute of Management, Jammu",7,1,13
Dr                                                                                Pratik Maheshwari,292860,Operations and Supply Chain,"Indian Institute of Management, Jammu",124,5,7
Dr                                                                                Sudip  Das,315181,IT Systems and Analytics,"Indian Institute of Management, Jammu",N/A,N/A,7
Dr                                                                                Muqbil  Burhan,99530,"Business Policy, Strategy and Entrepreneurship","Indian Institute of Management, Jammu",126,6,6
Dr                                                                                Sarbjit  Singh,99534,Economics and Business Environment,"Indian Institute of Management, Jammu",16,2,5
Dr                                                                                Mamta Tripathi,99528,Organizational Behavior and Human Resource Management,"Indian Institute of Management, Jammu",423,6,9
Dr                                                                                Anuja  Akhouri,295696,Organizational Behavior and Human Resource Management,"Indian Institute of Management, Jammu",107,4,5
Dr                                                                                Harsha Jariwala,254575,Finance and Accounting,"Indian Institute of Management, Jammu",35,3,7
Dr                                                                                Prakrit  Silal,267455,IT Systems and Analytics,"Indian Institute of Management, Jammu",19,2,6
Dr                                                                                Mahesh  Gadekar,210948,Marketing,"Indian Institute of Management, Jammu",132,4,9
Dr                                                                                Mahima  Raina,295011,Organizational Behavior and Human Resource Management,"Indian Institute of Management, Jammu",31,4,7
Dr                                                                                Kapil Manohar  Gumte,266978,Operations and Supply Chain,"Indian Institute of Management, Jammu",27,3,4
Dr                                                                                P. Praveen  Vijaya Raj,301786,Operations and Supply Chain,"Indian Institute of Management, Jammu",85,4,7
Dr                                                                                Rashmi Ranjan Parida,99532,Marketing,"Indian Institute of Management, Jammu",41,3,6
Dr                                                                                Vijaya Prabhagar  Murugesan,337446,IT Systems and Analytics,"Indian Institute of Management, Jammu",51,3,6
Dr                                                                                Kulwinder Kaur,209584,Marketing,"Indian Institute of Management, Jammu",34,3,5
Dr                                                                                Raj Kumar V,256177,Marketing,"Indian Institute of Management, Jammu",110,3,3
Dr                                                                                Sundar Rengasamy,298523,IT Systems and Analytics,"Indian Institute of Management, Jammu",52,4,5
Dr                                                                                Eshika Aggarwal,293963,IT Systems and Analytics,"Indian Institute of Management, Jammu",1,1,3
Dr                                                                                Jai  Kamal,300448,Economics and Business Environment,"Indian Institute of Management, Jammu",5,1,3
Dr                                                                                Jaganth G,337031,"Business Policy, Strategy and Entrepreneurship","Indian Institute of Management, Jammu",2,1,3
Dr                                                                                Malaya Ranjan  Mohapatra,314839,Finance and Accounting,"Indian Institute of Management, Jammu",2,1,3
Dr                                                                                Baljeet  Singh,155448,Marketing,"Indian Institute of Management, Jammu",7,N/A,2
Dr                                                                                Manu Bansal,237998,Economics and Business Environment,"Indian Institute of Management, Jammu",N/A,N/A,1
Dr                                                                                Apurva Yadav,273578,Business Communication,"Indian Institute of Management, Jammu",1,1,1
Dr                                                                                Archana Sharma,209582,Marketing,"Indian Institute of Management, Jammu",N/A,N/A,N/A
Dr                                                                                Barnali Chaudhary,235241,Business Communication,"Indian Institute of Management, Jammu",N/A,N/A,N/A
Dr                                                                                Somu Gorai,253098,Operations and Supply Chain,"Indian Institute of Management, Jammu",N/A,N/A,N/A
Dr                                                                                Parvathy B,269765,Marketing,"Indian Institute of Management, Jammu",N/A,N/A,N/A
Dr                                                                                Niti  Shekhar,336154,"Business Policy, Strategy and Entrepreneurship","Indian Institute of Management, Jammu",N/A,N/A,N/A
Dr                                                                                Guangpuanang  Kahmei,337834,Organizational Behavior and Human Resource Management,"Indian Institute of Management, Jammu",N/A,N/A,N/A
Dr                                                                                Yashoda  Devi,339785,Operations and Supply Chain,"Indian Institute of Management, Jammu",N/A,N/A,N/A
Dr                                                                                Vedika  Saxena,339832,Finance and Accounting,"Indian Institute of Management, Jammu",N/A,N/A,N/A
Dr                                                                                Naveen  Goyal,466244,"Business Policy, Strategy and Entrepreneurship","Indian Institute of Management, Jammu",N/A,N/A,N/A
