Name,Vidwan ID,Department,College,Total Citations,H Index,Journal Articles
Prof                                                                                Senthil Natesan,157388,Department of Bioinformatics,Tamil Nadu Agricultural University,1466,18,709
Dr                                                                                Nakkeeran s,146073,Department of Plant Pathology,Tamil Nadu Agricultural University,1201,18,583
Dr                                                                                Karthikeyan Gandhi,157304,Department of Plant Pathology,Tamil Nadu Agricultural University,767,15,221
Dr                                                                                E.  Kokiladevi,146043,Department of Plant Biotechnology,Tamil Nadu Agricultural University,346,8,289
Dr                                                                                Karthikeyan C,151252,Department of Agricultural Extension and Rural Sociology,Tamil Nadu Agricultural University,38,2,249
Dr                                                                                Raveendran M,59178,Department of Plant Biotechnology,Tamil Nadu Agricultural University,2812,27,353
Dr                                                                                Manivannan N,42321,Department of Genetics and Plant Breeding,Tamil Nadu Agricultural University,571,12,348
Dr                                                                                Vanitha S,157428,Department of Plant Pathology,Tamil Nadu Agricultural University,2,1,208
Prof                                                                                Sivakumar Uthandi,164181,Department of Microbiology,Tamil Nadu Agricultural University,1713,22,233
Dr                                                                                Mohankumar Subbarayalu,151462,Department of Plant Biotechnology,Tamil Nadu Agricultural University,634,14,268
Dr                                                                                Ravikesavan R,157364,Department of Genetics and Plant Breeding,Tamil Nadu Agricultural University,555,11,259
Dr                                                                                Raguchander T,155540,Department of Plant Pathology,Tamil Nadu Agricultural University,3235,30,239
Dr                                                                                Murugan M,157327,Department of Agricultural Entomology,Tamil Nadu Agricultural University,145,4,201
Dr                                                                                Subramanian K S,151135,Department of Nano Technology,Tamil Nadu Agricultural University,1954,23,200
Dr                                                                                Manonmani S,146015,Department of Genetics and Plant Breeding,Tamil Nadu Agricultural University,563,8,209
Dr                                                                                Masilamani P,146018,Department of Seed Science and Technology,Tamil Nadu Agricultural University,49,5,162
Prof                                                                                Karthikeyan Subburamu,151220,,Tamil Nadu Agricultural University,702,10,92
Dr                                                                                Anandham R,157249,Department of Microbiology,Tamil Nadu Agricultural University,1574,23,194
Dr                                                                                Bhuvaneswari K,157264,Department of Agricultural Entomology,Tamil Nadu Agricultural University,304,9,107
Dr                                                                                Vanniarajan C,151109,Department of Genetics and Plant Breeding,Tamil Nadu Agricultural University,214,7,175
Dr                                                                                Thiyagarajan G,157425,,Tamil Nadu Agricultural University,1,1,114
Dr                                                                                Santhi R,164192,Department of Soil Science and Agricultural chemistry,Tamil Nadu Agricultural University,99,5,131
Dr                                                                                Mahendran P P,151123,Department of Soil Science and Agricultural Chemistry,Tamil Nadu Agricultural University,23,3,81
Dr                                                                                Muthulakshmi P,164692,Department of Plant Pathology,Tamil Nadu Agricultural University,14,2,51
Dr                                                                                Chitdeshwari T,151173,Department of Soil Science and Agricultural Chemistry,Tamil Nadu Agricultural University,119,6,151
Dr                                                                                Pugalendhi L,151176,Department of Horticulture,Tamil Nadu Agricultural University,33,3,153
Prof                                                                                Thavaprakaash N,157422,,Tamil Nadu Agricultural University,37,3,128
Dr                                                                                Kaleeswari R.K,268902,Department of Soil Science and Agricultural Chemistry,Tamil Nadu Agricultural University,N/A,N/A,92
Dr                                                                                Sudhakar D,146041,,Tamil Nadu Agricultural University,3304,22,148
Dr                                                                                Vellaikumar S,151177,Department of Plant Biotechnology,Tamil Nadu Agricultural University,297,11,147
Dr                                                                                Kumaraperumal R,167077,,Tamil Nadu Agricultural University,128,6,124
Dr                                                                                Raja K,146080,Department of Seed Science and Technology,Tamil Nadu Agricultural University,23,3,140
Dr                                                                                Kanchana S,157301,Department of Food Nutrition,Tamil Nadu Agricultural University,33,3,96
Dr                                                                                Meena B,164187,Department of Plant Pathology,Tamil Nadu Agricultural University,165,6,100
Dr                                                                                Jeyarani S,157295,Department of Agricultural Entomology,Tamil Nadu Agricultural University,19,2,133
Dr                                                                                Geetha S,151275,Department of Genetics and Plant Breeding,Tamil Nadu Agricultural University,191,8,115
Dr                                                                                Kalaimagal T,146019,Department of Genetics and Plant Breeding,Tamil Nadu Agricultural University,44,4,97
Dr                                                                                Irene Vethamoni P,151254,Department of Horticulture,Tamil Nadu Agricultural University,6,1,112
Dr                                                                                Maheswari M,151285,Department of Environmental Sciences,Tamil Nadu Agricultural University,230,8,104
Dr                                                                                Djanaguiraman Maduraimuthu,151110,Department of Crop Physiology,Tamil Nadu Agricultural University,3017,27,87
Dr                                                                                Uma D,164161,,Tamil Nadu Agricultural University,225,6,121
Dr                                                                                Desikan Ramesh,146110,Department of Renewable Energy Engineering,Tamil Nadu Agricultural University,536,6,66
Dr                                                                                Amutha S,151216,Department of Food Nutrition,Tamil Nadu Agricultural University,23,2,71
Dr                                                                                Balaji P,157258,,Tamil Nadu Agricultural University,N/A,N/A,72
Dr                                                                                John Joel A,58903,Department of Plant Biotechnology,Tamil Nadu Agricultural University,226,6,111
Dr                                                                                Sureshkumar D,167113,Department of Agricultural Economics,Tamil Nadu Agricultural University,83,5,70
Dr                                                                                Dhevagi P,151139,Department of Environmental Sciences,Tamil Nadu Agricultural University,137,5,76
Prof                                                                                Ramalingam J,151099,Department of Plant Biotechnology,Tamil Nadu Agricultural University,194,7,113
Dr                                                                                Srinivasan M R,164147,Department of Agricultural Entomology,Tamil Nadu Agricultural University,23,3,60
Dr                                                                                Kumutha K,151355,Department of Microbiology,Tamil Nadu Agricultural University,191,6,103
Dr                                                                                Hemalatha G,157282,Department of Food Nutrition,Tamil Nadu Agricultural University,69,3,101
Dr                                                                                Jegadeeswari D,146091,Department of Soil Science and Agricultural Chemistry,Tamil Nadu Agricultural University,5,1,54
Dr                                                                                Amarnath J S,151116,Department of Agricultural Economics,Tamil Nadu Agricultural University,6,1,64
Dr                                                                                Asish K Binodh,164653,Department of Genetics and Plant Breeding,Tamil Nadu Agricultural University,12,2,40
Dr                                                                                Ganesamurthy K,58894,Department of Genetics and Plant Breeding,Tamil Nadu Agricultural University,157,8,112
Dr                                                                                Ganesan K N,157276,Department of Genetics and Plant Breeding,Tamil Nadu Agricultural University,99,5,107
Dr                                                                                Babu C,167056,Department of Genetics and Plant Breeding,Tamil Nadu Agricultural University,74,4,83
Dr                                                                                Shanthi M,151165,Department of Agricultural Entomology,Tamil Nadu Agricultural University,22,3,97
Dr                                                                                Jayamani P,146077,Department of Genetics and Plant Breeding,Tamil Nadu Agricultural University,73,6,100
Dr                                                                                Hemalatha M,151267,Department of Agronomy,Tamil Nadu Agricultural University,4,1,52
Dr                                                                                Renukadevi P,151140,,Tamil Nadu Agricultural University,516,13,85
Dr                                                                                Kavino M,151226,Department of Fruit Science,Tamil Nadu Agricultural University,639,11,77
Dr                                                                                Saraswathi R,58944,Department of Genetics and Plant Breeding,Tamil Nadu Agricultural University,222,9,65
Dr                                                                                Eevera T,146011,Department of Seed Science and Technology,Tamil Nadu Agricultural University,475,9,50
Dr                                                                                Manimegalai S,157321,Department of Agricultural Entomology,Tamil Nadu Agricultural University,2,1,80
Dr                                                                                INDU RANI C,146023,,Tamil Nadu Agricultural University,125,5,74
Dr                                                                                Gnanam  R,146042,,Tamil Nadu Agricultural University,142,6,100
Dr                                                                                Geethalakshmi V,145992,Department of Agro Climate Research Centre,Tamil Nadu Agricultural University,484,10,88
Dr                                                                                Dheebakaran Ga,151261,Department of Agro Climate Research Centre,Tamil Nadu Agricultural University,14,2,87
Dr                                                                                Prabakaran K,151378,Department of Statistics,Tamil Nadu Agricultural University,1,1,94
Dr                                                                                Chinnamuthu C R,157268,,Tamil Nadu Agricultural University,5,1,83
Dr                                                                                Kavitha C,151174,Department of Fruit Science,Tamil Nadu Agricultural University,75,2,43
Dr                                                                                V Sivakumar,151263,Department of Fruit Science,Tamil Nadu Agricultural University,17,2,86
Dr                                                                                Kalaiselvi T,146035,Department of Microbiology,Tamil Nadu Agricultural University,198,5,65
Dr                                                                                Rajamanickam C,151390,Department of Fruit Science,Tamil Nadu Agricultural University,1,1,42
Dr                                                                                Nallusamy Anandaraja,145978,Department of Agricultural Extension and Rural Sociology,Tamil Nadu Agricultural University,51,4,74
Dr                                                                                Divya M P,151244,Department of Forestry,Tamil Nadu Agricultural University,14,1,2
Dr                                                                                Thiribhuvanamala G,157423,,Tamil Nadu Agricultural University,15,2,80
Dr                                                                                Shanmuganathan M,164711,,Tamil Nadu Agricultural University,7,2,84
Dr                                                                                Sankari A,169771,,Tamil Nadu Agricultural University,4,1,67
Dr                                                                                Vijayalakshmi  D,151147,Department of Crop Physiology,Tamil Nadu Agricultural University,7,1,52
Dr                                                                                Deepa N,151317,Department of Agri Business Management,Tamil Nadu Agricultural University,N/A,N/A,60
Dr                                                                                Kalaiyarasi R,187112,Department of Genetics and Plant Breeding,Tamil Nadu Agricultural University,5,1,39
Dr                                                                                Anand G,151246,Department of Genetics and Plant Breeding,Tamil Nadu Agricultural University,30,4,45
Dr                                                                                Samsai T,157371,Department of Agri Business Management,Tamil Nadu Agricultural University,N/A,N/A,52
Dr                                                                                Thiyageshwari S,151440,,Tamil Nadu Agricultural University,87,3,75
Dr                                                                                Pazhanivelan S,59161,Department of Agronomy,Tamil Nadu Agricultural University,400,8,71
Dr                                                                                Raguraman S,145974,Department of Agricultural Entomology,Tamil Nadu Agricultural University,315,10,75
Dr                                                                                Saminathan V R,157370,,Tamil Nadu Agricultural University,N/A,N/A,40
Dr                                                                                Sasthri G,132121,Department of Seed Science and Technology,Tamil Nadu Agricultural University,40,3,51
Dr                                                                                Subrahmaniyan K,151137,Department of Agronomy,Tamil Nadu Agricultural University,954,8,76
Dr                                                                                Balakrishnan N,157259,,Tamil Nadu Agricultural University,72,6,71
Dr                                                                                Srinivasan G,151422,Department of Agricultural Entomology,Tamil Nadu Agricultural University,1,1,50
Dr                                                                                Rajeswari S,58941,Department of Genetics and Plant Breeding,Tamil Nadu Agricultural University,426,5,77
Dr                                                                                Paramasivam M,157342,Department of Agricultural Entomology,Tamil Nadu Agricultural University,434,12,81
Dr                                                                                Arunachalam R,145976,Department of Agricultural Extension and Rural Sociology,Tamil Nadu Agricultural University,N/A,N/A,55
Dr                                                                                Ravindran C,146028,,Tamil Nadu Agricultural University,N/A,N/A,36
Dr                                                                                Vaithiyalingan M,151250,Department of Genetics and Plant Breeding,Tamil Nadu Agricultural University,11,2,46
Dr                                                                                Varanavasiappan S,146051,Department of Plant Biotechnology,Tamil Nadu Agricultural University,378,7,76
Dr                                                                                Harish  S,146058,,Tamil Nadu Agricultural University,976,15,61
