Name,Vidwan ID,Department,College,Total Citations,H Index,Journal Articles
Prof                                                                                Devendra  Kumar,167514,Department of Ceramic Engineering and Technology,"Indian Institute of Technology BHU, Varanasi",6361,40,331
Prof                                                                                Sanjay Kumar Singh,48269,,"Indian Institute of Technology BHU, Varanasi",5162,34,217
Prof                                                                                S N  Upadhyay,165249,Department of Chemical Engineering,"Indian Institute of Technology BHU, Varanasi",6915,43,144
Prof                                                                                Satyabrata Jit,140835,Department of Electronics Engineering,"Indian Institute of Technology BHU, Varanasi",3910,34,214
Prof                                                                                Sandeep Kumar,215392,Department of Mechanical Engineering,"Indian Institute of Technology BHU, Varanasi",11415,58,255
Prof                                                                                Pralay Maiti,50371,School of Materials Science and Technology,"Indian Institute of Technology BHU, Varanasi",11299,45,211
Prof                                                                                Pradip Kumar Jain,215344,Department of Electronics Engineering,"Indian Institute of Technology BHU, Varanasi",1295,20,166
Prof                                                                                K K Shukla,49606,Department of Computer Science and Engineering,"Indian Institute of Technology BHU, Varanasi",4530,31,125
Dr                                                                                Sanjeev Sharma,215339,Department of Electronics Engineering,"Indian Institute of Technology BHU, Varanasi",3594,31,164
Dr                                                                                Amit Kumar Singh,215340,Department of Electronics Engineering,"Indian Institute of Technology BHU, Varanasi",2965,27,153
Prof                                                                                Dhananjai Pandey,50352,School of Materials Science and Technology,"Indian Institute of Technology BHU, Varanasi",6099,42,194
Dr.                                                                                R S Singh,50350,Department of Chemical Engineering,"Indian Institute of Technology BHU, Varanasi",3384,33,177
Prof                                                                                Nilay Krishna Mukhopadhyay,51767,Department of Metallurgical Engineering,"Indian Institute of Technology BHU, Varanasi",3149,29,152
Dr                                                                                Santanu Das,113200,Department of Ceramic Engineering and Technology,"Indian Institute of Technology BHU, Varanasi",2452,24,124
Dr                                                                                Sanjay Kumar Rai,114017,School of Biomedical Engineering,"Indian Institute of Technology BHU, Varanasi",1756,21,135
Prof                                                                                Pradeep Kumar Mishra,50329,Department of Chemical Engineering,"Indian Institute of Technology BHU, Varanasi",3630,36,125
Prof                                                                                Vijay Kumar  Srivastava,50401,Department of Mechanical Engineering,"Indian Institute of Technology BHU, Varanasi",2911,28,135
Dr                                                                                Soumya Ranjan Mohanty,215323,Department of Electrical Engineering,"Indian Institute of Technology BHU, Varanasi",3335,25,75
Prof                                                                                Anil Kumar Tripathi,48160,Department of Computer Science and Engineering,"Indian Institute of Technology BHU, Varanasi",2492,25,124
Dr                                                                                Shyam Kamal,215317,Department of Electrical Engineering,"Indian Institute of Technology BHU, Varanasi",1895,20,85
Prof                                                                                Monoj Kumar Mondal,50349,Department of Chemical Engineering,"Indian Institute of Technology BHU, Varanasi",3660,32,114
Dr                                                                                Akhilesh Kumar Singh,113201,School of Materials Science and Technology,"Indian Institute of Technology BHU, Varanasi",2685,30,99
Prof                                                                                R K Saket,48167,Department of Electrical Engineering,"Indian Institute of Technology BHU, Varanasi",806,15,67
Dr                                                                                M S MUTHU,98436,Department of Pharmaceutical Engineering and Technology,"Indian Institute of Technology BHU, Varanasi",4213,38,73
Prof                                                                                Ranjana Patnaik,114006,School of Biomedical Engineering,"Indian Institute of Technology BHU, Varanasi",1868,25,56
Dr                                                                                Nawal Kishore,215418,Department of Mining Engineering,"Indian Institute of Technology BHU, Varanasi",2172,24,93
Prof                                                                                Ram Prasad,50331,Department of Chemical Engineering,"Indian Institute of Technology BHU, Varanasi",4382,33,96
Dr                                                                                Manoj Kumar Meshram,48159,Department of Electronics Engineering,"Indian Institute of Technology BHU, Varanasi",542,12,63
Prof                                                                                Neeraj Sharma,114004,School of Biomedical Engineering,"Indian Institute of Technology BHU, Varanasi",677,12,107
Prof                                                                                Surya Pal Singh,48228,Department of Electronics Engineering,"Indian Institute of Technology BHU, Varanasi",766,15,65
Dr                                                                                Tanima Dutta,215306,Department of Computer Science and Engineering,"Indian Institute of Technology BHU, Varanasi",926,15,44
Dr                                                                                A S K Sinha,50323,Department of Chemical Engineering,"Indian Institute of Technology BHU, Varanasi",2628,30,94
Dr                                                                                Abha Mishra,113968,School of Biochemical Engineering,"Indian Institute of Technology BHU, Varanasi",1429,18,90
Dr                                                                                Gauri S Prasad Singh,215421,Department of Mining Engineering,"Indian Institute of Technology BHU, Varanasi",434,11,52
Dr                                                                                Amit Kumar Verma,215423,Department of Mining Engineering,"Indian Institute of Technology BHU, Varanasi",2112,25,80
Prof                                                                                Shiv Pujan Singh,215331,Department of Electrical Engineering,"Indian Institute of Technology BHU, Varanasi",1517,22,61
Dr                                                                                Chandana Rath,113199,School of Materials Science and Technology,"Indian Institute of Technology BHU, Varanasi",2119,23,86
Dr                                                                                Amitesh Kumar,215375,Department of Mechanical Engineering,"Indian Institute of Technology BHU, Varanasi",822,15,75
Dr                                                                                Bhaskar Biswas,215312,Department of Computer Science and Engineering,"Indian Institute of Technology BHU, Varanasi",980,17,56
Dr                                                                                Bhola Nath Pal,113444,School of Materials Science and Technology,"Indian Institute of Technology BHU, Varanasi",2107,21,78
Dr                                                                                Santosh Kumar Singh,215326,Department of Electrical Engineering,"Indian Institute of Technology BHU, Varanasi",460,13,33
Dr                                                                                Sandip Ghosh,113193,Department of Electrical Engineering,"Indian Institute of Technology BHU, Varanasi",506,13,61
Dr                                                                                Krishna Kant Pathak,215298,Department of Civil Engineering,"Indian Institute of Technology BHU, Varanasi",314,9,74
Dr                                                                                Saurabh Pratap,215380,Department of Mechanical Engineering,"Indian Institute of Technology BHU, Varanasi",1113,19,71
Prof.                                                                                S. N. Ojha,39644,Department of Metallurgical Engineering,"Indian Institute of Technology BHU, Varanasi",1161,21,75
Dr                                                                                Pradip Kumar Roy,48150,Department of Ceramic Engineering and Technology,"Indian Institute of Technology BHU, Varanasi",1046,16,81
Dr                                                                                Veerendra Kumar,215299,Department of Civil Engineering,"Indian Institute of Technology BHU, Varanasi",631,12,70
Prof                                                                                B N Rai,48137,Department of Chemical Engineering,"Indian Institute of Technology BHU, Varanasi",1893,20,82
Prof                                                                                Vishwambhar Nath Mishra,215345,Department of Electronics Engineering,"Indian Institute of Technology BHU, Varanasi",1253,19,69
Dr                                                                                Joy Prakash Misra,215378,Department of Mechanical Engineering,"Indian Institute of Technology BHU, Varanasi",746,14,50
Prof                                                                                Devendra Mohan,215295,Department of Civil Engineering,"Indian Institute of Technology BHU, Varanasi",1273,25,61
Dr                                                                                M Thottappan,215342,Department of Electronics Engineering,"Indian Institute of Technology BHU, Varanasi",83,5,40
Prof                                                                                Pradeep Srivastava,113962,School of Biochemical Engineering,"Indian Institute of Technology BHU, Varanasi",1184,20,63
Dr                                                                                Smrity Dwivedi,215334,Department of Electronics Engineering,"Indian Institute of Technology BHU, Varanasi",133,6,35
Dr                                                                                Kausik Chattopadhyay,215410,Department of Metallurgical Engineering,"Indian Institute of Technology BHU, Varanasi",1494,22,66
Prof                                                                                A K Agrawal,50391,Department of Computer Science and Engineering,"Indian Institute of Technology BHU, Varanasi",548,14,66
Dr                                                                                G V S Sastry,51754,Department of Metallurgical Engineering,"Indian Institute of Technology BHU, Varanasi",1153,19,64
Dr                                                                                Bratindranath Mukherjee,215405,Department of Metallurgical Engineering,"Indian Institute of Technology BHU, Varanasi",967,19,71
Dr                                                                                Sunil Mohan,51772,Department of Metallurgical Engineering,"Indian Institute of Technology BHU, Varanasi",1194,20,64
Prof                                                                                Rajnesh Tyagi,215395,Department of Mechanical Engineering,"Indian Institute of Technology BHU, Varanasi",1207,19,58
Dr                                                                                Randhir Singh,215402,Department of Metallurgical Engineering,"Indian Institute of Technology BHU, Varanasi",1359,21,70
Prof                                                                                Shailendra Kumar Shukla,48226,Department of Mechanical Engineering,"Indian Institute of Technology BHU, Varanasi",1094,15,44
Prof                                                                                Ram Pyare,50290,Department of Ceramic Engineering and Technology,"Indian Institute of Technology BHU, Varanasi",771,15,61
Prof                                                                                Harsha A P,48139,Department of Mechanical Engineering,"Indian Institute of Technology BHU, Varanasi",1899,22,63
Dr                                                                                Shiru Sharma,114015,School of Biomedical Engineering,"Indian Institute of Technology BHU, Varanasi",513,12,57
Prof                                                                                Rakesh K Gautam,215394,Department of Mechanical Engineering,"Indian Institute of Technology BHU, Varanasi",948,19,49
Prof                                                                                R K Srivastava,215328,Department of Electrical Engineering,"Indian Institute of Technology BHU, Varanasi",502,11,24
Prof                                                                                Rajendra Kumar Pandey,48164,Department of Electrical Engineering,"Indian Institute of Technology BHU, Varanasi",532,11,13
Dr                                                                                Nikhil Saboo,215284,Department of Civil Engineering,"Indian Institute of Technology BHU, Varanasi",719,17,50
Dr                                                                                Marshal Dhayal,114019,School of Biomedical Engineering,"Indian Institute of Technology BHU, Varanasi",1494,21,60
Dr                                                                                Pradip Paik,114020,School of Biomedical Engineering,"Indian Institute of Technology BHU, Varanasi",998,17,57
Dr                                                                                Prasenjit Chanak,215311,Department of Computer Science and Engineering,"Indian Institute of Technology BHU, Varanasi",646,14,33
Prof                                                                                Ranjit Mahanty,215329,Department of Electrical Engineering,"Indian Institute of Technology BHU, Varanasi",712,14,28
Prof                                                                                Prashant Shukla,215400,Department of Mechanical Engineering,"Indian Institute of Technology BHU, Varanasi",1260,18,38
Prof                                                                                Shyam Bihari Dwivedi,50364,Department of Civil Engineering,"Indian Institute of Technology BHU, Varanasi",365,11,59
Dr                                                                                Vishal Mishra,113969,School of Biochemical Engineering,"Indian Institute of Technology BHU, Varanasi",671,14,44
Dr                                                                                Laltu Chandra,215382,Department of Mechanical Engineering,"Indian Institute of Technology BHU, Varanasi",375,11,34
Dr                                                                                Rampada Manna,215412,Department of Metallurgical Engineering,"Indian Institute of Technology BHU, Varanasi",212,9,47
Dr                                                                                Nand Kishore Prasad,215413,Department of Metallurgical Engineering,"Indian Institute of Technology BHU, Varanasi",1270,21,60
Prof                                                                                Virendra Pratap Singh,215399,Department of Mechanical Engineering,"Indian Institute of Technology BHU, Varanasi",258,9,47
Dr                                                                                Pradeep Kumar,215272,Department of Chemical Engineering,"Indian Institute of Technology BHU, Varanasi",918,17,52
Prof                                                                                Santosh Kumar,48157,Department of Mechanical Engineering,"Indian Institute of Technology BHU, Varanasi",408,11,42
Dr                                                                                Rashmi Rekha Sahoo,215383,Department of Mechanical Engineering,"Indian Institute of Technology BHU, Varanasi",646,16,59
Dr                                                                                Arnab Sarkar,215391,Department of Mechanical Engineering,"Indian Institute of Technology BHU, Varanasi",578,15,54
Dr                                                                                Piyush Rai,48197,Department of Mining Engineering,"Indian Institute of Technology BHU, Varanasi",242,10,50
Dr                                                                                Akhilendra Pratap Singh,215373,Department of Mechanical Engineering,"Indian Institute of Technology BHU, Varanasi",61,3,12
Dr                                                                                Ravi Shankar Singh,48161,Department of Computer Science and Engineering,"Indian Institute of Technology BHU, Varanasi",414,11,26
Dr                                                                                Pradyumna Ghosh,50448,Department of Mechanical Engineering,"Indian Institute of Technology BHU, Varanasi",2033,18,49
Prof                                                                                Suprakash Gupta,48140,Department of Mining Engineering,"Indian Institute of Technology BHU, Varanasi",523,13,45
Dr                                                                                Sanjay Kumar,113974,School of Biochemical Engineering,"Indian Institute of Technology BHU, Varanasi",1209,17,33
Dr                                                                                Devender Singh,120277,Department of Electrical Engineering,"Indian Institute of Technology BHU, Varanasi",1869,15,39
Dr                                                                                Chhail Kumar Behera,215414,Department of Metallurgical Engineering,"Indian Institute of Technology BHU, Varanasi",495,9,30
Prof                                                                                Arun Kant Jha,50393,Department of Mechanical Engineering,"Indian Institute of Technology BHU, Varanasi",528,14,45
Dr                                                                                Cherian Samuel,215389,Department of Mechanical Engineering,"Indian Institute of Technology BHU, Varanasi",411,12,33
Dr                                                                                Ashish Kumar Mishra,113446,School of Materials Science and Technology,"Indian Institute of Technology BHU, Varanasi",454,11,35
Prof                                                                                Kamalesh Kumar Singh,215415,Department of Metallurgical Engineering,"Indian Institute of Technology BHU, Varanasi",911,15,36
Prof                                                                                Kripa Shanker,12569,Department of Mechanical Engineering,"Indian Institute of Technology BHU, Varanasi",1202,18,35
Prof                                                                                Mitresh Kumar Verma,215332,Department of Electrical Engineering,"Indian Institute of Technology BHU, Varanasi",108,5,23
Dr                                                                                N C Karmakar,50400,Department of Mining Engineering,"Indian Institute of Technology BHU, Varanasi",741,10,39
Dr                                                                                Mohammad Imteyaz Ahmad,215257,Department of Ceramic Engineering and Technology,"Indian Institute of Technology BHU, Varanasi",671,11,43
Dr                                                                                Kalpana Chaudhary,215327,Department of Electrical Engineering,"Indian Institute of Technology BHU, Varanasi",129,7,25
Dr                                                                                Rakesh Kumar Mishra,215330,Department of Electrical Engineering,"Indian Institute of Technology BHU, Varanasi",959,13,31
Dr                                                                                N C Santhi Srinivas,51779,Department of Metallurgical Engineering,"Indian Institute of Technology BHU, Varanasi",896,16,36
Prof                                                                                Prasun Kumar Roy,114013,School of Biomedical Engineering,"Indian Institute of Technology BHU, Varanasi",338,10,35
Dr                                                                                Naveen Singh Rajput,215343,Department of Electronics Engineering,"Indian Institute of Technology BHU, Varanasi",397,12,17
Dr                                                                                Joysurya Basu,215409,Department of Metallurgical Engineering,"Indian Institute of Technology BHU, Varanasi",1582,14,31
Dr                                                                                T R Mankhand,51759,Department of Metallurgical Engineering,"Indian Institute of Technology BHU, Varanasi",2336,20,35
Prof                                                                                Ashok Kumar Verma Verma,50319,Department of Chemical Engineering,"Indian Institute of Technology BHU, Varanasi",143,6,32
Prof                                                                                Rathindra Mohan Banik,113960,School of Biochemical Engineering,"Indian Institute of Technology BHU, Varanasi",1212,19,32
Prof                                                                                 Nira Misra,114009,School of Biomedical Engineering,"Indian Institute of Technology BHU, Varanasi",781,18,42
Dr                                                                                Amritanshu Pandey,215341,Department of Electronics Engineering,"Indian Institute of Technology BHU, Varanasi",311,11,33
Dr                                                                                Subir Kundu,50347,School of Biochemical Engineering,"Indian Institute of Technology BHU, Varanasi",396,13,35
Dr                                                                                Bhawna Verma,215271,Department of Chemical Engineering,"Indian Institute of Technology BHU, Varanasi",520,13,38
Dr                                                                                Pabitra Ranjan Maiti,215294,Department of Civil Engineering,"Indian Institute of Technology BHU, Varanasi",108,6,30
Dr                                                                                Subhasis Sinha,215404,Department of Metallurgical Engineering,"Indian Institute of Technology BHU, Varanasi",1617,22,40
Prof                                                                                Hiralal Pramanik,215274,Department of Chemical Engineering,"Indian Institute of Technology BHU, Varanasi",385,12,37
Dr                                                                                Shishir Gaur,215280,Department of Civil Engineering,"Indian Institute of Technology BHU, Varanasi",431,12,34
Dr                                                                                Jeevan Vachan Tirkey,215386,Department of Mechanical Engineering,"Indian Institute of Technology BHU, Varanasi",216,7,33
Dr                                                                                Arrif Jamal,50406,Department of Mining Engineering,"Indian Institute of Technology BHU, Varanasi",173,6,39
Dr                                                                                S Gupta,50411,Department of Mining Engineering,"Indian Institute of Technology BHU, Varanasi",361,11,31
Prof                                                                                Saroja Kanta Panda,215393,Department of Mechanical Engineering,"Indian Institute of Technology BHU, Varanasi",121,6,34
Dr                                                                                Girija Shankar Mohobia,215408,Department of Metallurgical Engineering,"Indian Institute of Technology BHU, Varanasi",661,13,34
Prof                                                                                Aarif Jamal,215427,Department of Mining Engineering,"Indian Institute of Technology BHU, Varanasi",173,6,39
Dr                                                                                Manas Ranjan Majhi,215259,Department of Ceramic Engineering and Technology,"Indian Institute of Technology BHU, Varanasi",292,9,31
Dr                                                                                Rosalin Sahoo,215285,Department of Civil Engineering,"Indian Institute of Technology BHU, Varanasi",462,12,36
Dr                                                                                Ajay Pratap,215304,Department of Computer Science and Engineering,"Indian Institute of Technology BHU, Varanasi",161,8,15
Dr                                                                                Avirup Maulik,215320,Department of Electrical Engineering,"Indian Institute of Technology BHU, Varanasi",322,9,21
Dr                                                                                Sanjay Kumar Gupta,215289,Department of Civil Engineering,"Indian Institute of Technology BHU, Varanasi",208,9,19
Dr                                                                                Ruchir Gupta,215314,Department of Computer Science and Engineering,"Indian Institute of Technology BHU, Varanasi",1292,14,19
Dr                                                                                B K Shrivastava,50394,Department of Mining Engineering,"Indian Institute of Technology BHU, Varanasi",364,9,32
Dr                                                                                Shrawan Kr Mishra,113947,School of Materials Science and Technology,"Indian Institute of Technology BHU, Varanasi",553,11,28
Dr                                                                                Om Prakash Singh,59804,Department of Mechanical Engineering,"Indian Institute of Technology BHU, Varanasi",442,14,27
Dr                                                                                Naveen Yalla,153986,Department of Electrical Engineering,"Indian Institute of Technology BHU, Varanasi",33,3,10
Dr                                                                                Manash Chakraborty,215286,Department of Civil Engineering,"Indian Institute of Technology BHU, Varanasi",253,8,27
Dr                                                                                Amrita Chaturvedi,215309,Department of Computer Science and Engineering,"Indian Institute of Technology BHU, Varanasi",200,8,15
Dr                                                                                Pratik Chattopadhyay,215301,Department of Computer Science and Engineering,"Indian Institute of Technology BHU, Varanasi",272,9,23
Dr                                                                                Vivek Nandan Lal,215325,Department of Electrical Engineering,"Indian Institute of Technology BHU, Varanasi",159,7,10
Dr                                                                                Sudipta Patra,215406,Department of Metallurgical Engineering,"Indian Institute of Technology BHU, Varanasi",339,11,27
Dr                                                                                Surya Deo Yadav,215401,Department of Metallurgical Engineering,"Indian Institute of Technology BHU, Varanasi",273,9,28
Dr                                                                                Debashis Khan,215388,Department of Mechanical Engineering,"Indian Institute of Technology BHU, Varanasi",73,4,27
Dr                                                                                Vikas Jindal,215407,Department of Metallurgical Engineering,"Indian Institute of Technology BHU, Varanasi",353,11,31
Dr                                                                                Kalyani  Mohanta,125047,Department of Ceramic Engineering and Technology,"Indian Institute of Technology BHU, Varanasi",246,9,23
Dr                                                                                Abhishek Suresh Dhoble,213436,School of Biochemical Engineering,"Indian Institute of Technology BHU, Varanasi",213,10,14
Dr                                                                                Abhisek Mudgal,215287,Department of Civil Engineering,"Indian Institute of Technology BHU, Varanasi",193,6,19
Prof                                                                                Goutam Banerjee,50357,Department of Civil Engineering,"Indian Institute of Technology BHU, Varanasi",147,4,29
Dr                                                                                Shivam Verma,215338,Department of Electronics Engineering,"Indian Institute of Technology BHU, Varanasi",102,6,18
Dr                                                                                Sweta Sharma,215261,Department of Chemical Engineering,"Indian Institute of Technology BHU, Varanasi",282,9,23
Dr                                                                                Satya Prakash Tewari,31852,Department of Mechanical Engineering,"Indian Institute of Technology BHU, Varanasi",247,9,24
Dr                                                                                Swasti Sundar Mandal,215390,Department of Mechanical Engineering,"Indian Institute of Technology BHU, Varanasi",298,9,23
Dr                                                                                Ashok Jaiswal,215426,Department of Mining Engineering,"Indian Institute of Technology BHU, Varanasi",278,7,25
Dr                                                                                Vinayak Shrivastava,215310,Department of Computer Science and Engineering,"Indian Institute of Technology BHU, Varanasi",225,9,18
Dr                                                                                Sushant Mittal,215336,Department of Electronics Engineering,"Indian Institute of Technology BHU, Varanasi",288,7,9
Prof                                                                                Indrajit Chakraborty,215416,Department of Metallurgical Engineering,"Indian Institute of Technology BHU, Varanasi",239,8,19
Dr                                                                                Vijay Shinde,215263,Department of Chemical Engineering,"Indian Institute of Technology BHU, Varanasi",484,11,23
Dr                                                                                Abir Ghosh,215270,Department of Chemical Engineering,"Indian Institute of Technology BHU, Varanasi",493,7,15
Dr                                                                                Ankur Verma,215266,Department of Chemical Engineering,"Indian Institute of Technology BHU, Varanasi",300,10,21
Dr                                                                                Sukarn Agarwal,215305,Department of Computer Science and Engineering,"Indian Institute of Technology BHU, Varanasi",70,5,6
Dr                                                                                Mayank Swarnkar,215307,Department of Computer Science and Engineering,"Indian Institute of Technology BHU, Varanasi",175,6,8
Dr                                                                                Lakshmanan Kailasam,215308,Department of Computer Science and Engineering,"Indian Institute of Technology BHU, Varanasi",334,7,16
Dr                                                                                Chinmaya K A,215319,Department of Electrical Engineering,"Indian Institute of Technology BHU, Varanasi",150,6,5
Dr                                                                                Hari Shankar Singh,48162,Department of Electronics Engineering,"Indian Institute of Technology BHU, Varanasi",18,3,14
Dr                                                                                Prabhat Kumar Singh Dikshit,215297,Department of Civil Engineering,"Indian Institute of Technology BHU, Varanasi",206,8,16
Dr                                                                                Manish Kumar,215322,Department of Electrical Engineering,"Indian Institute of Technology BHU, Varanasi",165,5,5
Dr                                                                                Uppu Srinivas Rao,215384,Department of Mechanical Engineering,"Indian Institute of Technology BHU, Varanasi",66,5,12
Dr                                                                                Sanjay Kumar Palei,215425,Department of Mining Engineering,"Indian Institute of Technology BHU, Varanasi",209,6,15
Dr                                                                                Anubhav Sinha,215376,Department of Mechanical Engineering,"Indian Institute of Technology BHU, Varanasi",201,8,13
Dr                                                                                Amit Subhash Shedbale,215377,Department of Mechanical Engineering,"Indian Institute of Technology BHU, Varanasi",260,10,16
Dr                                                                                Priya Ranjan Muduli,215337,Department of Electronics Engineering,"Indian Institute of Technology BHU, Varanasi",145,5,9
Dr                                                                                Binita Pathak,215379,Department of Mechanical Engineering,"Indian Institute of Technology BHU, Varanasi",153,8,16
Dr                                                                                Bala Ramudu,215288,Department of Civil Engineering,"Indian Institute of Technology BHU, Varanasi",64,4,15
Dr                                                                                Ajinkya N Tanksale,215374,Department of Mechanical Engineering,"Indian Institute of Technology BHU, Varanasi",78,5,13
Dr                                                                                Nilanjan Mallik,215387,Department of Mechanical Engineering,"Indian Institute of Technology BHU, Varanasi",280,6,6
Prof                                                                                B Nageshwar Sharma,215417,Department of Metallurgical Engineering,"Indian Institute of Technology BHU, Varanasi",90,5,14
Prof                                                                                G N Agrawal,50286,Department of Ceramic Engineering and Technology,"Indian Institute of Technology BHU, Varanasi",46,4,14
Dr                                                                                Debdip Bhandary,215265,Department of Chemical Engineering,"Indian Institute of Technology BHU, Varanasi",99,7,13
Dr                                                                                Subrata Panda,215255,Department of Ceramic Engineering and Technology,"Indian Institute of Technology BHU, Varanasi",2,1,11
Dr                                                                                Jeewan Chandra Pandey,215318,Department of Electrical Engineering,"Indian Institute of Technology BHU, Varanasi",72,6,6
Dr                                                                                N K Swami Naidu,215321,Department of Electrical Engineering,"Indian Institute of Technology BHU, Varanasi",140,4,4
Dr                                                                                Om Prakash,50415,Department of Mechanical Engineering,"Indian Institute of Technology BHU, Varanasi",17,3,8
Dr                                                                                Jayant Kumar Singh,215411,Department of Metallurgical Engineering,"Indian Institute of Technology BHU, Varanasi",49,3,10
Dr                                                                                A R Jac Fredo,215439,School of Biomedical Engineering,"Indian Institute of Technology BHU, Varanasi",153,7,9
Dr                                                                                Amrendra Kumar,215422,Department of Mining Engineering,"Indian Institute of Technology BHU, Varanasi",35,5,8
Dr                                                                                Pradeep Ahuja,50335,Department of Chemical Engineering,"Indian Institute of Technology BHU, Varanasi",92,3,4
Dr                                                                                Sanjay Katheria,215262,Department of Chemical Engineering,"Indian Institute of Technology BHU, Varanasi",155,4,6
Dr                                                                                Durga Prasad,215268,Department of Chemical Engineering,"Indian Institute of Technology BHU, Varanasi",116,5,6
Dr                                                                                Tarun Verma,215419,Department of Mining Engineering,"Indian Institute of Technology BHU, Varanasi",53,3,1
Dr                                                                                Suresh Sharma,215420,Department of Mining Engineering,"Indian Institute of Technology BHU, Varanasi",21,2,5
Dr                                                                                Manoj Kumar Singh,215333,Department of Electronics Engineering,"Indian Institute of Technology BHU, Varanasi",51,3,3
Prof                                                                                Rajesh  Kumar,48201,Department of Mechanical Engineering,"Indian Institute of Technology BHU, Varanasi",N/A,N/A,N/A
Prof                                                                                S P Singh,50289,Department of Ceramic Engineering and Technology,"Indian Institute of Technology BHU, Varanasi",66,1,1
Dr                                                                                K K Sharma,50296,Department of Ceramic Engineering and Technology,"Indian Institute of Technology BHU, Varanasi",24,1,1
Prof                                                                                K K Srivastava,50317,Department of Chemical Engineering,"Indian Institute of Technology BHU, Varanasi",6,1,1
Dr                                                                                S V Singh,50351,Department of Chemical Engineering,"Indian Institute of Technology BHU, Varanasi",32,1,1
Dr                                                                                R Dwivedi,50453,Department of Electronics Engineering,"Indian Institute of Technology BHU, Varanasi",1,1,1
Dr                                                                                Kamlesh Kumar Pandey,219029,Department of Civil Engineering,"Indian Institute of Technology BHU, Varanasi",7,N/A,1
Prof                                                                                Rajnesh Tyagi,48192,Department of Mechanical Engineering,"Indian Institute of Technology BHU, Varanasi",N/A,N/A,N/A
Dr                                                                                Anil Kumar,50292,Department of Ceramic Engineering and Technology,"Indian Institute of Technology BHU, Varanasi",N/A,N/A,N/A
Dr                                                                                Sri Amar Nath,50299,Department of Ceramic Engineering and Technology,"Indian Institute of Technology BHU, Varanasi",N/A,N/A,N/A
Dr                                                                                A C Mohan,215267,Department of Chemical Engineering,"Indian Institute of Technology BHU, Varanasi",N/A,N/A,N/A
Dr                                                                                Suresh Kumar,215282,Department of Civil Engineering,"Indian Institute of Technology BHU, Varanasi",N/A,N/A,N/A
Dr                                                                                Kesheo Prasad,215283,Department of Civil Engineering,"Indian Institute of Technology BHU, Varanasi",N/A,N/A,N/A
Dr                                                                                Medha Jha,215290,Department of Civil Engineering,"Indian Institute of Technology BHU, Varanasi",N/A,N/A,N/A
Ms                                                                                Sobhita Mehar,215315,Department of Electrical Engineering,"Indian Institute of Technology BHU, Varanasi",N/A,N/A,N/A
Dr                                                                                Maria Thomas,215316,Department of Electrical Engineering,"Indian Institute of Technology BHU, Varanasi",N/A,N/A,N/A
Dr                                                                                Prakash Chandra Mani,215381,Department of Mechanical Engineering,"Indian Institute of Technology BHU, Varanasi",N/A,N/A,N/A
Dr                                                                                Sharadendu Kumar Shah,215385,Department of Mechanical Engineering,"Indian Institute of Technology BHU, Varanasi",N/A,N/A,N/A
Prof                                                                                Kripa Sanker Tripathi,215396,Department of Mechanical Engineering,"Indian Institute of Technology BHU, Varanasi",N/A,N/A,N/A
Prof                                                                                Sanjay Kumar Sinha,215397,Department of Mechanical Engineering,"Indian Institute of Technology BHU, Varanasi",N/A,N/A,N/A
Prof                                                                                Anil Kumar Agrawal,215398,Department of Mechanical Engineering,"Indian Institute of Technology BHU, Varanasi",N/A,N/A,N/A
Dr                                                                                R P Singh,215424,Department of Mining Engineering,"Indian Institute of Technology BHU, Varanasi",N/A,N/A,N/A
Dr                                                                                Nikhil Kumar,215440,School of Materials Science and Technology,"Indian Institute of Technology BHU, Varanasi",N/A,N/A,N/A
Dr                                                                                Nikhil Kumar,215440,School of Materials Science and Technology,"Indian Institute of Technology BHU, Varanasi",N/A,N/A,N/A
