Name,Vidwan ID,Department,College,Total Citations,H Index,Journal Articles
Dr                                                                                Jadhav KM,57248,Department of Physics,Dr. Babasaheb Ambedkar Marathwada University,7582,52,205
Dr                                                                                Devanand Shinde,21520,Department of Chemical Technology,Dr. Babasaheb Ambedkar Marathwada University,4749,36,201
Dr                                                                                 Suresh Chandra Mehrotra,57207,Department of Computer Science and Information Technology,Dr. Babasaheb Ambedkar Marathwada University,3757,34,149
Dr                                                                                Mahendra D Shirsat,57241,Department of Physics,Dr. Babasaheb Ambedkar Marathwada University,3852,32,162
Dr                                                                                Karbhari Vishwanath Kale,57204,Department of Computer Science and Information Technology,Dr. Babasaheb Ambedkar Marathwada University,688,15,78
Prof                                                                                Ramphal Brajiram Sharma,57238,Department of Physics,Dr. Babasaheb Ambedkar Marathwada University,3160,28,106
Dr                                                                                Charansingh H Gill,57257,Department of Chemistry,Dr. Babasaheb Ambedkar Marathwada University,2024,24,145
Dr                                                                                Ratnadeep Raghunathrao Deshmukh,57201,School of Computational and Physical Sciences,Dr. Babasaheb Ambedkar Marathwada University,131,7,83
Dr                                                                                Bharati Gore,289272,Department of Hindi,Dr. Babasaheb Ambedkar Marathwada University,N/A,N/A,N/A
Dr                                                                                Ramesh Raybhan Manza,57231,Department of Computer Science and Information Technology,Dr. Babasaheb Ambedkar Marathwada University,380,12,68
Dr                                                                                Kirtiwant P Ghadle,57268,Department of Mathematics,Dr. Babasaheb Ambedkar Marathwada University,597,14,99
Prof                                                                                Shatrunjay Kote,302144,Physical Education,Dr. Babasaheb Ambedkar Marathwada University,N/A,N/A,14
Dr                                                                                Bhaskar R Sathe,229182,Department of Chemistry,Dr. Babasaheb Ambedkar Marathwada University,2662,23,87
Prof                                                                                Milind Madhav Sardesai,57280,Department of Botany,Dr. Babasaheb Ambedkar Marathwada University,141,7,79
Mr                                                                                Vk Mourya,187195,Department of Chemistry,Dr. Babasaheb Ambedkar Marathwada University,31,3,76
Dr                                                                                Bharti W Gawali,57209,Department of Computer Science and Information Technology,Dr. Babasaheb Ambedkar Marathwada University,170,5,53
Dr                                                                                Khirade PW,57246,Department of Physics,Dr. Babasaheb Ambedkar Marathwada University,1192,22,58
Dr                                                                                Ashok Mangesh Chavan,57278,Department of Botany,Dr. Babasaheb Ambedkar Marathwada University,38,3,66
Mr                                                                                Ratnadeep Deshmukh,249946,Department of Computer science and Information Technology,Dr. Babasaheb Ambedkar Marathwada University,131,7,11
Mr                                                                                Satish Kushaba Panchal,57267,Department of Mathematics,Dr. Babasaheb Ambedkar Marathwada University,681,14,61
Dr                                                                                Sunita N Borde,57309,Department of Zoology,Dr. Babasaheb Ambedkar Marathwada University,14,2,61
Mr                                                                                Sandeep Somvanshi,290015,Department of Physics,Dr. Babasaheb Ambedkar Marathwada University,1955,28,41
Dr                                                                                Yeshwant Kondaji Khillare,57283,Department of Zoology,Dr. Babasaheb Ambedkar Marathwada University,18,2,56
Dr                                                                                Sonawane DL,57291,Department of Zoology,Dr. Babasaheb Ambedkar Marathwada University,21,3,51
Dr                                                                                Ketan Gattu,234129,Department of Nano Technology,Dr. Babasaheb Ambedkar Marathwada University,457,10,32
Dr                                                                                Sunil Sugandhrao Patil,57252,Department of Physics,Dr. Babasaheb Ambedkar Marathwada University,290,12,25
Dr                                                                                Pravin Yannawar,245933,,Dr. Babasaheb Ambedkar Marathwada University,319,12,6
Prof                                                                                Suresh T Gaikwad,57259,Department of Chemistry,Dr. Babasaheb Ambedkar Marathwada University,448,9,40
Prof                                                                                Anjali S Rajbhoj,57253,Department of Chemistry,Dr. Babasaheb Ambedkar Marathwada University,405,9,38
Dr                                                                                Sachin N Deshmukh,57226,Department of Computer Science and Information Technology,Dr. Babasaheb Ambedkar Marathwada University,305,6,14
Prof                                                                                Jayant Shevtekar,285998,Department of Dramatics,Dr. Babasaheb Ambedkar Marathwada University,N/A,N/A,18
Dr                                                                                Gulab Khedkar,52190,Department of Botany,Dr. Babasaheb Ambedkar Marathwada University,350,12,25
Dr                                                                                Shriram Khanderao Nimbhorkar,22563,Department of Mathematics,Dr. Babasaheb Ambedkar Marathwada University,87,4,32
Mr                                                                                Murlidhar Ananda Lokhande,57417,Department of Commerce,Dr. Babasaheb Ambedkar Marathwada University,17,2,30
Dr                                                                                Meenakshi Pralhadrao Wasadikar,22810,Department of Mathematics,Dr. Babasaheb Ambedkar Marathwada University,90,5,26
Dr                                                                                Vandana Hivrale,57314,Department of Biochemistry,Dr. Babasaheb Ambedkar Marathwada University,397,12,22
Mr                                                                                Dhananjay Nalawade,216575,Department of Computer science and Information Technology,Dr. Babasaheb Ambedkar Marathwada University,68,4,7
Mr                                                                                Gajanan Khiste,92233,Knowledge Resource Centre (Library),Dr. Babasaheb Ambedkar Marathwada University,N/A,N/A,10
Dr.                                                                                Meena Umakant Patil,23652,Department of Zoology,Dr. Babasaheb Ambedkar Marathwada University,N/A,N/A,20
Dr                                                                                Sunil Vishwanathrao Kawale,57272,Department of Statistics,Dr. Babasaheb Ambedkar Marathwada University,59,3,17
Dr                                                                                S P Zambare,57287,Department of Zoology,Dr. Babasaheb Ambedkar Marathwada University,77,5,14
Dr                                                                                Satish Bhalshankar,177552,Department of Management Science,Dr. Babasaheb Ambedkar Marathwada University,N/A,N/A,8
Dr                                                                                Navarkhele Vaijanath Vitthalrao,57250,Department of Physics,Dr. Babasaheb Ambedkar Marathwada University,88,4,12
Dr                                                                                Lande MK,57262,Department of Chemistry,Dr. Babasaheb Ambedkar Marathwada University,207,4,11
Dr                                                                                Vishnudas Harikishan Bajaj,57270,Department of Statistics,Dr. Babasaheb Ambedkar Marathwada University,12,2,11
Dr                                                                                Mahadeo Baliram Muley,57310,Department of Environmental Science,Dr. Babasaheb Ambedkar Marathwada University,82,3,10
Dr                                                                                Vikash Kumar,89059,Department of Foreign Languages,Dr. Babasaheb Ambedkar Marathwada University,N/A,N/A,7
Dr                                                                                Abhay Salve,53065,Department of Botany,Dr. Babasaheb Ambedkar Marathwada University,11,N/A,9
Dr                                                                                Rajdeep Deshmukh,206127,Department of English,Dr. Babasaheb Ambedkar Marathwada University,N/A,N/A,7
Dr                                                                                Jaysing Singal,511570,Department of Sociology,Dr. Babasaheb Ambedkar Marathwada University,N/A,N/A,5
Dr                                                                                Satish Sudhakarrao Patil,57313,Department of Environmental Science,Dr. Babasaheb Ambedkar Marathwada University,19,2,4
Dr                                                                                Satish Padme,63491,Knowledge Resource Centre (Library),Dr. Babasaheb Ambedkar Marathwada University,N/A,N/A,3
Dr                                                                                Abhijeet Shelke,115100,Department of Management Science,Dr. Babasaheb Ambedkar Marathwada University,10,1,1
Ms                                                                                Gauri Kallawar,467845,Department of Chemical Technology,Dr. Babasaheb Ambedkar Marathwada University,N/A,N/A,3
Dr                                                                                Madhuri Sawant,114003,Department of Tourism Administration,Dr. Babasaheb Ambedkar Marathwada University,22,3,3
Dr                                                                                Nandita Sukhdeo Patil,114010,Department of Law,Dr. Babasaheb Ambedkar Marathwada University,N/A,N/A,2
Dr                                                                                Bina Sengar,115106,Department of History and Ancient Indian Culture,Dr. Babasaheb Ambedkar Marathwada University,1,N/A,N/A
Dr                                                                                Shejule KB,57306,Department of Zoology,Dr. Babasaheb Ambedkar Marathwada University,12,2,2
Dr                                                                                Syed Azharuddin,57421,Department of Commerce,Dr. Babasaheb Ambedkar Marathwada University,12,2,2
Dr                                                                                Umesh R Bagade,43295,Department of History and Ancient Indian Culture,Dr. Babasaheb Ambedkar Marathwada University,31,1,1
Prof                                                                                Sonone SR,57261,Department of Chemistry,Dr. Babasaheb Ambedkar Marathwada University,N/A,N/A,1
Dr                                                                                Sadhna P Pande,114005,Department of Law,Dr. Babasaheb Ambedkar Marathwada University,22,1,1
Dr                                                                                Mohammed Farooq Khan,115101,Department of Management Science,Dr. Babasaheb Ambedkar Marathwada University,36,1,1
Dr                                                                                Rolla Krishna Priya,115103,Department of Management Science,Dr. Babasaheb Ambedkar Marathwada University,N/A,N/A,1
Dr                                                                                Prashant S Amrutkar,115390,Department of Political Science,Dr. Babasaheb Ambedkar Marathwada University,N/A,N/A,1
Dr                                                                                Shashank S Sonwane,115610,Department of Library and Information Science,Dr. Babasaheb Ambedkar Marathwada University,N/A,N/A,1
Mr                                                                                Gayatri Gunge,141370,Department of Zoology,Dr. Babasaheb Ambedkar Marathwada University,N/A,N/A,1
Dr                                                                                Chandrasekhar Jalba Hiware,23673,Department of Zoology,Dr. Babasaheb Ambedkar Marathwada University,N/A,N/A,N/A
Dr                                                                                Vedpathak AN,57294,Department of Zoology,Dr. Babasaheb Ambedkar Marathwada University,N/A,N/A,N/A
Dr                                                                                Pushpa M Gaikwad,57315,Department of History and Ancient Indian Culture,Dr. Babasaheb Ambedkar Marathwada University,N/A,N/A,N/A
Dr                                                                                Bhise VB,57316,Department of Economics,Dr. Babasaheb Ambedkar Marathwada University,N/A,N/A,N/A
Dr                                                                                Sangle ST,57374,Department Of Economics,Dr. Babasaheb Ambedkar Marathwada University,N/A,N/A,N/A
Dr                                                                                R S Solunke,57381,Department of Economics,Dr. Babasaheb Ambedkar Marathwada University,N/A,N/A,N/A
Dr                                                                                Sunil Sheshrao Narwade,57386,Department of Economics,Dr. Babasaheb Ambedkar Marathwada University,N/A,N/A,N/A
Dr                                                                                Satish Yeduba Dandge,57387,Department of Public Administration,Dr. Babasaheb Ambedkar Marathwada University,N/A,N/A,N/A
Dr                                                                                Shirsath Sandu Trimbakrao,57388,Department of Public Administration,Dr. Babasaheb Ambedkar Marathwada University,N/A,N/A,N/A
Ms                                                                                Shubhangi S Gavhane Gote,57389,Department of Sociology,Dr. Babasaheb Ambedkar Marathwada University,N/A,N/A,N/A
Dr                                                                                Smita Suresh Awachar,57391,Department of Sociology,Dr. Babasaheb Ambedkar Marathwada University,N/A,N/A,N/A
Dr                                                                                Pratima S Pawar,57393,Department of Sociology,Dr. Babasaheb Ambedkar Marathwada University,N/A,N/A,N/A
Dr                                                                                Shankar L Gaikwad,57394,Department of Sociology,Dr. Babasaheb Ambedkar Marathwada University,N/A,N/A,N/A
Dr                                                                                Padmakar N Sahare,57402,Department of Sociology,Dr. Babasaheb Ambedkar Marathwada University,N/A,N/A,N/A
Dr                                                                                Sanjay Bhagerao Salunke,57411,Department of Sociology,Dr. Babasaheb Ambedkar Marathwada University,N/A,N/A,N/A
Prof                                                                                Walmik Kachru Sarwade,57414,Department of Commerce,Dr. Babasaheb Ambedkar Marathwada University,N/A,N/A,N/A
Dr                                                                                Farah Naaz Gauri,57418,Department of Commerce,Dr. Babasaheb Ambedkar Marathwada University,N/A,N/A,N/A
Dr                                                                                Veena Rajendra Humbe,57424,Department of Commerce,Dr. Babasaheb Ambedkar Marathwada University,N/A,N/A,N/A
Dr                                                                                Kishan Sadashiv Dhabe,57429,Department of Life Long Learning and Extension,Dr. Babasaheb Ambedkar Marathwada University,N/A,N/A,N/A
Dr                                                                                Chandrashekhar Hiware,64870,Department of Zoology,Dr. Babasaheb Ambedkar Marathwada University,N/A,N/A,N/A
Dr                                                                                Rajesh Narayan Ragde,113999,Department of Tourism Administration,Dr. Babasaheb Ambedkar Marathwada University,N/A,N/A,N/A
Dr                                                                                Anand K Deshmukh,114008,Department of Law,Dr. Babasaheb Ambedkar Marathwada University,N/A,N/A,N/A
Dr                                                                                Shweta Patil,115102,Department of Management Science,Dr. Babasaheb Ambedkar Marathwada University,N/A,N/A,N/A
Dr                                                                                Dhanashri Jayant Mahajan,115108,Department of Economics,Dr. Babasaheb Ambedkar Marathwada University,N/A,N/A,N/A
Dr                                                                                Ashok S Pawar,115377,Department of Economics,Dr. Babasaheb Ambedkar Marathwada University,N/A,N/A,N/A
Dr                                                                                Purushottam V Deshmukh,115380,Department of Economics,Dr. Babasaheb Ambedkar Marathwada University,N/A,N/A,N/A
Dr                                                                                Chandrakant N Kokate,115386,Department of Economics,Dr. Babasaheb Ambedkar Marathwada University,N/A,N/A,N/A
Dr                                                                                Kruthika V Khandare,115387,Department of Economics,Dr. Babasaheb Ambedkar Marathwada University,N/A,N/A,N/A
Dr                                                                                Maroti C Pawar,115394,Department of Public Administration,Dr. Babasaheb Ambedkar Marathwada University,N/A,N/A,N/A
Dr                                                                                Pratibha S Unhale,115396,Department of Public Administration,Dr. Babasaheb Ambedkar Marathwada University,N/A,N/A,N/A
Dr                                                                                Sanjay B Salunke,115406,Department of Sociology,Dr. Babasaheb Ambedkar Marathwada University,N/A,N/A,N/A
Dr                                                                                Laxman Hilalsing Salok,115407,Department of Sociology,Dr. Babasaheb Ambedkar Marathwada University,N/A,N/A,N/A
Dr                                                                                Sangram Vitthalrao Gunjal,115408,Department of Sociology,Dr. Babasaheb Ambedkar Marathwada University,N/A,N/A,N/A
