Name,Vidwan ID,Department,College,Total Citations,H Index,Journal Articles
Dr                                                                                Manas Maity,61233,Physics,Visva-Bharati University,50415,101,632
Prof                                                                                Goutam Brahmachari,152899,Department of Chemistry,Visva-Bharati University,3315,32,311
Dr                                                                                Paramartha Dutta,141051,Computer and System Sciences,Visva-Bharati University,1073,16,112
Dr                                                                                Alakananda Hajra,152890,Chemistry,Visva-Bharati University,9522,53,276
Dr                                                                                PRASANTA CHATTERJEE,158509,Mathematics,Visva-Bharati University,3074,31,278
Dr                                                                                Md Motin Seikh,152843,Chemistry,Visva-Bharati University,1586,20,222
Prof                                                                                Ashis Bhattacharjee,48854,Physics,Visva-Bharati University,1687,22,202
Prof                                                                                Souvik Ghosh,44849,,Visva-Bharati University,176,6,164
Prof                                                                                Pranab Sarkar,141072,Chemistry,Visva-Bharati University,568,14,167
Prof                                                                                Adinath Majee,152909,Chemistry,Visva-Bharati University,1087,19,177
Prof                                                                                Buddhadeb Duary,141071,,Visva-Bharati University,60,4,128
Dr                                                                                Anagha Chakraborty,217469,Physics,Visva-Bharati University,61,4,91
Dr                                                                                Manas Ghosh,152874,Chemistry,Visva-Bharati University,693,13,143
Dr                                                                                Sudip Kumar Mondal,151819,Chemistry,Visva-Bharati University,2176,29,138
Dr                                                                                Prohlad Roy,157110,Education,Visva-Bharati University,N/A,N/A,74
Dr                                                                                Sankar Roy Maulik,150545,Silpa Sadana,Visva-Bharati University,257,7,91
Dr                                                                                AMAR PRASAD MISRA,155499,Mathematics,Visva-Bharati University,2104,27,126
Dr                                                                                Bholanath Mondal,153315,Plant Pathology,Visva-Bharati University,25,3,101
Prof                                                                                Goutam Kumar Ghosh,156088,Soil Science and Agricultural Chemistry,Visva-Bharati University,539,13,116
Dr                                                                                Mohan Kumar Biswas,153248,Plant Pathology,Visva-Bharati University,30,3,97
Prof                                                                                Utpal  Roy,154427,Computer and System Sciences,Visva-Bharati University,287,10,58
Dr                                                                                Shyamsundar  Bairagya,157113,Education,Visva-Bharati University,N/A,N/A,83
Dr                                                                                Dulal Pal,158866,Mathematics,Visva-Bharati University,2845,34,120
Prof                                                                                SUJIT KUMAR PAUL,154351,Rural Studies,Visva-Bharati University,N/A,N/A,78
Dr                                                                                Mahasweta Nandi,141006,Integrated Science Education and Research (ISERC),Visva-Bharati University,2429,25,110
Prof                                                                                Asim Kumar Das,152994,Chemistry,Visva-Bharati University,48,2,97
Dr                                                                                PARESH CHANDRA KOLE,158919,Genetics & Plant Breeding,Visva-Bharati University,155,6,103
Prof                                                                                Sarthak Chowdhury,156491,Department of Agricultural Extension,Visva-Bharati University,N/A,N/A,50
Prof                                                                                Pranesh Chowdhury,152883,Chemistry,Visva-Bharati University,210,8,97
Dr                                                                                Kashinath Chatterjee,60512,Statistics,Visva-Bharati University,485,12,98
Prof                                                                                Samiran  Mondal,153230,Department of Physical Education and Sport Science,Visva-Bharati University,29,N/A,85
Dr                                                                                Digvijay Singh Dhakre,153009,Agricultural Statistics,Visva-Bharati University,2,1,85
Prof                                                                                Sanjib Kumar  Das,163693,Indo-Tibetan Studies,Visva-Bharati University,N/A,N/A,33
Prof                                                                                Tathagata Choudhuri,48629,Biotechnology,Visva-Bharati University,2265,27,83
Prof                                                                                Pratap Kumar Padhy,141175,Environmental Studies,Visva-Bharati University,587,16,67
Prof                                                                                Sudhansu S. Maiti,153939,Statistics,Visva-Bharati University,265,12,79
Dr                                                                                Prithidipa Sahoo,153018,Chemistry,Visva-Bharati University,892,18,86
Prof                                                                                Gourab Kanti Das,151677,Chemistry,Visva-Bharati University,329,9,87
Prof                                                                                Arun Barik,151891,Agronomy,Visva-Bharati University,53,5,88
Dr                                                                                Sonam  Zangpo,176121,Indo-Tibetan Studies,Visva-Bharati University,N/A,N/A,16
Dr                                                                                Bidhan Bag,152896,Chemistry,Visva-Bharati University,162,8,83
Dr                                                                                Manik Chandra Kundu,177916,Department of Soil Science and Agricultural Chemistry,Visva-Bharati University,466,10,67
Prof                                                                                Narayan Chandra Mandal,140942,Department of Botany,Visva-Bharati University,278,9,63
Dr                                                                                Nikhil Pal,151667,Mathematics,Visva-Bharati University,1347,20,75
Dr                                                                                Surjya Saikia,154232,Zoology,Visva-Bharati University,136,7,67
Prof                                                                                Santi Prasad Sinha Babu,141397,Zoology,Visva-Bharati University,1718,23,67
Dr                                                                                Mahua Banerjee,153323,Agronomy,Visva-Bharati University,79,5,63
Prof                                                                                Prashanta Kumar Mandal,151721,Mathematics,Visva-Bharati University,1620,23,73
Dr                                                                                Susanta Ghosh,152868,Integrated Science Education and Research (ISERC),Visva-Bharati University,1264,17,70
Dr                                                                                Nihar Ranjan Chakraborty,155525,Genetics and Plant Breeding,Visva-Bharati University,24,3,59
Dr                                                                                Pabitra Kumar Biswas,184158,Soilscience and Agricultural Chemistry,Visva-Bharati University,10,1,63
Prof                                                                                Swapan Mandal,141050,Physics,Visva-Bharati University,521,12,66
Prof                                                                                Tapas Ray Mahapatra,157925,Mathematics,Visva-Bharati University,2168,23,71
Dr                                                                                Biswajit Mandal,151670,Economics and Politics,Visva-Bharati University,115,6,39
Dr                                                                                Biswajit Pandey,151672,Department of Physics,Visva-Bharati University,466,13,64
Dr                                                                                Arnab Ghosh,152877,Anthropology,Visva-Bharati University,813,16,61
Dr                                                                                Goutam Mandal,153279,"Horticulture and Post-harvest Technology,Palli Siksha Bhavana (Institute of Agriculture)",Visva-Bharati University,61,4,51
Prof                                                                                Binoy Kumar Saren,152919,Agronomy,Visva-Bharati University,33,3,58
Prof                                                                                Hirak Chatterjee,153255,Department of Plant Protection,Visva-Bharati University,N/A,N/A,51
Dr                                                                                Mahesh Sawata Khetmalis,44179,Physical Education and Sport Science,Visva-Bharati University,N/A,N/A,28
Dr                                                                                Naznin Begum,152865,Chemistry,Visva-Bharati University,1331,15,64
Prof                                                                                Sudipta Maitra,141382,Zoology,Visva-Bharati University,1304,17,60
Dr                                                                                Kalipada Pramanik,153008,Agronomy,Visva-Bharati University,13,2,62
Dr                                                                                Jyoti Ratan Ghosh,153774,Anthropology,Visva-Bharati University,97,4,55
Dr                                                                                Arup Gayen,165094,Physical Education and Sport Science,Visva-Bharati University,N/A,N/A,42
Prof                                                                                Shibani Chaudhury,48522,Environmental Studies,Visva-Bharati University,474,12,55
Prof                                                                                Ganesh Chandra Malik,177630,Agronomy,Visva-Bharati University,41,4,52
Dr                                                                                Palash Mondal,153592,Agricultural Entomology,Visva-Bharati University,16,2,57
Dr                                                                                Amartya Mukherjee,153834,RSDD,Visva-Bharati University,N/A,N/A,34
Prof                                                                                Bikash Chandra Gupta,213914,Physics,Visva-Bharati University,225,10,56
Dr                                                                                Joydip Mandal,103127,Horticulture and Post Harvest Technology,Visva-Bharati University,N/A,N/A,55
Dr                                                                                Goutam Mandal,152906,Horticulture and Post Harvest Technology,Visva-Bharati University,61,4,45
Prof                                                                                Madan Mohan Panja,140985,Mathematics,Visva-Bharati University,225,7,55
Prof                                                                                Bidhan Chandra Roy,151836,Agricultural Economics,Visva-Bharati University,N/A,N/A,35
Dr                                                                                Soumyadip Chattopadhyay,48643,Economics and Politics,Visva-Bharati University,38,4,39
Dr                                                                                Anjan Kumar Bhuniya,141429,,Visva-Bharati University,78,5,54
Dr                                                                                Prabir Kumar Choudhuri,150497,Silpa-Sadana,Visva-Bharati University,14,2,29
Dr                                                                                Ashis Mitra,152708,Silpa Sadana,Visva-Bharati University,83,4,49
Prof                                                                                Ansuman Chattopadhyay,164083,Zoology,Visva-Bharati University,1096,21,46
Prof                                                                                Bhabatosh Mandal,153249,Chemistry,Visva-Bharati University,706,14,52
Prof                                                                                Tapas Kumar Kundu,158519,Physics,Visva-Bharati University,183,9,49
Dr                                                                                Sangita Saikia,154153,Assamese,Visva-Bharati University,N/A,N/A,24
Prof                                                                                Bijoy Krishna Dolui,153020,Chemistry,Visva-Bharati University,133,5,51
Dr                                                                                Debasish Panda,153328,Crop Physiology,Visva-Bharati University,1,1,32
Dr                                                                                Mrityunjay Kumar Prabhakar,153602,"RSDD, Sangit Bhavana",Visva-Bharati University,N/A,N/A,34
Dr                                                                                Amit Kumar Verma,43957,Hindustani Classical Music,Visva-Bharati University,N/A,N/A,32
Dr                                                                                Arimardan Kumar Tripathi,53897,Computer and System Sciences,Visva-Bharati University,N/A,N/A,22
Prof                                                                                Pijush K Ghosh,163661,Physics,Visva-Bharati University,682,16,44
Dr                                                                                Rakesh Kundu,249090,Zoology,Visva-Bharati University,1151,14,42
Dr                                                                                Anshuman Dasgupta,144353,History of Art,Visva-Bharati University,N/A,N/A,14
Dr                                                                                Sananda Mondal,153332,Crop Physiology,Visva-Bharati University,97,5,36
Prof                                                                                Uma Sankar Malik,154237,geography,Visva-Bharati University,N/A,N/A,37
Dr                                                                                PULAK KUMAR PATRA,159927,Environmental Studies,Visva-Bharati University,23,3,39
Dr                                                                                Biswajit Dey,157865,Chemistry,Visva-Bharati University,692,15,47
Prof                                                                                Syed Ejaz  Hussain,153772,History,Visva-Bharati University,N/A,N/A,16
Dr                                                                                Neelmani Jaysawal,141052,Social Work,Visva-Bharati University,12,2,24
Prof                                                                                Subrata Sinha,141351,Integrated Science Education and Research (ISERC),Visva-Bharati University,368,9,45
Dr                                                                                Sandip Debnath,151901,Genetics and Plant Breeding,Visva-Bharati University,27,3,26
Dr                                                                                Subhrangsu Santra,157559,Life Long Learning and Extension,Visva-Bharati University,5,1,15
Prof                                                                                Sumanta Kumar Mondal,153022,Physical Education and Sport Science,Visva-Bharati University,N/A,N/A,38
