Name,Vidwan ID,Department,College,Total Citations,H Index,Journal Articles
Dr                                                                                Debani Prasad Mishra,373011,Department of Electrical Engineering,"International Institute of Information Technology, Bhubaneswar",529,10,36
Dr                                                                                Rakesh Chandra Balabantaray,373009,Department of Computer Science and Engineering,"International Institute of Information Technology, Bhubaneswar",345,10,20
Dr                                                                                Sanjeev Kumar Mishra,55902,Department of Electronics and Telecommunication,"International Institute of Information Technology, Bhubaneswar",628,12,31
Dr                                                                                Puspanjali Mohapatra,373017,Department of Computer Science and Engineering,"International Institute of Information Technology, Bhubaneswar",444,9,22
Dr                                                                                Hemanta Kumar Pati,373020,Department of Computer Science and Engineering,"International Institute of Information Technology, Bhubaneswar",114,6,7
Dr                                                                                Anjali Mohapatra,373026,Department of Computer Science and Engineering,"International Institute of Information Technology, Bhubaneswar",60,5,10
Dr                                                                                Deepak Kumar Rout,352527,Department of Electronics and Telecommunication,"International Institute of Information Technology, Bhubaneswar",111,6,8
Dr                                                                                Sabyasachi Patra,373012,Department of Computer Science and Engineering,"International Institute of Information Technology, Bhubaneswar",40,4,7
Dr                                                                                Gayatri Pattnaik,373013,Department of Electronics and Telecommunication,"International Institute of Information Technology, Bhubaneswar",60,3,3
Dr                                                                                Muktikanta Sahu,373014,Department of Computer Science and Engineering,"International Institute of Information Technology, Bhubaneswar",8,2,3
Mr                                                                                Sarthak Padhi,373025,Department of Computer Science and Engineering,"International Institute of Information Technology, Bhubaneswar",8,2,N/A
Dr                                                                                Bharati Mishra,373015,Department of Computer Science and Engineering,"International Institute of Information Technology, Bhubaneswar",N/A,N/A,N/A
Mr                                                                                Biswaranjan Pattanayak,373018,Department of Electronics and Telecommunication,"International Institute of Information Technology, Bhubaneswar",N/A,N/A,N/A
Dr                                                                                Umamani Subudhi,373019,Department of Electrical Engineering,"International Institute of Information Technology, Bhubaneswar",N/A,N/A,N/A
Prof                                                                                Biranchi Padhi,373021,Department of Mechanical Engineering,"International Institute of Information Technology, Bhubaneswar",N/A,N/A,N/A
Dr                                                                                Rajat Giri,373023,Department of Electronics and Telecommunication,"International Institute of Information Technology, Bhubaneswar",N/A,N/A,N/A
Mr                                                                                Venkata Sridhar T,373024,Department of Electronics and Telecommunication,"International Institute of Information Technology, Bhubaneswar",N/A,N/A,N/A
