Name,Vidwan ID,Department,College,Total Citations,H Index,Journal Articles
Dr                                                                                Manzoor Ahmad Mir,171296,Department of Bioresources,University of Kashmir,2288,27,125
Dr                                                                                Firdous A. Shah,195996,Department of Mathematics,University of Kashmir,756,14,226
Prof                                                                                Shariefuddin Pirzada,195244,Department of Mathematics,University of Kashmir,895,15,228
Prof                                                                                Fayaz Ahmad,64724,Department of Zoology,University of Kashmir,3,1,231
Dr                                                                                Adil Gani,197458,Department of Food Science and Technology,University of Kashmir,4859,41,196
Prof                                                                                Farooq Ahmad Masoodi,61398,Department of Food Science and Technology,University of Kashmir,5236,41,177
Prof                                                                                Abdul Ahad Buhroo,195333,Department of Zoology,University of Kashmir,1256,3,53
Dr                                                                                Zafar Ahmad Reshi,43393,Department of Botany,University of Kashmir,1867,24,139
Dr                                                                                Faheem Arjamend,186863,Department of Nanotechnology,University of Kashmir,3592,33,132
Prof                                                                                Aijaz Ahmad,195084,Department of Chemistry,University of Kashmir,2310,28,153
Prof                                                                                Ehtishamul Haq,187033,Department of Biotechnology,University of Kashmir,1077,17,122
Prof                                                                                Aquil Ahmed,58129,Department of Statistics,University of Kashmir,725,14,127
Dr                                                                                Khurshid Andrabi,186772,Department of Biotechnology,University of Kashmir,2164,20,107
Dr                                                                                Idrees Ahmed Wani,195092,Department of Food Science and Technology,University of Kashmir,3498,38,115
Prof                                                                                Nazir Dar,186538,Department of Biochemistry,University of Kashmir,N/A,N/A,53
Dr                                                                                Muheet Ahmed Butt,195012,Department of Computer Science,University of Kashmir,222,11,94
Dr                                                                                Reiaz Ul Rehman,171364,Department of Bioresources,University of Kashmir,29,2,56
Dr                                                                                Farooq Khanday,290333,Department of Electronics and Insrumentation Technology,University of Kashmir,911,15,73
Dr                                                                                Masood Rizvi,286450,Department of Chemistry,University of Kashmir,89,5,72
Prof                                                                                Nahida Tabassum,187173,Department of Pharmaceutical Science,University of Kashmir,573,11,88
Dr                                                                                Majid Zaman,194978,Directorate of Information Technology and Support System,University of Kashmir,313,12,72
Dr                                                                                Sami Ullah Bhat,195003,Department of Environmental Science,University of Kashmir,469,12,85
Prof                                                                                Basharat Want,171314,Department of Physics,University of Kashmir,50,2,14
Dr                                                                                Irfan Rashid,195254,Department of Geoinformatics,University of Kashmir,1959,23,76
Prof                                                                                Altaf Pandith,198034,Department of Chemistry,University of Kashmir,1592,16,70
Dr                                                                                Kiesar Sideeq Bhat,521827,Department of Bioresources,University of Kashmir,183,4,60
Dr                                                                                Hidayatullah  Tak,523517,Department of Zoology,University of Kashmir,N/A,N/A,79
Dr                                                                                Tanveer Ali Dar,188032,Department of Clinical Biochemistry,University of Kashmir,868,16,58
Dr                                                                                Yahya Bakhtiyar,64715,Department of Zoology,University of Kashmir,24,2,43
Dr                                                                                Fayaz Ahmad Loan,195844,Centre of Central Asian Studies,University of Kashmir,147,8,73
Dr                                                                                Shajrul Amin,188053,Department of Biochemistry,University of Kashmir,129,7,62
Prof                                                                                Mushtaq Ahmad Darzi,31827,Department of Management Studies,University of Kashmir,242,6,68
Dr                                                                                Mubashir Hussain Masoodi,195294,Department of Pharmaceutical Science,University of Kashmir,256,9,67
Dr                                                                                Asima Shah,197680,Department of Food Science and Technology,University of Kashmir,890,17,62
Dr                                                                                Faheem Masoodi,197891,Department of Computer Science,University of Kashmir,218,8,18
Dr                                                                                Zahid Ashraf Wani,197032,Department of Library and Information Science,University of Kashmir,68,4,42
Dr                                                                                Mohsin Ahmad Bhat,196827,Department of Chemistry,University of Kashmir,249,10,56
Dr                                                                                Imtiaz Khan,195040,Department of Zoology,University of Kashmir,358,8,48
Dr                                                                                Showket Ahmad Ganai,172293,Clinical Biochemistry,University of Kashmir,159,7,45
Dr                                                                                Bilal Bhat,522069,Department of Zoology,University of Kashmir,N/A,N/A,49
Prof                                                                                M. A. Khanday,195188,Department of Mathematics,University of Kashmir,19,N/A,46
Dr                                                                                Mudasir Ahmad,198041,Department of Food Science and Technology,University of Kashmir,1689,27,41
Prof                                                                                Mushtaq Ahmad,195517,DIRECTORATE OF DISTANCE EDUCATION,University of Kashmir,N/A,N/A,39
Prof                                                                                Manzoor Malik,195970,Department of Physics,University of Kashmir,169,5,38
Dr                                                                                Nadim Akhtar Khan,198030,Department of Library and Information Science,University of Kashmir,26,2,30
Dr                                                                                Firdous Khanday,186748,Biotechnology,University of Kashmir,120,6,40
Dr                                                                                Nisar Ahmad Khan,195939,Department of Pharmaceutical Science,University of Kashmir,52,4,37
Prof                                                                                Wajaht Amin Shah,198749,Department of Chemistry,University of Kashmir,82,5,40
Dr                                                                                Aamina Parveen,200408,Department of Education,University of Kashmir,N/A,N/A,27
Dr                                                                                Reyaz Dar,347545,Department of Earth Science,University of Kashmir,250,5,36
Mrs                                                                                Rosy Jan,197597,Department of Library and Information Science,University of Kashmir,43,4,28
Dr                                                                                Ghulam Nabi Bader,195296,Department of Pharmaceutical Science,University of Kashmir,42,4,27
Dr                                                                                Rafi Khan,195760,Department of Management Studies,University of Kashmir,4,1,29
Dr                                                                                Rosy Jan,197583,Library and Information Science,University of Kashmir,17,2,26
Dr                                                                                Umar Farooq,195376,"Department of Computer Science, North Campus",University of Kashmir,29,3,17
Dr                                                                                Peer Abdul Haseeb Shah,186908,Department of Bioresources,University of Kashmir,524,11,14
Dr                                                                                Natasha Saqib,521603,Department of Management Studies,University of Kashmir,72,4,25
Dr                                                                                Mohammad Ishaq Lone,84967,Allama Iqbal Library,University of Kashmir,5,2,18
Dr                                                                                Shabir Ahmad Ganaie,196784,Department of Library and Information Science,University of Kashmir,1,1,28
Dr                                                                                Irfan Rashid,115574,Department of Botany,University of Kashmir,183,7,25
Dr                                                                                Tariq Ahmad,187249,Department of Zoology,University of Kashmir,36,N/A,23
Dr                                                                                Khan Javaid,347540,Department of Economics,University of Kashmir,N/A,N/A,23
Effat Yasmin,347872,Economics,University of Kashmir,N/A,N/A,22
Prof                                                                                Tariq Chishti,196166,Directorate of Distance Education,University of Kashmir,101,5,22
Dr                                                                                Mohd Iqbal Bhat,198349,Department of Mathematics,University of Kashmir,N/A,N/A,25
Dr                                                                                S. M. Imran,176020,Allama Iqbal Library,University of Kashmir,N/A,N/A,11
Prof                                                                                Manzoor Bhat,197684,Shah-i-Hamadan Institute of Islamic Studies,University of Kashmir,N/A,N/A,15
Dr                                                                                Zahoor Ahmad parray,521546,Department of Management Studies,University of Kashmir,N/A,N/A,19
Dr                                                                                Mohammad Iqbal Zargar,194992,Department of Pharmaceutical Science,University of Kashmir,262,8,19
Dr                                                                                Shafquat Majeed,187029,Department of Nanotechnology,University of Kashmir,252,7,16
Dr                                                                                Mohammed Iqbal Zargar,521198,Department of Pharmaceutical Science,University of Kashmir,252,9,14
Dr                                                                                Zubair Dada,196017,"Department of Tourism, Hospitality and Leisure Studies",University of Kashmir,7,2,17
Dr                                                                                Mohd Ziaul Rafaqi,65657,Department of Education,University of Kashmir,N/A,N/A,15
Dr                                                                                Reyaz Dar,195636,Department of Earth Science,University of Kashmir,250,5,16
Dr                                                                                Javid Ahmad,196609,Department of Political Science,University of Kashmir,N/A,N/A,11
Mr                                                                                Sheikh Tajamul Islam,186867,Department of Bioresources,University of Kashmir,164,1,7
Dr                                                                                Mudasir Mohd,195279,Department of Computer Science,University of Kashmir,105,6,9
Dr                                                                                Nazima Rasool,196009,Department of Botany,University of Kashmir,4,1,11
Dr                                                                                Aijaz Ashraf Wani,197437,Department of Political Science,University of Kashmir,N/A,N/A,7
Dr                                                                                Altaf Hussain Mir,186567,Department of Zoology,University of Kashmir,N/A,N/A,15
Dr                                                                                Abdul Rashid Lone,196608,Department of History,University of Kashmir,N/A,N/A,7
Dr                                                                                Waseem Z. Lone,278236,Department of Mathematics,University of Kashmir,57,5,15
Dr                                                                                Bilal Ahmad Zargar,193098,Pharmaceutical Sciences,University of Kashmir,221,7,13
Dr                                                                                Mohammad Ajmal Shah,196007,Department of History,University of Kashmir,N/A,N/A,11
Dr                                                                                Abid Gulzar,197563,Centre of Central Asian Studies,University of Kashmir,N/A,N/A,8
Dr                                                                                Imtiyaz Ul Haq,195470,Department of Economics,University of Kashmir,4,N/A,11
Dr                                                                                Sajad Wani,195857,Department of Linguistics,University of Kashmir,N/A,N/A,11
Ms                                                                                Saima Jan,196857,Department of Linguistics,University of Kashmir,N/A,N/A,N/A
Dr                                                                                Mohammad Amin,200356,Department of Education,University of Kashmir,N/A,N/A,10
Dr                                                                                 Mohd Ashraf Dar,193282,Biochemistry,University of Kashmir,174,6,12
Dr                                                                                Mohd Muslim,195073,Department of Environmental Science,University of Kashmir,N/A,N/A,11
Dr                                                                                Javeed Ul Aziz,197990,Department of History,University of Kashmir,N/A,N/A,9
Dr                                                                                Bashir A. Lone,187288,Department of Bioresources,University of Kashmir,8,N/A,11
Dr                                                                                Shaida Andrabi,195726,Department of Biochemistry,University of Kashmir,2,1,11
Mr                                                                                Irfan Mohammad Malik,521494,Department of English,University of Kashmir,N/A,N/A,7
Dr                                                                                Sanjeda Warsi,196818,Department of Political Science,University of Kashmir,N/A,N/A,8
Dr                                                                                Anjum Ara Shamim,197586,Department of Political Science,University of Kashmir,N/A,N/A,5
Dr                                                                                Waseem Bakshi,198004,Department of Computer Science,University of Kashmir,N/A,N/A,5
Dr                                                                                Tariq Ahmad Lone,171325,Department of Management Studies,University of Kashmir,4,N/A,7
Dr                                                                                Abdul Basit Naik,196597,Centre for Women's Studies and Research,University of Kashmir,N/A,N/A,N/A
