Name,Vidwan ID,Department,College,Total Citations,H Index,Journal Articles
Prof                                                                                Surender Kumar,327190,Department of Chemistry,"Chaudhary Bansi Lal University, Haryana",743,15,92
Dr                                                                                Aakash Deep,330939,Department of Pharmaceutical Sciences,"Chaudhary Bansi Lal University, Haryana",1360,20,67
Dr                                                                                Dinesh Kumar Madan,320337,Department of Mathematics,"Chaudhary Bansi Lal University, Haryana",92,5,66
Dr                                                                                Deepak Kumar Aneja,316925,Department of Chemistry,"Chaudhary Bansi Lal University, Haryana",220,9,56
Dr                                                                                Lalita Gupta,321862,Department of Zoology,"Chaudhary Bansi Lal University, Haryana",1538,15,44
Dr                                                                                Sanjiv Kumar,360152,Department of Pharmaceutical Sciences,"Chaudhary Bansi Lal University, Haryana",1159,18,35
Prof                                                                                Sanjeev Kumar,327214,Department of Biotechnology,"Chaudhary Bansi Lal University, Haryana",135,8,41
Dr                                                                                Rishi Pal,355735,Department of Physics,"Chaudhary Bansi Lal University, Haryana",461,9,27
Dr                                                                                Sunita Bharatwal,327301,Department of Management,"Chaudhary Bansi Lal University, Haryana",N/A,N/A,N/A
Dr                                                                                Sushila Arya,337711,Department of Hindi,"Chaudhary Bansi Lal University, Haryana",N/A,N/A,17
Dr                                                                                Ekhlaque Ahmed Khan,330897,Department of Biotechnology,"Chaudhary Bansi Lal University, Haryana",472,5,16
Dr                                                                                Monika Jangra,365323,Department of Zoology,"Chaudhary Bansi Lal University, Haryana",N/A,N/A,2
Dr                                                                                Sonika Singh,200160,Department of Chemistry,"Chaudhary Bansi Lal University, Haryana",157,8,25
Dr                                                                                Mayank Kinger,329749,Department of Chemistry,"Chaudhary Bansi Lal University, Haryana",84,3,24
Dr                                                                                Rahul Tripathi,329791,Department of Physics,"Chaudhary Bansi Lal University, Haryana",568,12,20
Dr                                                                                Deepak Wadhwa,361153,Department of Chemistry,"Chaudhary Bansi Lal University, Haryana",2,1,15
Dr                                                                                Anurag Sachan,329539,Department of Physical Education,"Chaudhary Bansi Lal University, Haryana",N/A,N/A,9
Dr                                                                                Neelam Pawar,361091,Department of pharmaceutical sciences,"Chaudhary Bansi Lal University, Haryana",1,1,7
Mr                                                                                Bharat Maurya,364915,Department of Political Science,"Chaudhary Bansi Lal University, Haryana",N/A,N/A,4
Dr                                                                                Sneh Lata Sharma,321996,Department of English,"Chaudhary Bansi Lal University, Haryana",N/A,N/A,11
Dr                                                                                Sonia Grover,330549,Department of Chemistry,"Chaudhary Bansi Lal University, Haryana",565,8,12
Mrs                                                                                Neeraj Rani,364946,Department of Pharmaceutical Sciences,"Chaudhary Bansi Lal University, Haryana",36,3,7
Mrs                                                                                Monika Yadav,291172,Department of Botany,"Chaudhary Bansi Lal University, Haryana",32,3,N/A
Dr                                                                                Vijay Kumar,317050,Department of Physics,"Chaudhary Bansi Lal University, Haryana",44,4,8
Dr                                                                                Rakesh Kumar,329498,Department of Geography,"Chaudhary Bansi Lal University, Haryana",N/A,N/A,7
Dr                                                                                Lalita,330886,Department of Psychology,"Chaudhary Bansi Lal University, Haryana",N/A,N/A,N/A
Dr                                                                                Geeta Solanki,357716,Department of Physical Education,"Chaudhary Bansi Lal University, Haryana",N/A,N/A,8
Dr                                                                                Niti Chawla,327348,Department of Biotechnology,"Chaudhary Bansi Lal University, Haryana",90,3,5
Dr                                                                                Suresh Kumar,329718,Department of Physical Education,"Chaudhary Bansi Lal University, Haryana",N/A,N/A,4
Mr                                                                                Harish Kumar Bishnoi,362199,Department of Pharmaceutical Sciences,"Chaudhary Bansi Lal University, Haryana",N/A,N/A,4
Dr                                                                                Ashwani Kumar,320284,Department of Biotechnology,"Chaudhary Bansi Lal University, Haryana",1,1,5
Mr                                                                                Samunder Singh,329506,Department of History,"Chaudhary Bansi Lal University, Haryana",N/A,N/A,4
Dr                                                                                Reena Sheoran,365289,Department of pharmaceutical sciences,"Chaudhary Bansi Lal University, Haryana",2,1,6
Dr                                                                                Pawan Kumar,320341,Department of Geography,"Chaudhary Bansi Lal University, Haryana",8,2,5
Mrs                                                                                Sudha Yadav,329574,Department of Botany,"Chaudhary Bansi Lal University, Haryana",1,1,N/A
Mr                                                                                Ajay Singh,329999,Department of Commerce,"Chaudhary Bansi Lal University, Haryana",N/A,N/A,4
Dr                                                                                Mehak,357340,Department of Hindi,"Chaudhary Bansi Lal University, Haryana",N/A,N/A,3
Dr                                                                                Asha Poonia,100556,Department of Zoology,"Chaudhary Bansi Lal University, Haryana",8,2,1
Dr                                                                                Virender Singh,328102,Department of Chemistry,"Chaudhary Bansi Lal University, Haryana",29,1,4
Dr                                                                                Utpal Kumar,329494,Department of Geography,"Chaudhary Bansi Lal University, Haryana",N/A,N/A,N/A
Mr                                                                                Hitesh Kumar,329770,Department of Physics,"Chaudhary Bansi Lal University, Haryana",N/A,N/A,3
Dr                                                                                Manju Lata,331496,Department of Information and Communication Technology,"Chaudhary Bansi Lal University, Haryana",3,N/A,2
Dr                                                                                Hemant Verma,331550,Department of Information and Communication Technology,"Chaudhary Bansi Lal University, Haryana",N/A,N/A,3
Dr                                                                                Arjun Singh,341232,Department of History,"Chaudhary Bansi Lal University, Haryana",N/A,N/A,5
Dr                                                                                Ravi Prakash,326823,Department of History,"Chaudhary Bansi Lal University, Haryana",N/A,N/A,1
Dr                                                                                Deepak Kumari,342236,Department of Hindi,"Chaudhary Bansi Lal University, Haryana",N/A,N/A,2
Mr                                                                                Dharamvir,357365,Department of Hindi,"Chaudhary Bansi Lal University, Haryana",N/A,N/A,4
Mr                                                                                Jitender Kumar,291772,Department of Social Work,"Chaudhary Bansi Lal University, Haryana",N/A,N/A,N/A
Dr                                                                                Deepika Sankhyan,329522,Department of Geography,"Chaudhary Bansi Lal University, Haryana",N/A,N/A,1
Mr                                                                                Naveen Kumar,329624,Department of Political Science,"Chaudhary Bansi Lal University, Haryana",N/A,N/A,2
Ms                                                                                Agin Kumari,331312,Department of Mathematics,"Chaudhary Bansi Lal University, Haryana",2,N/A,3
Dr                                                                                Rekha Sansanwal,361127,Department of Microbiology,"Chaudhary Bansi Lal University, Haryana",4,1,3
Dr                                                                                Vinod Kumar,361195,Department of Mathematics,"Chaudhary Bansi Lal University, Haryana",N/A,N/A,3
Dr                                                                                Parvati Sharma,323969,Department of Zoology,"Chaudhary Bansi Lal University, Haryana",N/A,N/A,N/A
Ms                                                                                Ritu Goyal,330952,Department of Mathematics,"Chaudhary Bansi Lal University, Haryana",N/A,N/A,2
Dr                                                                                Surbhi Gaur,330986,Department of Geography,"Chaudhary Bansi Lal University, Haryana",N/A,N/A,2
Mr                                                                                Sahil Kukreja,331547,Department of Information and Communication Technology,"Chaudhary Bansi Lal University, Haryana",N/A,N/A,N/A
Dr                                                                                Mool Raj,291771,Department of Social Work,"Chaudhary Bansi Lal University, Haryana",N/A,N/A,1
Dr                                                                                Meera Singh,329031,Department of Commerce,"Chaudhary Bansi Lal University, Haryana",N/A,N/A,1
Ms                                                                                Annu,329528,Department of Chemistry,"Chaudhary Bansi Lal University, Haryana",4,1,1
Mr                                                                                Sunil Kumar,329724,Department of Physical Education,"Chaudhary Bansi Lal University, Haryana",N/A,N/A,1
Mr                                                                                Abhishek Chandel,329891,Department of English,"Chaudhary Bansi Lal University, Haryana",N/A,N/A,N/A
Dr                                                                                Sangeeta Sharma,330881,Department of Psychology,"Chaudhary Bansi Lal University, Haryana",N/A,N/A,N/A
Mrs                                                                                Vibha Kalra,331214,Department of Management,"Chaudhary Bansi Lal University, Haryana",14,N/A,N/A
Dr                                                                                Uma Kumari Sah,332554,Department of Information and Communication Technology,"Chaudhary Bansi Lal University, Haryana",N/A,N/A,N/A
Mrs                                                                                Preeti Kaushik,364122,Department of Microbiology,"Chaudhary Bansi Lal University, Haryana",N/A,N/A,N/A
Mrs                                                                                Neetu Singh,304751,Department of Library and Information Science,"Chaudhary Bansi Lal University, Haryana",N/A,N/A,N/A
Dr                                                                                Monika Miglani,321048,Department of Biotechnology,"Chaudhary Bansi Lal University, Haryana",N/A,N/A,N/A
Dr                                                                                Dhirendra Kumar,329405,Department of Botany,"Chaudhary Bansi Lal University, Haryana",N/A,N/A,N/A
Mrs                                                                                Poonam Sharma,329620,Department of History,"Chaudhary Bansi Lal University, Haryana",N/A,N/A,N/A
Dr                                                                                Manjit Dalal,329745,Department of Physical Education,"Chaudhary Bansi Lal University, Haryana",N/A,N/A,N/A
Mrs                                                                                Monika Monika,329805,Department of Physics,"Chaudhary Bansi Lal University, Haryana",N/A,N/A,N/A
Dr                                                                                ravita pilania,329870,Department of physics,"Chaudhary Bansi Lal University, Haryana",N/A,N/A,N/A
Dr                                                                                Supriya Dalal,330532,Department of Management,"Chaudhary Bansi Lal University, Haryana",N/A,N/A,N/A
Mrs                                                                                Manisha Kumari,360897,Department of Hindi,"Chaudhary Bansi Lal University, Haryana",N/A,N/A,N/A
Ms                                                                                Priyanka Vaid,364942,Department of Social Work,"Chaudhary Bansi Lal University, Haryana",N/A,N/A,N/A
Dr                                                                                Nisha Bagotia,366014,Department of Chemistry,"Chaudhary Bansi Lal University, Haryana",N/A,N/A,N/A
