Name,Vidwan ID,Department,College,Total Citations,H Index,Journal Articles
Prof                                                                                Manoj Singh Gaur,60482,Department of Computer Science and Engineering,Indian Institute of Technology Jammu,3393,29,65
Prof                                                                                Rahul Raghunath Salunkhe,99340,,Indian Institute of Technology Jammu,16726,63,192
Prof                                                                                Vijayan Pallippattu Krishnan,100452,Department of Chemical Engineering,Indian Institute of Technology Jammu,3510,31,136
Dr                                                                                Anand Kumar Subramaniyan,99349,Department of Mechanical Engineering,Indian Institute of Technology Jammu,1138,21,81
Dr                                                                                Badri Narayan  Subudhi,100064,Department of Electrical Engineering,Indian Institute of Technology Jammu,1203,20,66
Dr                                                                                Kushmanda Saurav,99343,Department of Electrical Engineering,Indian Institute of Technology Jammu,1058,16,33
Dr                                                                                Ambika Prasad  Shah,216667,Department of Electrical Engineering,Indian Institute of Technology Jammu,481,13,39
Dr                                                                                Vinit Jakhetiya,99320,Department of Computer Science and Engineering,Indian Institute of Technology Jammu,699,15,21
Dr                                                                                Ankur Bansal,185279,Department of Electrical Engineering,Indian Institute of Technology Jammu,595,14,37
Dr                                                                                Pankaj Chauhan,99316,Department of Chemistry,Indian Institute of Technology Jammu,4139,32,50
Dr                                                                                Jayaramulu	 Kolleboyina,124285,Department of Chemistry,Indian Institute of Technology Jammu,4917,36,42
Dr                                                                                Kannan Iyer,336145,Department of Mechanical Engineering,Indian Institute of Technology Jammu,759,14,39
Dr                                                                                Amlan Kumar Pal,124288,Department of Chemistry,Indian Institute of Technology Jammu,1310,21,46
Dr                                                                                Karan Nathwani,99331,Department of Electrical Engineering,Indian Institute of Technology Jammu,150,7,14
Dr                                                                                Ashok Bera,99313,Department of Physics,Indian Institute of Technology Jammu,2120,20,47
Dr                                                                                Subhas Samanta,99341,Department of Chemistry,Indian Institute of Technology Jammu,1926,20,41
Dr                                                                                Ajay Singh,99347,Department of Electrical Engineering,Indian Institute of Technology Jammu,494,10,25
Dr                                                                                Vinay Sharma,336122,Department of Bioscience and Bioengineering,Indian Institute of Technology Jammu,1276,19,28
Dr                                                                                Nitin Joshi,99322,Department of Civil Engineering,Indian Institute of Technology Jammu,342,9,34
Dr                                                                                Ravikant Saini,99339,Department of Electrical Engineering,Indian Institute of Technology Jammu,144,6,12
Dr                                                                                Pratik Kumar,275863,Department of Civil Engineering,Indian Institute of Technology Jammu,392,13,19
Dr                                                                                Divyesh Varade,186666,Department of Civil Engineering,Indian Institute of Technology Jammu,252,12,22
Dr                                                                                Ravi Kumar 	Arun,186812,Department of Chemical Engineering,Indian Institute of Technology Jammu,340,7,20
Dr                                                                                Suresh R Devasahayam,336121,Department of Bioscience and Bioengineering,Indian Institute of Technology Jammu,273,10,23
Dr                                                                                Ajay Kumar,99326,Department of Mathematics,Indian Institute of Technology Jammu,104,7,27
Dr                                                                                RTD Prabhakaran,99335,Department of Mechanical Engineering,Indian Institute of Technology Jammu,279,11,21
Dr                                                                                Satya Sekhar	 Bhogilla,124231,Department of Mechanical Engineering,Indian Institute of Technology Jammu,554,15,26
Dr                                                                                Shiva S,99353,Department of Mechanical Engineering,Indian Institute of Technology Jammu,380,9,23
Dr                                                                                Shivnath Mazumder,99329,Department of Chemistry,Indian Institute of Technology Jammu,859,17,31
Dr                                                                                Suman	 Sarkar,124292,Department of Materials Engineering,Indian Institute of Technology Jammu,590,11,31
Dr                                                                                Samaresh Bera,526868,Department of Computer Science and Engineering,Indian Institute of Technology Jammu,1259,17,21
Dr                                                                                Mithu Baidya,346759,Department of Bioscience and Bioengineering,Indian Institute of Technology Jammu,1084,18,24
Dr                                                                                Biswanath	 Chakraborty,124290,Department of Physics,Indian Institute of Technology Jammu,5844,15,16
Dr                                                                                Bijoy H Boruah,336137,Department of Humanities and Social Science,Indian Institute of Technology Jammu,73,5,3
Dr                                                                                Ankit Kathuria,336128,Department of Civil Engineering,Indian Institute of Technology Jammu,354,8,22
Dr                                                                                Gaurav Varshney,336132,Department of Computer Science And Engineering,Indian Institute of Technology Jammu,244,7,5
Dr                                                                                Sanat Kumar Tiwari,99351,Department of Physics,Indian Institute of Technology Jammu,422,11,24
Dr                                                                                Guru Brahamam	 Ramani,124232,Department of Chemistry,Indian Institute of Technology Jammu,429,13,23
Dr                                                                                 Goutam Dutta,99318,Department of Mechanical Engineering,Indian Institute of Technology Jammu,287,9,24
Dr                                                                                Amitash	 Ojha,124277,Department of Humanities and Social Science,Indian Institute of Technology Jammu,164,8,11
Dr                                                                                Yamuna Prasad,99336,Department of Computer Science and Engineering,Indian Institute of Technology Jammu,114,6,8
Dr                                                                                Harkeerat Kaur,336133,Department of Computer Science And Engineering,Indian Institute of Technology Jammu,222,7,7
Dr                                                                                Ajeet Sharma,99345,Department of Physics,Indian Institute of Technology Jammu,320,11,19
Dr                                                                                Sumit Kumar Pandey,336134,Department of Computer Science And Engineering,Indian Institute of Technology Jammu,437,8,9
Dr                                                                                Nitin Kumar,525882,Department of Mathematics,Indian Institute of Technology Jammu,46,4,18
Dr                                                                                Arvind Kumar Rajput,99337,Department of Mechanical Engineering,Indian Institute of Technology Jammu,170,8,18
Dr                                                                                Anup Shukla,99346,Department of Electrical Engineering,Indian Institute of Technology Jammu,232,8,8
Dr                                                                                Subhasis	 Bhattacharjee,124238,Department of Computer Science and Engineering,Indian Institute of Technology Jammu,93,6,8
Dr                                                                                 Abhay  Sharma,526071,Department of Mechanical Engineering,Indian Institute of Technology Jammu,52,5,16
Dr                                                                                Riya	 Bhowmik,186747,Department of Civil Engineering,Indian Institute of Technology Jammu,52,4,11
Dr                                                                                Gaurav Ashok Bhaduri,99314,Department of Chemical Engineering,Indian Institute of Technology Jammu,352,9,13
Dr                                                                                Alok Kumar Saxena,99344,Department of Electrical Engineering,Indian Institute of Technology Jammu,61,5,7
Dr                                                                                Pothukuchi Harish,185944,Department of Mechanical Engineering,Indian Institute of Technology Jammu,62,5,11
Dr                                                                                Sudhakar Modem,99330,Department of Electrical Engineering,Indian Institute of Technology Jammu,85,4,9
Dr                                                                                Samrat Rao,99338,Department of Mechanical Engineering,Indian Institute of Technology Jammu,275,9,13
Dr                                                                                Rajendra Kumar Varma,99352,Department of Civil Engineering,Indian Institute of Technology Jammu,149,5,13
Dr                                                                                Suruchi Mahajan,336127,Department of Chemistry,Indian Institute of Technology Jammu,1732,14,14
Dr                                                                                V Rajkumar,336148,Department of Mechanical Engineering,Indian Institute of Technology Jammu,358,8,4
Dr                                                                                Ashutosh Yadav,336124,Department of Chemical Engineering,Indian Institute of Technology Jammu,159,7,15
Dr                                                                                Sahil Kalra,99323,Department of Mechanical Engineering,Indian Institute of Technology Jammu,189,6,4
Dr                                                                                Vijay Kumar Pal,99332,Department of Mechanical Engineering,Indian Institute of Technology Jammu,76,4,9
Dr                                                                                Srishilan C,171166,Department of Materials Engineering,Indian Institute of Technology Jammu,64,5,13
Dr                                                                                Navneet Kumar,185967,Department of Mechanical Engineering,Indian Institute of Technology Jammu,99,7,13
Dr                                                                                Sartaj Ul Hasan,99319,Department of Mathematics,Indian Institute of Technology Jammu,107,6,11
Dr                                                                                Surendra Beniwal,100153,Department of Civil Engineering,Indian Institute of Technology Jammu,209,8,7
Dr                                                                                Siddharth Ramachandran,503635,Department of Mechanical Engineering,Indian Institute of Technology Jammu,10,2,4
Dr                                                                                Arvind Kumar,336141,Department of Mathematics,Indian Institute of Technology Jammu,15,2,10
Dr                                                                                Nilesh Kumar,99327,Library,Indian Institute of Technology Jammu,N/A,N/A,3
Dr                                                                                Sayantan Mandal,124233,Department of Humanities and Social Science,Indian Institute of Technology Jammu,17,3,4
Prof                                                                                Debapriya Mandal,527154,Department of Chemical Engineering,Indian Institute of Technology Jammu,10,2,10
Dr                                                                                Tanmay Sarkar,99342,Department of Mathematics,Indian Institute of Technology Jammu,18,2,9
Dr                                                                                Saurabh Biswas,124236,Department of Mechanical Engineering,Indian Institute of Technology Jammu,39,4,8
Dr                                                                                Prasant Singh,336143,Department of Mathematics,Indian Institute of Technology Jammu,24,3,9
Dr                                                                                Rimen Jamatia,274822,Department of Civil Engineering,Indian Institute of Technology Jammu,71,4,8
Dr                                                                                Kousik Dhara,526049,Department of Mathematics,Indian Institute of Technology Jammu,12,2,7
Dr                                                                                Roshan  Udaram Patil,186807,Department of Mechanical Engineering,Indian Institute of Technology Jammu,428,6,6
Dr                                                                                Joby Varghese,274919,Department of Humanities and Social Science,Indian Institute of Technology Jammu,10,2,6
Dr                                                                                Chembolu Vinay,185961,Department of Civil Engineering,Indian Institute of Technology Jammu,45,3,4
Dr                                                                                Mir Fizan UL Haq,527000,Department of Civil Engineering,Indian Institute of Technology Jammu,3,1,3
Dr                                                                                Padmini  Singh,526011,Department of Electrical Engineering,Indian Institute of Technology Jammu,N/A,N/A,N/A
Dr                                                                                Sunil Kumar Kashyap,526849,Department of Materials Engineering,Indian Institute of Technology Jammu,6,1,1
Dr                                                                                Devi Lal,526903,Department of Materials Engineering,Indian Institute of Technology Jammu,2,1,2
Dr                                                                                Deepak Yadav,526924,Department of Civil Engineering,Indian Institute of Technology Jammu,4,1,1
Dr                                                                                Sarada Prasad Gochhayat,527011,Department of Computer Science and Engineering,Indian Institute of Technology Jammu,1,1,N/A
Dr                                                                                Quleen Kaur Bijral,99315,Department of Humanities and Social Science,Indian Institute of Technology Jammu,N/A,N/A,1
Dr                                                                                Venkata Sathish Akella,203518,Department of Physics,Indian Institute of Technology Jammu,4,1,1
Dr                                                                                Soumyadip Das,526840,Department of Mathematics,Indian Institute of Technology Jammu,N/A,N/A,1
Dr                                                                                Nalin Kumar Sharma,527007,Department of Electrical Engineering,Indian Institute of Technology Jammu,N/A,N/A,N/A
Dr                                                                                Rajiv Kumar,186731,Department of Mathematics,Indian Institute of Technology Jammu,N/A,N/A,N/A
Dr                                                                                Rani Rohini,186776,Department of Materials Engineering,Indian Institute of Technology Jammu,N/A,N/A,N/A
Dr                                                                                Ankit Tyagi,186794,Department of Chemical Engineering,Indian Institute of Technology Jammu,N/A,N/A,N/A
Dr                                                                                Shaifu Gupta,274825,Department of Computer Science and Engineering,Indian Institute of Technology Jammu,N/A,N/A,N/A
Dr                                                                                Kankat Ghosh,274836,Department of Electrical Engineering,Indian Institute of Technology Jammu,N/A,N/A,N/A
Dr                                                                                Prasun Halder,274863,Department of Civil Engineering,Indian Institute of Technology Jammu,N/A,N/A,N/A
Dr                                                                                Suman Banerjee,275013,Department of Computer Science and Engineering,Indian Institute of Technology Jammu,N/A,N/A,N/A
Dr                                                                                Anurag Misra,275391,Department of Civil Engineering,Indian Institute of Technology Jammu,N/A,N/A,N/A
Dr                                                                                R Uma Shankar,336120,Department of Bioscience and Bioengineering,Indian Institute of Technology Jammu,N/A,N/A,N/A
Dr                                                                                Aditya Shankar sandupatla,336123,Department of Chemical Engineering,Indian Institute of Technology Jammu,N/A,N/A,N/A
Dr                                                                                Dharitri Rath,336125,Department of Chemical Engineering,Indian Institute of Technology Jammu,N/A,N/A,N/A
Dr                                                                                Yogesh Madhukarrao Nimdeo,336126,Department of Chemical Engineering,Indian Institute of Technology Jammu,N/A,N/A,N/A
Dr                                                                                Pervaiz Fathima Khatoon M,336129,Department of Civil Engineering,Indian Institute of Technology Jammu,N/A,N/A,N/A
Dr                                                                                Sameer K Sarma pachalla,336130,Department of Civil Engineering,Indian Institute of Technology Jammu,N/A,N/A,N/A
Dr                                                                                Sivakumar G,336131,Department of Civil Engineering,Indian Institute of Technology Jammu,N/A,N/A,N/A
Dr                                                                                Jegannathan Srinivasan,336135,Department of Electrical Engineering,Indian Institute of Technology Jammu,N/A,N/A,N/A
Dr                                                                                Satyadev Ahlawat,336136,Department of Electrical Engineering,Indian Institute of Technology Jammu,N/A,N/A,N/A
Dr                                                                                Sukanyan Mondal,336138,Department of Humanities and Social Science,Indian Institute of Technology Jammu,N/A,N/A,N/A
Dr                                                                                Shantanu V Madge,336139,Department of Materials Engineering,Indian Institute of Technology Jammu,N/A,N/A,N/A
Dr                                                                                Srinivasan N,336140,Department of Materials Engineering,Indian Institute of Technology Jammu,N/A,N/A,N/A
Dr                                                                                Rahul Dattatrya Kitture,336144,Department of Mathematics,Indian Institute of Technology Jammu,N/A,N/A,N/A
Dr                                                                                Rakesh Singhai,336146,Department of Mechanical Engineering,Indian Institute of Technology Jammu,N/A,N/A,N/A
Dr                                                                                Shamugadas K P,336147,Department of Mechanical Engineering,Indian Institute of Technology Jammu,N/A,N/A,N/A
Ms                                                                                Yashasvini Yadav,525731,Library,Indian Institute of Technology Jammu,N/A,N/A,N/A
Dr                                                                                Rohit Buddhiram Chaurasiya,525791,Department of Electrical Engineering,Indian Institute of Technology Jammu,N/A,N/A,N/A
Dr                                                                                Sidharth Maheshwari,525863,Department of Computer Science and Engineering,Indian Institute of Technology Jammu,N/A,N/A,N/A
Dr                                                                                Pragati Shrivastava,526037,Department of Computer Science and Engineering,Indian Institute of Technology Jammu,N/A,N/A,N/A
Dr                                                                                Hardeep  Singh,526719,Department of Humanities and Social Science,Indian Institute of Technology Jammu,N/A,N/A,N/A
Dr                                                                                Akash Subhash Awale,526732,Department of Mechanical Engineering,Indian Institute of Technology Jammu,N/A,N/A,N/A
Dr                                                                                Shirsha  Bose,526790,Department of Bioscience and Bioengineering,Indian Institute of Technology Jammu,N/A,N/A,N/A
Dr                                                                                Moni Kumari,526805,Department of Mathematics,Indian Institute of Technology Jammu,N/A,N/A,N/A
Dr                                                                                Chandan Yadav,526827,Department of Electrical Engineering,Indian Institute of Technology Jammu,N/A,N/A,N/A
Dr                                                                                Kancharla Hari Krishna,526853,Department of Materials Engineering,Indian Institute of Technology Jammu,N/A,N/A,N/A
Dr                                                                                Archana Rajput,526886,Department of Electrical Engineering,Indian Institute of Technology Jammu,N/A,N/A,N/A
Dr                                                                                Nitesh Kumar,526918,Department of Materials Engineering,Indian Institute of Technology Jammu,N/A,N/A,N/A
Dr                                                                                Sarah Mariam Abraham,527015,Department of Civil Engineering,Indian Institute of Technology Jammu,N/A,N/A,N/A
Dr                                                                                Sayantan Mukherjee,527018,Department of Computer Science and Engineering,Indian Institute of Technology Jammu,N/A,N/A,N/A
Dr                                                                                Shafkat Shafi Dar,527044,Department of Humanities and Social Science,Indian Institute of Technology Jammu,N/A,N/A,N/A
Dr                                                                                Bidhan Biswas,527053,Department of Electrical Engineering,Indian Institute of Technology Jammu,N/A,N/A,N/A
Dr                                                                                Nityananda Sahu,527060,Department of Chemistry,Indian Institute of Technology Jammu,N/A,N/A,N/A
Dr                                                                                Parveen Kumar,527132,Department of Physics,Indian Institute of Technology Jammu,N/A,N/A,N/A
Dr                                                                                Arpita Paul,527141,Department of Physics,Indian Institute of Technology Jammu,N/A,N/A,N/A
Prof                                                                                Duru Arun Kumar,527149,Department of Humanities and Social Science,Indian Institute of Technology Jammu,N/A,N/A,N/A
Prof                                                                                Duru Arun Kumar,527149,Department of Humanities and Social Science,Indian Institute of Technology Jammu,N/A,N/A,N/A
