Name,Vidwan ID,Department,College,Total Citations,H Index,Journal Articles
Prof                                                                                Amit Rai Dixit,97513,Department of Mechanical Engineering,Indian Institute of Technology (ISM) Dhanbad,7467,44,236
Prof                                                                                Kalyan Kumar Singh,97680,Department of Mechanical Engineering,Indian Institute of Technology (ISM) Dhanbad,2251,24,92
Prof                                                                                Subodh Kumar Maiti,60824,Department of Environmental Science and Engineering,Indian Institute of Technology (ISM) Dhanbad,4548,39,160
Prof                                                                                Somnath Chattopadhyaya,97494,Department of Mechanical Engineering,Indian Institute of Technology (ISM) Dhanbad,3280,31,146
Prof                                                                                Pradip Kumar Sadhu,97652,Department Of Electrical Engineering,Indian Institute of Technology (ISM) Dhanbad,538,12,164
Prof                                                                                Sanjeev Kumar Raghuwanshi,97641,Department of Electronics Engineering,Indian Institute of Technology (ISM) Dhanbad,1884,22,149
"Prof                                                                                Ajay Mandal, FRSC",60863,Department of Petroleum Engineering,Indian Institute of Technology (ISM) Dhanbad,9635,56,200
Prof                                                                                Vivekananda Mukherjee,60792,Department of Electrical Engineering,Indian Institute of Technology (ISM) Dhanbad,5768,44,187
Prof                                                                                Hari Om,97616,Department of Computer Science and Engineering,Indian Institute of Technology (ISM) Dhanbad,2047,24,149
Prof                                                                                Aditya Kumar,97570,Department of Chemical Engineering,Indian Institute of Technology (ISM) Dhanbad,4678,39,163
Prof                                                                                Sekhar Chandra Dutta,97516,Department of Civil Engineering,Indian Institute of Technology (ISM) Dhanbad,1946,21,116
Prof                                                                                Ravi Kumar Gangwar,97523,Department of Electronics Engineering,Indian Institute of Technology (ISM) Dhanbad,1970,26,128
Prof                                                                                Santanu Dwari,97521,Department of Electronics Engineering,Indian Institute of Technology (ISM) Dhanbad,2463,28,136
Prof                                                                                Prasanta K Jana,44240,Department of Computer Science and Engineering,Indian Institute of Technology (ISM) Dhanbad,5091,36,78
Prof                                                                                Alok Kumar Das,97499,Department of Mechanical Engineering,Indian Institute of Technology (ISM) Dhanbad,2290,27,106
Prof                                                                                Tapan Sengupta,308162,Department of Mechanical Engineering,Indian Institute of Technology (ISM) Dhanbad,2793,29,134
Prof                                                                                Chiranjeev Kumar,97558,Department of Computer Science and Engineering,Indian Institute of Technology (ISM) Dhanbad,1400,19,86
Prof                                                                                M S R Murthy Vemavarapu,97604,Department of Mining Engineering,Indian Institute of Technology (ISM) Dhanbad,458,11,120
Dr                                                                                Saravanan Pichiah,97635,Department of Environmental Science and Engineering,Indian Institute of Technology (ISM) Dhanbad,3071,32,106
Prof                                                                                Gauri Shankar,22694,Department of Electrical Engineering,Indian Institute of Technology (ISM) Dhanbad,666,13,103
Prof                                                                                Dharavath Ramesh,97646,Department of Computer Science and Engineering,Indian Institute of Technology (ISM) Dhanbad,963,17,81
Prof                                                                                L A  Kumaraswamidhas,97571,Department of Mechanical Engineering,Indian Institute of Technology (ISM) Dhanbad,1233,21,119
Prof                                                                                Nitai Pal,97620,Department of Electrical Engineering,Indian Institute of Technology (ISM) Dhanbad,1122,17,85
Prof                                                                                Sushrut Das,97508,Department of Electronics Engineering,Indian Institute of Technology (ISM) Dhanbad,727,13,64
Prof                                                                                Sarat Kumar Das,62031,Department of Civil Engineering,Indian Institute of Technology (ISM) Dhanbad,1952,27,83
Prof                                                                                Kalyan   Chatterjee,97491,Department of Electrical Engineering,Indian Institute of Technology (ISM) Dhanbad,1562,17,58
Prof                                                                                Subrata Kumar Ghosh,97525,Department of Mechanical Engineering,Indian Institute of Technology (ISM) Dhanbad,2321,29,92
Prof                                                                                Devi Prasad Mishra,97593,Department of Mining Engineering,Indian Institute of Technology (ISM) Dhanbad,1121,19,63
Prof                                                                                Sunil Kumar Gupta,97528,Department of Environmental Science and Engineering,Indian Institute of Technology (ISM) Dhanbad,1402,21,95
Prof                                                                                Haider Banka,97471,Department of Computer Science and Engineering,Indian Institute of Technology (ISM) Dhanbad,2251,22,57
Prof                                                                                Tanmoy Maity,97580,Department of Electrical Engineering,Indian Institute of Technology (ISM) Dhanbad,587,13,59
Prof                                                                                Vivek Bajpai,97469,Department of Mechanical Engineering,Indian Institute of Technology (ISM) Dhanbad,913,17,58
Prof                                                                                Dheeraj Kumar,97559,Department of Mining Engineering,Indian Institute of Technology (ISM) Dhanbad,941,17,82
Prof                                                                                Keka Ojha,97615,Department of Petroleum Engineering,Indian Institute of Technology (ISM) Dhanbad,3270,31,70
Prof                                                                                Sachin Tripathi,97701,Department of Computer Science and Engineering,Indian Institute of Technology (ISM) Dhanbad,1083,18,63
Prof                                                                                Biplab Bhattacharyya,97481,Department of Electrical Engineering,Indian Institute of Technology (ISM) Dhanbad,1751,24,70
Prof                                                                                Arup Kumar Pal,97618,Department of Computer Science and Engineering,Indian Institute of Technology (ISM) Dhanbad,1196,20,62
Prof                                                                                Jitendra Kumar,97561,Department of Electronics Engineering,Indian Institute of Technology (ISM) Dhanbad,388,10,63
Prof                                                                                Sajal Kumar Paul,44239,Department of Electronics Engineering,Indian Institute of Technology (ISM) Dhanbad,1293,20,56
Prof                                                                                Vipin Kumar,97569,Department of Environmental Science and Engineering,Indian Institute of Technology (ISM) Dhanbad,1422,23,65
Prof                                                                                Kartick Chandra Jana,97538,Department of Electrical Engineering,Indian Institute of Technology (ISM) Dhanbad,781,16,55
Prof                                                                                Ashis Mallick,97582,Department of Mechanical Engineering,Indian Institute of Technology (ISM) Dhanbad,1103,20,71
Prof                                                                                Rajendra Pamula,97624,Department of Computer Science and Engineering,Indian Institute of Technology (ISM) Dhanbad,927,16,46
Prof                                                                                Mukul Kumar Das,97501,Department of Electronics Engineering,Indian Institute of Technology (ISM) Dhanbad,345,11,42
Prof                                                                                Arijit Baral,97473,Department of Electrical Engineering,Indian Institute of Technology (ISM) Dhanbad,570,12,42
Prof                                                                                Nirupama Mandal,97585,Department of Electronics Engineering,Indian Institute of Technology (ISM) Dhanbad,411,11,55
Prof                                                                                Ashok Kumar,308132,Department of Mining Engineering,Indian Institute of Technology (ISM) Dhanbad,383,11,44
Prof                                                                                Sanjoy Kumar Ghoshal,97527,Department of Mechanical Engineering,Indian Institute of Technology (ISM) Dhanbad,448,12,54
Prof                                                                                Tarachand Amgoth,97462,Department of Computer Science and Engineering,Indian Institute of Technology (ISM) Dhanbad,2269,25,54
Prof                                                                                Rakesh Kumar,97565,Department of Mechanical Engineering,Indian Institute of Technology (ISM) Dhanbad,443,13,59
Prof                                                                                Sanjoy Mandal,97586,Department of Electrical Engineering,Indian Institute of Technology (ISM) Dhanbad,655,13,53
Prof                                                                                Pawan Kumar Singh,97683,Department of Mechanical Engineering,Indian Institute of Technology (ISM) Dhanbad,2435,16,50
Prof                                                                                Alok Sinha,97692,Department of Environmental Science and Engineering,Indian Institute of Technology (ISM) Dhanbad,1067,16,62
Prof                                                                                Susanta Mukhopadhyay,97602,Department of Computer Science and Engineering,Indian Institute of Technology (ISM) Dhanbad,785,11,39
Prof                                                                                Chandan Guria,97529,Department of Petroleum Engineering,Indian Institute of Technology (ISM) Dhanbad,1988,27,69
Prof                                                                                Vineet Kumar,97568,Department of Chemical Engineering,Indian Institute of Technology (ISM) Dhanbad,1882,16,66
Prof                                                                                Vikas Mahto,97577,Department of Petroleum Engineering,Indian Institute of Technology (ISM) Dhanbad,1745,24,70
Prof                                                                                Amitava Mandal,97583,Department of Mechanical Engineering,Indian Institute of Technology (ISM) Dhanbad,1309,22,52
Prof                                                                                Nikkam Suresh,44268,"Department of Fuel, Minerals and Metallurgical Engineering",Indian Institute of Technology (ISM) Dhanbad,963,16,60
Prof                                                                                Sukanta Das,97507,Department of Electrical Engineering,Indian Institute of Technology (ISM) Dhanbad,820,14,39
Prof                                                                                Rabindra Kumar Sinha,97693,Department of Mining Engineering,Indian Institute of Technology (ISM) Dhanbad,239,7,42
Prof                                                                                Rajeev Kumar Ranjan,97648,Department of Electronics Engineering,Indian Institute of Technology (ISM) Dhanbad,556,13,52
Prof                                                                                Manodipan Sahoo,97653,Department of Electronics Engineering,Indian Institute of Technology (ISM) Dhanbad,205,7,24
Prof                                                                                Jaisingh Thangaraj,97698,Department of Electronics Engineering,Indian Institute of Technology (ISM) Dhanbad,239,8,38
Prof                                                                                Soumen Bag,97468,Department of Computer Science and Engineering,Indian Institute of Technology (ISM) Dhanbad,487,12,23
Prof                                                                                Randip Kumar Das,97505,Department of Mechanical Engineering,Indian Institute of Technology (ISM) Dhanbad,701,14,41
Prof                                                                                Annavarapu Chandra Sekhara Rao,97649,Department of Computer Science and Engineering,Indian Institute of Technology (ISM) Dhanbad,1185,15,47
Prof                                                                                Barun Kumar Nandi,97608,"Department of Fuel, Minerals and Metallurgical Engineering",Indian Institute of Technology (ISM) Dhanbad,2239,19,59
Prof                                                                                Bhanwar Singh Choudhary,97496,Department of Mining Engineering,Indian Institute of Technology (ISM) Dhanbad,192,6,59
Prof                                                                                Monidipa Das,308278,Department of Computer Science and Engineering,Indian Institute of Technology (ISM) Dhanbad,464,12,21
Dr                                                                                Sukha Ranjan Samadder,97661,Department of Environmental Science and Engineering,Indian Institute of Technology (ISM) Dhanbad,2955,23,49
Prof                                                                                Rajib Sarkar,97666,Department of Civil Engineering,Indian Institute of Technology (ISM) Dhanbad,378,9,43
Prof                                                                                Nirmal Kumar Singh,97682,Department of Mechanical Engineering,Indian Institute of Technology (ISM) Dhanbad,204,8,45
Prof                                                                                Paresh Kumar Nayak,97612,Department of Electrical Engineering,Indian Institute of Technology (ISM) Dhanbad,858,16,30
Prof                                                                                Debjani Mitra,44421,Department of Electronics Engineering,Indian Institute of Technology (ISM) Dhanbad,272,9,40
Prof                                                                                Manish Kumar Jain,97535,Department of Environmental Science and Engineering,Indian Institute of Technology (ISM) Dhanbad,451,10,47
Prof                                                                                Mrinal Sen,97669,Department of Electronics Engineering,Indian Institute of Technology (ISM) Dhanbad,345,12,35
Prof                                                                                Anshumali Anshumali,97455,Department of Environmental Science and Engineering,Indian Institute of Technology (ISM) Dhanbad,926,14,45
Prof                                                                                Suman Dutta,97517,Department of Chemical Engineering,Indian Institute of Technology (ISM) Dhanbad,1539,20,33
Prof                                                                                Vishwas Nandkishor Khatri,97549,Department of Civil Engineering,Indian Institute of Technology (ISM) Dhanbad,707,15,41
Prof                                                                                Subramanian Narayanan,97609,Department of Mechanical Engineering,Indian Institute of Technology (ISM) Dhanbad,758,13,37
Prof                                                                                Sheeja Jagadevan,97534,Department of Environmental Science and Engineering,Indian Institute of Technology (ISM) Dhanbad,1353,19,38
Prof                                                                                Brijesh Kumar Mishra,97592,Department of Environmental Science and Engineering,Indian Institute of Technology (ISM) Dhanbad,747,15,44
Prof                                                                                Srinivas Pasupuleti,97629,Department of Civil Engineering,Indian Institute of Technology (ISM) Dhanbad,572,13,49
Prof                                                                                Ejaz Ahmad,145028,Department of Chemical Engineering,Indian Institute of Technology (ISM) Dhanbad,1281,21,25
Prof                                                                                Subindu Kumar,97567,Department of Electronics Engineering,Indian Institute of Technology (ISM) Dhanbad,187,8,32
Prof                                                                                Prasoon Kumar Singh,50760,Department of Environmental Science and Engineering,Indian Institute of Technology (ISM) Dhanbad,1448,20,40
Prof                                                                                Amitesh Kumar,97556,Department of Electronics Engineering,Indian Institute of Technology (ISM) Dhanbad,157,6,23
Prof                                                                                Md Sikandar Azam,97467,Department of Mechanical Engineering,Indian Institute of Technology (ISM) Dhanbad,305,8,35
Prof                                                                                Tarun Kumar Naiya,97607,Department of Petroleum Engineering,Indian Institute of Technology (ISM) Dhanbad,2280,16,39
Prof                                                                                Sanket Nayak,97613,Department of Civil Engineering,Indian Institute of Technology (ISM) Dhanbad,957,14,37
Prof                                                                                Jayanta Das,97500,Department of Mechanical Engineering,Indian Institute of Technology (ISM) Dhanbad,227,8,30
Dr                                                                                Aditi Sengupta,215129,Department of Mechanical Engineering,Indian Institute of Technology (ISM) Dhanbad,315,11,40
Prof                                                                                Shailendra Narayan Singh,97688,Department of Mechanical Engineering,Indian Institute of Technology (ISM) Dhanbad,579,11,41
Prof                                                                                Vasanta Govind Kumar Villuri,97705,Department of Mining Engineering,Indian Institute of Technology (ISM) Dhanbad,244,9,34
Dr                                                                                Sukanta Halder,508885,Department of Electrical Engineering,Indian Institute of Technology (ISM) Dhanbad,96,5,7
Prof                                                                                Tanish Dey,97512,Department of Civil Engineering,Indian Institute of Technology (ISM) Dhanbad,711,13,39
Prof                                                                                Ananda Shankar Hati,97531,Department of Electrical Engineering,Indian Institute of Technology (ISM) Dhanbad,263,8,23
Prof                                                                                Shibayan Sarkar,97667,Department of Mechanical Engineering,Indian Institute of Technology (ISM) Dhanbad,680,11,32
Prof                                                                                Shatrughan Soren,97696,"Department of Fuel, Minerals and Metallurgical Engineering",Indian Institute of Technology (ISM) Dhanbad,184,7,28
Dr                                                                                Ashok Kumar,308223,Department of Electrical Engineering,Indian Institute of Technology (ISM) Dhanbad,311,8,12
Prof                                                                                Smruti Sourava Mohapatra,97598,Department of Civil Engineering,Indian Institute of Technology (ISM) Dhanbad,135,8,34
Prof                                                                                Vijaya Bhaskar Devara,97475,Department of Electrical Engineering,Indian Institute of Technology (ISM) Dhanbad,197,8,13
Prof                                                                                Kailash Jha,97541,Department of Mechanical Engineering,Indian Institute of Technology (ISM) Dhanbad,165,7,27
Prof                                                                                Satyabrata Sahoo,97655,Department of Mechanical Engineering,Indian Institute of Technology (ISM) Dhanbad,133,7,30
Dr                                                                                Subhankar   Sen,97670,Department of Mechanical Engineering,Indian Institute of Technology (ISM) Dhanbad,652,11,28
Dr                                                                                Piyali Sengupta,97671,Department of Civil Engineering,Indian Institute of Technology (ISM) Dhanbad,204,6,12
Dr                                                                                Deepak Kumar Mandal,97584,Department of Mechanical Engineering,Indian Institute of Technology (ISM) Dhanbad,245,9,29
Prof                                                                                Sachin Kumar Singh,97685,Department of Mechanical Engineering,Indian Institute of Technology (ISM) Dhanbad,217,9,21
Dr                                                                                Rahul M R,215113,"Department of Fuel, Minerals and Metallurgical Engineering",Indian Institute of Technology (ISM) Dhanbad,485,13,35
Dr                                                                                Vittal Hari,337860,Department of Environmental Science and Engineering,Indian Institute of Technology (ISM) Dhanbad,909,16,29
Dr                                                                                Jeevesh Kumar,451196,Department of Electronics Engineering,Indian Institute of Technology (ISM) Dhanbad,145,7,22
Prof                                                                                Satadru Das Adhikary,97509,Department of Civil Engineering,Indian Institute of Technology (ISM) Dhanbad,425,9,21
Dr                                                                                Raj  Kiran,215133,Department of Petroleum Engineering,Indian Institute of Technology (ISM) Dhanbad,531,10,14
Prof                                                                                Swagata Bhaumik,97484,Department of Mechanical Engineering,Indian Institute of Technology (ISM) Dhanbad,425,13,23
Prof                                                                                Prashanta Kr Mahato,97576,Department of Mechanical Engineering,Indian Institute of Technology (ISM) Dhanbad,253,9,20
Prof                                                                                Partha Sarathi Paul,97634,Department of Mining Engineering,Indian Institute of Technology (ISM) Dhanbad,590,14,29
Prof                                                                                Dushyant Sharma,308207,Department of Electrical Engineering,Indian Institute of Technology (ISM) Dhanbad,228,9,12
Prof                                                                                Arunkumar Samanta,97662,Department of Chemical Engineering,Indian Institute of Technology (ISM) Dhanbad,2315,15,27
Dr                                                                                Koushik Mondal,295089,Computer Centre,Indian Institute of Technology (ISM) Dhanbad,88,6,8
Prof                                                                                Sowmiya Chawla,97495,Department of Civil Engineering,Indian Institute of Technology (ISM) Dhanbad,214,9,20
Prof                                                                                Radhakanta Koner,97553,Department of Mining Engineering,Indian Institute of Technology (ISM) Dhanbad,116,7,16
Prof                                                                                Patitapaban Sahu,97657,Department of Mining Engineering,Indian Institute of Technology (ISM) Dhanbad,190,8,20
Dr                                                                                Lakshmi Srinivas Vedantham,337094,Department of Electrical Engineering,Indian Institute of Technology (ISM) Dhanbad,151,6,16
Prof                                                                                Ajit Kumar,97555,Department of Mechanical Engineering,Indian Institute of Technology (ISM) Dhanbad,59,5,19
Dr                                                                                Ajay Suri,215134,Department of Petroleum Engineering,Indian Institute of Technology (ISM) Dhanbad,284,10,7
Prof                                                                                Niranjan Kumar,97563,Department of Mechanical Engineering,Indian Institute of Technology (ISM) Dhanbad,85,5,15
Prof                                                                                Kaushik Mazumdar,97590,Department of Electronics Engineering,Indian Institute of Technology (ISM) Dhanbad,61,6,14
Prof                                                                                Himanshu Bhusan Mishra,97594,Department of Electronics Engineering,Indian Institute of Technology (ISM) Dhanbad,105,5,11
Prof                                                                                Ram Madhav Bhattacharjee,97477,Department of Mining Engineering,Indian Institute of Technology (ISM) Dhanbad,92,6,24
Prof                                                                                Rashmi Ranjan Das,97506,Department of Mechanical Engineering,Indian Institute of Technology (ISM) Dhanbad,139,7,18
Prof                                                                                Ajay Bhandari,215124,Department of Mechanical Engineering,Indian Institute of Technology (ISM) Dhanbad,82,5,17
Dr                                                                                Samrat Mukhopadhyay,323398,Department of Electronics Engineering,Indian Institute of Technology (ISM) Dhanbad,42,4,15
Prof                                                                                Soubhik Kumar Bhaumik,97483,Department of Chemical Engineering,Indian Institute of Technology (ISM) Dhanbad,168,8,21
Prof                                                                                Devendra Chack,97486,Department of Electronics Engineering,Indian Institute of Technology (ISM) Dhanbad,85,6,14
Dr                                                                                Arun  Dayal Udai,215125,Department of Mechanical Engineering,Indian Institute of Technology (ISM) Dhanbad,137,8,5
Dr                                                                                Avanish Kumar,323030,"Department of Fuel, Minerals and Metallurgical Engineering",Indian Institute of Technology (ISM) Dhanbad,261,7,22
Dr                                                                                Manisha Verma,436754,Department of Mathematics and Computing,Indian Institute of Technology (ISM) Dhanbad,778,11,7
Dr                                                                                AKASH  SRIVASTAVA,440955,Department of Electronics Engineering,Indian Institute of Technology (ISM) Dhanbad,253,8,19
Prof                                                                                Gnananandh Budi,97485,Department of Mining Engineering,Indian Institute of Technology (ISM) Dhanbad,43,4,24
Dr                                                                                Shikha Singh,215120,Department of Management Studies and Industrial Engineering,Indian Institute of Technology (ISM) Dhanbad,121,8,15
Dr                                                                                Zafar   Alam,215126,Department of Mechanical Engineering,Indian Institute of Technology (ISM) Dhanbad,243,8,12
Prof                                                                                Rabindra Nath Hota,97532,Department of Mechanical Engineering,Indian Institute of Technology (ISM) Dhanbad,36,5,13
Dr                                                                                Esha Saha,487696,Department of Management Studies and Industrial Engineering,Indian Institute of Technology (ISM) Dhanbad,131,6,13
Prof                                                                                Kironmala Chanda,97488,Department of Civil Engineering,Indian Institute of Technology (ISM) Dhanbad,180,6,19
Prof                                                                                Suresh Pandian Elumalai,97522,Department of Environmental Science and Engineering,Indian Institute of Technology (ISM) Dhanbad,520,11,19
Prof                                                                                Shravan Kumar,97566,"Department of Fuel, Minerals and Metallurgical Engineering",Indian Institute of Technology (ISM) Dhanbad,117,5,22
Prof                                                                                Renu V,97931,Department of Civil Engineering,Indian Institute of Technology (ISM) Dhanbad,123,8,19
Dr                                                                                Sayantan Ghosh,194840,Department of Petroleum Engineering,Indian Institute of Technology (ISM) Dhanbad,129,6,15
Dr                                                                                Kabilan  B,308227,Department of Mechanical Engineering,Indian Institute of Technology (ISM) Dhanbad,55,5,11
Prof                                                                                Madan Lal Chandravanshi,97490,Department of Mechanical Engineering,Indian Institute of Technology (ISM) Dhanbad,80,5,15
Prof                                                                                Somnath Pan,97625,Department of Electrical Engineering,Indian Institute of Technology (ISM) Dhanbad,339,12,16
Dr                                                                                Priyanka Devi Pantula,308242,Department of Chemical Engineering,Indian Institute of Technology (ISM) Dhanbad,181,8,8
Dr                                                                                Pawan Gupta,339970,Department of Petroleum Engineering,Indian Institute of Technology (ISM) Dhanbad,308,10,14
Prof                                                                                Bhukya Krishna Naick,97605,Department of Electrical Engineering,Indian Institute of Technology (ISM) Dhanbad,60,4,8
Prof                                                                                Sukanta Chakraborty,97487,Department of Civil Engineering,Indian Institute of Technology (ISM) Dhanbad,216,8,13
Prof                                                                                Shalini Gautam,97524,"Department of Fuel, Minerals and Metallurgical Engineering",Indian Institute of Technology (ISM) Dhanbad,313,7,19
Prof                                                                                Ashutosh Kumar,97557,Department of Petroleum Engineering,Indian Institute of Technology (ISM) Dhanbad,179,9,15
Dr                                                                                Swapnil  Mishra,215130,Department of Mining Engineering,Indian Institute of Technology (ISM) Dhanbad,146,7,8
Prof                                                                                Pranesh  Roy,308203,Department of Civil Engineering,Indian Institute of Technology (ISM) Dhanbad,363,10,16
Dr                                                                                Mohammed Hamid Siddique,339955,Department of Petroleum Engineering,Indian Institute of Technology (ISM) Dhanbad,136,7,14
Prof                                                                                Siddhartha Sengupta,97672,Department of Chemical Engineering,Indian Institute of Technology (ISM) Dhanbad,278,8,18
Dr                                                                                Kesavan Ravi,215111,"Department of Fuel, Minerals and Metallurgical Engineering",Indian Institute of Technology (ISM) Dhanbad,214,8,10
Dr                                                                                Sarthak S Singh,215127,Department of Mechanical Engineering,Indian Institute of Technology (ISM) Dhanbad,65,4,15
Dr                                                                                Rajasekhar Reddy Busigari,322962,"Department of Fuel, Minerals and Metallurgical Engineering",Indian Institute of Technology (ISM) Dhanbad,345,8,13
Dr                                                                                Kishor Bhaskarrao Nandapurkar,337076,Department of Electrical Engineering,Indian Institute of Technology (ISM) Dhanbad,77,5,8
Dr                                                                                Antarip Poddar,273081,Department of Mechanical Engineering,Indian Institute of Technology (ISM) Dhanbad,164,6,17
Prof                                                                                Krishna Sandilya Durbha,97515,Department of Chemical Engineering,Indian Institute of Technology (ISM) Dhanbad,236,7,12
Prof                                                                                Vinay Kumar Rajak,97645,Department of Petroleum Engineering,Indian Institute of Technology (ISM) Dhanbad,202,6,12
Prof                                                                                Rajeev Upadhyay,97703,Department of Petroleum Engineering,Indian Institute of Technology (ISM) Dhanbad,29,4,12
Dr                                                                                Siddhartha   Agarwal,215131,Department of Mining Engineering,Indian Institute of Technology (ISM) Dhanbad,108,6,4
Dr                                                                                Prashant Kumar Varshney,312822,Department of Electronics Engineering,Indian Institute of Technology (ISM) Dhanbad,110,6,7
Dr                                                                                Raj Kumar Dishwar,323023,"Department of Fuel, Minerals and Metallurgical Engineering",Indian Institute of Technology (ISM) Dhanbad,65,5,14
Dr                                                                                Riya Dutta,391160,Department of Environmental Science and Engineering,Indian Institute of Technology (ISM) Dhanbad,100,6,13
Dr                                                                                Shubhi Gupta,450216,"Department of Fuel, Minerals and Metallurgical Engineering",Indian Institute of Technology (ISM) Dhanbad,273,8,14
Dr                                                                                Suman Saha,455171,Department of Mechanical Engineering,Indian Institute of Technology (ISM) Dhanbad,41,4,11
Dr                                                                                Soumyabrata Barik,480194,Department of Electrical Engineering,Indian Institute of Technology (ISM) Dhanbad,119,5,6
Prof                                                                                K Priya Ajit,97459,Department of Mechanical Engineering,Indian Institute of Technology (ISM) Dhanbad,30,3,9
Prof                                                                                Tanmay Dutta,97518,Department of Mechanical Engineering,Indian Institute of Technology (ISM) Dhanbad,172,3,11
Prof                                                                                Govind Murmu,97603,Department of Electronics Engineering,Indian Institute of Technology (ISM) Dhanbad,63,5,5
Dr                                                                                Avinash Kumar Singh,337003,Department of Civil Engineering,Indian Institute of Technology (ISM) Dhanbad,50,4,13
Dr                                                                                Aman Sikri,441653,Department of Electronics Engineering,Indian Institute of Technology (ISM) Dhanbad,69,5,8
Dr                                                                                Jitendra Kumar,421788,Department of Electronics Engineering,Indian Institute of Technology (ISM) Dhanbad,66,5,12
Prof                                                                                Tanweer Alam,97461,Department of Mechanical Engineering,Indian Institute of Technology (ISM) Dhanbad,50,4,4
Dr                                                                                Saifi Izhar,302018,Department of Environmental Science and Engineering,Indian Institute of Technology (ISM) Dhanbad,249,8,12
Dr                                                                                A Antony Selvan,215122,Department of Mathematics and Computing,Indian Institute of Technology (ISM) Dhanbad,35,3,12
Dr                                                                                Vishnu Teja Mantripragada,308357,"Department of Fuel, Minerals and Metallurgical Engineering",Indian Institute of Technology (ISM) Dhanbad,61,5,10
Prof                                                                                Sourav Sengupta,309476,Department of Chemical Engineering,Indian Institute of Technology (ISM) Dhanbad,96,6,12
Dr                                                                                Shushobhit Chaudhary,360751,Department of Civil Engineering,Indian Institute of Technology (ISM) Dhanbad,105,6,9
Dr                                                                                Bhaskara Behera,441529,Department of Mining Engineering,Indian Institute of Technology (ISM) Dhanbad,77,4,11
Prof                                                                                Anirban Ghoshal,97526,Department of Electrical Engineering,Indian Institute of Technology (ISM) Dhanbad,98,5,5
Prof                                                                                Sandipan Kumar Das,308219,Department of Mechanical Engineering,Indian Institute of Technology (ISM) Dhanbad,73,6,11
Dr                                                                                Aarti Kumari,308358,"Department of Fuel, Minerals and Metallurgical Engineering",Indian Institute of Technology (ISM) Dhanbad,287,7,9
Dr                                                                                Shyam A B,448326,Department of Electrical Engineering,Indian Institute of Technology (ISM) Dhanbad,97,4,4
Dr                                                                                Abhishek Kumar Pandey,492935,Department of Civil Engineering,Indian Institute of Technology (ISM) Dhanbad,18,2,5
Dr                                                                                Ajeet Yadav,502351,Department of Mining Engineering,Indian Institute of Technology (ISM) Dhanbad,76,4,10
Prof                                                                                Neetish Kumar Maurya,97589,Department of Petroleum Engineering,Indian Institute of Technology (ISM) Dhanbad,410,6,9
Dr                                                                                Madhumanti Bhattacharyya,215112,"Department of Fuel, Minerals and Metallurgical Engineering",Indian Institute of Technology (ISM) Dhanbad,72,6,9
Dr                                                                                Bandita Barman,322553,Department of Civil Engineering,Indian Institute of Technology (ISM) Dhanbad,93,5,8
Dr                                                                                Haswanth Vundavilli,453127,Department of Electrical Engineering,Indian Institute of Technology (ISM) Dhanbad,59,5,8
Dr                                                                                Shalu Rani,464995,Department of Electronics Engineering,Indian Institute of Technology (ISM) Dhanbad,42,4,7
Prof                                                                                Sethupathy S,501071,Department of Electrical Engineering,Indian Institute of Technology (ISM) Dhanbad,36,4,9
Prof                                                                                Rahul Bhattacharya,97479,Department of Electronics Engineering,Indian Institute of Technology (ISM) Dhanbad,15,3,4
Dr                                                                                Chandan Sahu,339941,Department of Petroleum Engineering,Indian Institute of Technology (ISM) Dhanbad,100,6,7
Dr                                                                                Pranay Kumar Saha,448301,Department of Computer Science and Engineering,Indian Institute of Technology (ISM) Dhanbad,7,2,4
Prof                                                                                Tanusree Kaibartta,97543,Department of Computer Science and Engineering,Indian Institute of Technology (ISM) Dhanbad,13,3,3
Prof                                                                                Sheo Shanker Rai,97643,Department of Mining Engineering,Indian Institute of Technology (ISM) Dhanbad,1,1,8
Dr                                                                                Tinesh Pathania,215110,Department of Environmental Science and Engineering,Indian Institute of Technology (ISM) Dhanbad,40,4,6
Dr                                                                                Saurabh Srivastava,308165,Department of Computer Science and Engineering,Indian Institute of Technology (ISM) Dhanbad,66,3,1
Dr                                                                                Madhumita Patel,337865,Department of Environmental Science and Engineering,Indian Institute of Technology (ISM) Dhanbad,637,6,5
Dr                                                                                Nitesh Kumar Sahu,418615,"Department of Fuel, Minerals and Metallurgical Engineering",Indian Institute of Technology (ISM) Dhanbad,12,2,4
Prof                                                                                Suresh Kumar Yatirajula,97709,Department of Chemical Engineering,Indian Institute of Technology (ISM) Dhanbad,11,1,5
Dr                                                                                Soumyajit Sen Gupta,335681,Department of Chemical Engineering,Indian Institute of Technology (ISM) Dhanbad,71,4,4
Prof                                                                                Pankaj Kumar Jain,97536,"Department of Fuel, Minerals and Metallurgical Engineering",Indian Institute of Technology (ISM) Dhanbad,21,2,5
Dr                                                                                Rashmi   Singh,215121,Department of Management Studies and Industrial Engineering,Indian Institute of Technology (ISM) Dhanbad,17,3,5
Dr                                                                                Ayan Das,308240,Department of Computer Science and Engineering,Indian Institute of Technology (ISM) Dhanbad,14,2,1
Prof                                                                                Archana Balikram,97456,Department of Petroleum Engineering,Indian Institute of Technology (ISM) Dhanbad,15,2,5
Prof                                                                                Mohammad Soyeb Alam,97460,Department of Mining Engineering,Indian Institute of Technology (ISM) Dhanbad,15,3,5
Dr                                                                                Leeza Malik,215105,Department of Civil Engineering,Indian Institute of Technology (ISM) Dhanbad,73,4,4
Dr                                                                                Aman Kumar,308234,Department of Mechanical Engineering,Indian Institute of Technology (ISM) Dhanbad,19,3,5
Dr                                                                                Rahul Bhartiya,324534,Department of Civil Engineering,Indian Institute of Technology (ISM) Dhanbad,23,3,4
Dr                                                                                Abhishek Grover,324552,Department of Electronics Engineering,Indian Institute of Technology (ISM) Dhanbad,18,2,5
Dr                                                                                Aritra Santra,335295,Department of Chemical Engineering,Indian Institute of Technology (ISM) Dhanbad,5,2,5
Dr                                                                                Scindhiya Laxmi,422592,Department of Mathematics and Computing,Indian Institute of Technology (ISM) Dhanbad,27,3,5
Dr                                                                                Subhendu Mishra,489106,"Department of Fuel, Minerals and Metallurgical Engineering",Indian Institute of Technology (ISM) Dhanbad,19,3,4
Prof                                                                                Anand Anupam,97465,"Department of Fuel, Minerals and Metallurgical Engineering",Indian Institute of Technology (ISM) Dhanbad,14,2,2
Prof                                                                                Lutukurthi DNVV Konda,97552,Department of Chemical Engineering,Indian Institute of Technology (ISM) Dhanbad,27,2,4
Prof                                                                                Paidinaidu Paluri,97623,Department of Chemical Engineering,Indian Institute of Technology (ISM) Dhanbad,37,3,4
Dr                                                                                Pranav Bisht,441496,Department of Computer Science and Engineering,Indian Institute of Technology (ISM) Dhanbad,3,1,1
Dr                                                                                Mahendra Naktuji Nandanwar,335468,Department of Chemical Engineering,Indian Institute of Technology (ISM) Dhanbad,N/A,N/A,2
Dr                                                                                Gopi Krishna Dondapati,421767,Department of Mining Engineering,Indian Institute of Technology (ISM) Dhanbad,1,1,1
Prof                                                                                Kashinath Pal,97619,Department of Mining Engineering,Indian Institute of Technology (ISM) Dhanbad,1,1,2
Dr                                                                                Sandip Mandal,335294,Department of Chemical Engineering,Indian Institute of Technology (ISM) Dhanbad,N/A,N/A,N/A
Dr                                                                                Bidhan Chandra,335308,Department of Chemical Engineering,Indian Institute of Technology (ISM) Dhanbad,N/A,N/A,N/A
Dr                                                                                Satish Kumar,402516,Department of Mining Engineering,Indian Institute of Technology (ISM) Dhanbad,N/A,N/A,N/A
Prof                                                                                Anindya Sinha,526608,Department of Mining Engineering,Indian Institute of Technology (ISM) Dhanbad,N/A,N/A,N/A
