Name,Vidwan ID,Department,College,Total Citations,H Index,Journal Articles
Dr                                                                                Shilpee A Dasgupta,95547,Operations Management,"Indian Institute of Management, Ranchi",8124,53,184
Dr                                                                                Piyali Ghosh,95552,Organizational Behavior and Human Resource Management,"Indian Institute of Management, Ranchi",817,15,98
Dr                                                                                Sankalpa Bhattacharjee,56435,Economics,"Indian Institute of Management, Ranchi",404,13,49
Dr                                                                                Pradip Kumar Bala,56432,Information Systems and Business Analytics,"Indian Institute of Management, Ranchi",814,16,42
Dr                                                                                Swarup Kumar Dutta,56420,Strategic Management,"Indian Institute of Management, Ranchi",102,6,45
Dr                                                                                Sobhan Sarkar,353418,Information Systems and Business Analytics,"Indian Institute of Management, Ranchi",602,13,18
Dr                                                                                Prite Ray,95545,Operations Management,"Indian Institute of Management, Ranchi",150,6,22
Dr                                                                                Tanusree Dutta,56413,Organizational Behavior and Human Resource Management,"Indian Institute of Management, Ranchi",256,11,27
Dr                                                                                Vijaya Dixit,95548,Operations Management,"Indian Institute of Management, Ranchi",567,13,28
Dr                                                                                Tuhin Sengupta,353431,Operations Management,"Indian Institute of Management, Ranchi",989,13,30
Dr                                                                                Amit Sachan,95542,Operations Management,"Indian Institute of Management, Ranchi",490,10,19
Dr                                                                                Arnab Adhikari,95543,Operations Management,"Indian Institute of Management, Ranchi",174,6,15
Dr                                                                                Sasadhar Bera,95546,Operations Management,"Indian Institute of Management, Ranchi",173,8,17
Dr                                                                                Rajiv Aricat,353421,General Management,"Indian Institute of Management, Ranchi",192,8,12
Dr                                                                                Soumya Sarkar,56424,Marketing Management,"Indian Institute of Management, Ranchi",42,5,8
Mr                                                                                Manish Kumar,95551,Organizational Behavior and Human Resource Management,"Indian Institute of Management, Ranchi",232,9,15
Dr                                                                                Aditya Shankar Mishra,95538,Marketing Management,"Indian Institute of Management, Ranchi",389,7,14
Dr                                                                                Shiwangi Singh,353423,Strategic Management,"Indian Institute of Management, Ranchi",461,11,12
Dr                                                                                Arindam Mukherjee,56427,Information Systems and Business Analytics,"Indian Institute of Management, Ranchi",115,4,13
Dr                                                                                Shibashish Chakraborty,56433,Marketing Management,"Indian Institute of Management, Ranchi",131,7,14
Dr                                                                                Allen Joshua George,149486,Humanities and Applied Sciences,"Indian Institute of Management, Ranchi",86,5,10
Dr                                                                                Amarendu Nandy,56411,Economics,"Indian Institute of Management, Ranchi",83,4,9
Mr                                                                                Anand Ambuj,95537,Information Systems and Business Analytics,"Indian Institute of Management, Ranchi",59,3,6
Dr                                                                                Prashant Maurya,239225,Humanities and Applied Sciences,"Indian Institute of Management, Ranchi",3,1,11
Dr                                                                                Deepak Kumar,353433,Accounting and Finance,"Indian Institute of Management, Ranchi",12,3,7
Dr                                                                                Sumit Mohanty,353440,Humanities and Applied Sciences,"Indian Institute of Management, Ranchi",19,3,9
Dr                                                                                Divya Khurana,353437,Humanities and Applied Sciences,"Indian Institute of Management, Ranchi",13,2,7
Dr                                                                                Rajasekhar David,353441,Organizational Behavior and Human Resource Management,"Indian Institute of Management, Ranchi",47,4,7
Dr                                                                                Gaurav Manohar Marathe,95550,Organizational Behavior and Human Resource Management,"Indian Institute of Management, Ranchi",28,4,4
Dr                                                                                Angshuman Hazarika,353434,General Management,"Indian Institute of Management, Ranchi",16,2,5
Dr                                                                                Arun Kumar Bairwa,353420,Economics,"Indian Institute of Management, Ranchi",39,2,2
Dr                                                                                Virajanand Varma,353426,Organizational Behavior and Human Resource Management,"Indian Institute of Management, Ranchi",25,2,4
Ms                                                                                Mayank Jyotsna Soni,95540,Marketing Management,"Indian Institute of Management, Ranchi",11,2,2
Dr                                                                                Anand,56418,Economics,"Indian Institute of Management, Ranchi",1,1,1
Dr                                                                                Rohit Kumar,56437,Strategic Management,"Indian Institute of Management, Ranchi",N/A,N/A,N/A
Mr                                                                                Prasenjit Chakrabarti,95535,Accounting and Finance,"Indian Institute of Management, Ranchi",N/A,N/A,N/A
Ms                                                                                Vijay T Sai,95541,Marketing Management,"Indian Institute of Management, Ranchi",N/A,N/A,N/A
Dr                                                                                Ankur Jha,214605,Marketing Management,"Indian Institute of Management, Ranchi",N/A,N/A,N/A
Dr                                                                                Rojers P Joseph,353419,Strategic Management,"Indian Institute of Management, Ranchi",N/A,N/A,N/A
Dr                                                                                Naresh G,353422,Accounting and Finance,"Indian Institute of Management, Ranchi",N/A,N/A,N/A
Dr                                                                                Jagan Kumar Sur,353424,Accounting and Finance,"Indian Institute of Management, Ranchi",N/A,N/A,N/A
Dr                                                                                Manish Bansal,353425,Accounting and Finance,"Indian Institute of Management, Ranchi",N/A,N/A,N/A
Dr                                                                                Anupriya Khan,353427,Information Systems and Business Analytics,"Indian Institute of Management, Ranchi",N/A,N/A,N/A
Dr                                                                                Arindra Nath Mishra,353428,Information Systems and Business Analytics,"Indian Institute of Management, Ranchi",N/A,N/A,N/A
Dr                                                                                Sudhanshu Shekhar,353429,Organizational Behavior and Human Resource Management,"Indian Institute of Management, Ranchi",N/A,N/A,N/A
Dr                                                                                Shweta Jha,353430,Marketing Management,"Indian Institute of Management, Ranchi",N/A,N/A,N/A
Dr                                                                                Krishna Kumar Dadsena,353432,Operations Management,"Indian Institute of Management, Ranchi",N/A,N/A,N/A
Dr                                                                                Saakshi Jha,353435,Economics,"Indian Institute of Management, Ranchi",N/A,N/A,N/A
Dr                                                                                Rajeev Ranjan Kumar,353436,Operations Management,"Indian Institute of Management, Ranchi",N/A,N/A,N/A
Dr                                                                                Subhro Sarkar,353438,Marketing Management,"Indian Institute of Management, Ranchi",N/A,N/A,N/A
Dr                                                                                Satyam,353439,Marketing Management,"Indian Institute of Management, Ranchi",N/A,N/A,N/A
Dr                                                                                Pooja Sengupta,353442,Information Systems and Business Analytics,"Indian Institute of Management, Ranchi",N/A,N/A,N/A
