Name,Vidwan ID,Department,College,Total Citations,H Index,Journal Articles
Dr                                                                                Ramanjaneyulu K,422839,Department of Civil Engineering,Anurag University,987,16,76
Dr                                                                                Srikanth Goud B,422933,Department of Electrical and Electronics Engineering,Anurag University,657,14,35
Mr                                                                                Kiran Kumar G,422880,Department of Computer Science and Engineering,Anurag University,436,10,39
Prof                                                                                Vasudha Bakshi Bakshi,423148,Department of Pharmacy,Anurag University,329,9,45
Prof                                                                                Gangarapu Kiran,423149,Department of Pharmacy,Anurag University,436,10,39
Dr                                                                                Dharmendar Reddy Y,423073,Department of Mathematics,Anurag University,1195,20,46
Dr                                                                                Srinivasa Rao V,423071,Department of Mathematics,Anurag University,751,14,18
Dr                                                                                Sridevi M,422926,Department of Data Science,Anurag University,398,15,13
Dr                                                                                Mallikarjuna Reddy A,181805,Department of Artificial Intelligence,Anurag University,343,14,29
Dr                                                                                Sudheer Reddy K,182929,Department of Information Technology,Anurag University,300,8,27
Dr                                                                                Narendar Singh D,422962,Department of Electronics and Communication Engineering,Anurag University,58,5,24
Dr                                                                                Anil Kumar T,278505,Department of Electrical and Electronics Engineering,Anurag University,128,7,19
Dr                                                                                Vijaya Kumar V,422859,Department of Computer Science and Engineering,Anurag University,183,8,25
Dr                                                                                Vijayakumar Yelsani,423103,Department of Physics,Anurag University,451,13,25
Dr                                                                                Ravi Arukula,423110,Department of Chemistry,Anurag University,236,9,19
Mr                                                                                Thirupathi G,423119,Department of Chemistry,Anurag University,145,7,17
Dr                                                                                Ashish Singh,422966,Department of Electronics and Communication Engineering,Anurag University,341,11,17
Dr                                                                                Harish Pulluri Pulluri,422931,Department of Electrical and Electronics Engineering,Anurag University,257,5,6
Dr.D. Krishna,493861,Department of Electrical and Electronics Engineering,Anurag University,N/A,N/A,21
Dr                                                                                Savita Belwal,423109,Department of Chemistry,Anurag University,155,8,20
Dr                                                                                Siva Prasad P V S,422862,Department of Computer Science and Engineering,Anurag University,42,3,11
Dr                                                                                Veera Venkata Siva Prasad B,422864,Department of Computer Science and Engineering,Anurag University,42,3,11
Dr                                                                                Vishnu Murthy G,422860,Department of Computer Science and Engineering,Anurag University,36,2,10
Dr                                                                                Lakshmi Padmaja D,423001,Department of Information Technology,Anurag University,66,3,6
Dr                                                                                Jibitesh Kumar Panda,423022,Department of Mechanical Engineering,Anurag University,153,7,11
Dr                                                                                Subhankar Roy,423026,Department of Mechanical Engineering,Anurag University,71,4,8
Dr                                                                                Bala Krishna G,422865,Department of Computer Science and Engineering,Anurag University,65,4,10
Dr                                                                                Sathees Kumaran S,422956,Department of Electronics and Communication Engineering,Anurag University,363,8,10
Dr                                                                                Sachindra Shankar,423025,Department of Mechanical Engineering,Anurag University,151,8,5
Dr                                                                                Krishna D,422935,Department of Electrical and Electronics Engineering,Anurag University,86,6,10
Dr                                                                                Shiva Reddy K,423072,Department of Mathematics,Anurag University,34,4,11
Dr                                                                                Hemanth Kumar Boyina,423157,Department of Pharmacy,Anurag University,298,10,10
Dr                                                                                Pardeep Kumar,422916,Department of Artificial Intelligence,Anurag University,135,5,6
Dr                                                                                N N V Surendra Babu,422932,Department of Electrical and Electronics Engineering,Anurag University,108,5,6
Mr                                                                                Ajitha A,422946,Department of Electrical and Electronics Engineering,Anurag University,113,6,7
Dr                                                                                Renuka Gaddam,422969,Department of Electronics and Communication Engineering,Anurag University,18,2,6
Dr                                                                                Sadguna Nuli,196595,Department of Civil Engineering,Anurag University,2,1,3
Dr                                                                                Dibya Lochan Mohanty,390630,Department of Pharmacy,Anurag University,48,4,8
Dr                                                                                Sridevi M,422909,Department of Data Science,Anurag University,45,4,5
Dr                                                                                Rajesh Thumma,422961,Department of Electronics and Communication Engineering,Anurag University,36,4,7
Dr                                                                                Poli Lokeshwara  Reddy,422970,Department of Electronics and Communication Engineering,Anurag University,7,2,3
Mr                                                                                Vinay Kumar V,422972,Department of Electronics and Communication Engineering,Anurag University,11,2,7
Dr                                                                                Pratikanta Mishra,422934,Department of Electrical and Electronics Engineering,Anurag University,43,3,5
Dr                                                                                Narayana M,422957,Department of Electronics and Communication Engineering,Anurag University,20,2,7
Dr                                                                                Raghu Indrakanti,422965,Department of Electronics and Communication Engineering,Anurag University,56,5,3
Dr                                                                                Ramakrishna P,422967,Department of Electronics and Communication Engineering,Anurag University,138,4,6
Dr                                                                                Prasanth Rao A,422999,Department of Information Technology,Anurag University,28,2,3
Dr                                                                                Pratibha D,423028,Department of Mechanical Engineering,Anurag University,50,5,8
Dr                                                                                Ranjith Kumar G,423075,Department of Mathematics,Anurag University,18,2,8
Dr                                                                                Anil Kumar M,423078,Department of Mathematics,Anurag University,307,7,8
Mrs                                                                                Banu Marka,260738,Department of English,Anurag University,N/A,N/A,N/A
Dr                                                                                Narender B,422840,Department of Civil Engineering,Anurag University,31,3,9
Dr                                                                                Trupthi M,422917,Department of Artificial Intelligence,Anurag University,137,5,2
Dr                                                                                Venugopal Reddy K,423086,Department of Mathematics,Anurag University,299,8,8
Dr                                                                                Sireesha Dodda,423151,Department of Pharmacy,Anurag University,5,1,9
Dr                                                                                Biksham V,422910,Department of Data Science,Anurag University,14,2,4
Dr                                                                                Manoj Kumar Chaudhuri,422964,Department of Electronics and Communication Engineering,Anurag University,20,2,3
Dr                                                                                Saritha P,423024,Department of Mechanical Engineering,Anurag University,11,2,6
Dr                                                                                Baba Shankar Rao Garige,423155,Department of Pharmacy,Anurag University,21,3,8
Mr                                                                                Rajendra Kumar Jadi,423167,Department of Pharmacy,Anurag University,47,4,8
Dr                                                                                Purnachander Bitla,242577,Department of Mathematics,Anurag University,45,3,7
Mr                                                                                Sadanandam K,254253,Department of Computer Science and Engineering,Anurag University,N/A,N/A,N/A
Dr                                                                                Venkat Rao Gummadi,422838,Department of Civil Engineering,Anurag University,18,2,7
Dr                                                                                Shailaja K,422866,Department of Computer Science and Engineering,Anurag University,38,3,4
Mrs                                                                                Madhavi M,422919,Department of Artificial Intelligence,Anurag University,14,2,2
Dr                                                                                Nagaraju Mandadi P,422930,Department of Electrical and Electronics Engineering,Anurag University,134,5,2
Dr                                                                                Srinivas E,422963,Department of Electronics and Communication Engineering,Anurag University,5,1,7
Mr                                                                                Anand Babu G L,423004,Department of Information Technology,Anurag University,13,2,7
Mr                                                                                Sriram A,423007,Department of Information Technology,Anurag University,21,2,4
Mrs                                                                                Niteesha Sharma,423008,Department of Information Technology,Anurag University,11,2,4
Dr                                                                                Madhu S,423018,Department of Mechanical Engineering,Anurag University,22,3,5
Dr                                                                                Krishnaiah T,423019,Department of Mechanical Engineering,Anurag University,11,2,7
Dr                                                                                Madan Mohan Reddy N,423021,Department of Mechanical Engineering,Anurag University,50,4,4
Dr                                                                                Akiful Haque,423158,Department of Pharmacy,Anurag University,29,3,6
Dr                                                                                Mahendar Goli,272158,Department of Business Administration,Anurag University,6,2,6
Dr                                                                                Dastagiraiah C,422872,Department of Computer Science and Engineering,Anurag University,5,1,5
Mr                                                                                Ravinder Reddy B,422877,Department of Computer Science and Engineering,Anurag University,4,1,3
Dr                                                                                Manoranjan Dash,422915,Department of Artificial Intelligence,Anurag University,150,5,6
Mr                                                                                Kumar Neeraj,422978,Department of Electronics and Communication Engineering,Anurag University,7,2,5
Dr                                                                                Mahendar G,423058,Department of Business Administration,Anurag University,8,2,5
Mr                                                                                Madhu M,423106,Department of Physics,Anurag University,31,4,5
Dr                                                                                Kishore Ramineni,423115,Department of Chemistry,Anurag University,11,2,6
Dr                                                                                Krishna Prasad Devarakonda,423154,Department of Pharmacy,Anurag University,42,3,2
Mr                                                                                Anil Kumar Gona,125394,Department of Electronics and Communication Engineering,Anurag University,15,2,4
Dr                                                                                Balaraju J,422869,Department of Computer Science and Engineering,Anurag University,16,2,3
Mr                                                                                Yaseen M D,422940,Department of Electrical and Electronics Engineering,Anurag University,25,2,4
Dr                                                                                Santhosh M,422959,Department of Electronics and Communication Engineering,Anurag University,17,2,2
Dr                                                                                Pavitra B,422971,Department of Electronics and Communication Engineering,Anurag University,3,1,3
Mr                                                                                Sharath Babu N,422992,Department of Electronics and Communication Engineering,Anurag University,1,1,3
Mr                                                                                Sekhar Reddy G,423006,Department of Information Technology,Anurag University,15,3,4
Dr                                                                                Jush Kumar S,423027,Department of Mechanical Engineering,Anurag University,2,1,4
Mr                                                                                Harish Mugutkar,423034,Department of Mechanical Engineering,Anurag University,5,1,3
Ms                                                                                Sravanthi C,423036,Department of Mechanical Engineering,Anurag University,5,1,4
Dr                                                                                Manohar D,423080,Department of Mathematics,Anurag University,13,2,3
Dr                                                                                Venkateshwarlu K,423081,Department of Mathematics,Anurag University,20,3,5
Dr                                                                                Srinivasa Reddy M,423100,Department of Physics,Anurag University,6,2,4
Mr                                                                                Raghupathi P,423107,Department of Physics,Anurag University,21,3,5
Dr                                                                                Padmanabha Rao Amarachinta,423156,Department of Pharmacy,Anurag University,35,2,4
Mrs                                                                                Himabindu Peddapalli,423172,Department of Pharmacy,Anurag University,23,3,4
Dr                                                                                Sridhar Maddi,172074,Department of English,Anurag University,N/A,N/A,N/A
