Name,Vidwan ID,Department,College,Total Citations,H Index,Journal Articles
Prof                                                                                Sumeet Gupta,52549,Information Technology and Systems,"Indian Institute of Management, Raipur",3335,26,131
Dr                                                                                Sanjeev Prashar,56445,Marketing,"Indian Institute of Management, Raipur",676,15,65
Dr                                                                                Rabin K. Jana,103284,,"Indian Institute of Management, Raipur",1213,17,51
Dr                                                                                Manojit Chattopadhyay,61425,Information Technology and Systems,"Indian Institute of Management, Raipur",488,13,45
Dr                                                                                Mohit Goswami,103286,Operations and Quantitative Methods,"Indian Institute of Management, Raipur",809,13,43
Dr                                                                                Vinita Sahay,56444,Marketing,"Indian Institute of Management, Raipur",350,8,37
Dr                                                                                Yogesh Chauhan,103276,Finance and Accounts,"Indian Institute of Management, Raipur",323,10,31
Dr                                                                                Dhananjay Bapat,103282,Marketing,"Indian Institute of Management, Raipur",206,9,22
Dr                                                                                M Kannadhasan,56441,Finance and Accounts,"Indian Institute of Management, Raipur",143,5,27
Dr                                                                                Parikshit Charan,103287,Operations and Quantitative Methods,"Indian Institute of Management, Raipur",546,12,22
Dr                                                                                Satyasiba Das,61423,Business Policy and Strategy,"Indian Institute of Management, Raipur",61,5,13
Dr                                                                                Jagrook Dawra,56446,Marketing,"Indian Institute of Management, Raipur",129,6,14
Dr                                                                                Vinay Goyal,61424,Finance and Accounts,"Indian Institute of Management, Raipur",109,5,12
Dr                                                                                Pradyumna Dash,56439,Economic Environment and General Management,"Indian Institute of Management, Raipur",77,4,11
Pranith Kumar Roy,340207,Other,"Indian Institute of Management, Raipur",78,6,11
Dr                                                                                Archana Parashar,61426,Business Policy and Strategy,"Indian Institute of Management, Raipur",5,1,6
Dr                                                                                Anubha Dadhich,103278,Human Resource Management and Organizational Behaviour,"Indian Institute of Management, Raipur",5,1,1
Dr                                                                                Samar Singh,103273,Business Policy and Strategy,"Indian Institute of Management, Raipur",N/A,N/A,N/A
Ms                                                                                Ankita Chhabra,103274,Business Policy and Strategy,"Indian Institute of Management, Raipur",N/A,N/A,N/A
Dr                                                                                Rashmi Shukla,103275,Economic Environment and General Management,"Indian Institute of Management, Raipur",N/A,N/A,N/A
Dr                                                                                Pankaj Singh,103277,Human Resource Management and Organizational Behaviour,"Indian Institute of Management, Raipur",N/A,N/A,N/A
Dr                                                                                Sourya Joyee De,103280,Information Technology and Systems,"Indian Institute of Management, Raipur",N/A,N/A,N/A
Dr                                                                                C.K Swain,103281,Library,"Indian Institute of Management, Raipur",N/A,N/A,N/A
Dr                                                                                Gopal Kumar,103285,Operations and Quantitative Methods,"Indian Institute of Management, Raipur",N/A,N/A,N/A
