Name,Vidwan ID,Department,College,Total Citations,H Index,Journal Articles
Prof                                                                                Sanjay K  Jain,120024,Department of Pharmaceutical Sciences,Dr Harisingh Gour Vishwavidyalaya,9107,50,251
Prof                                                                                Mohammed Latif Khan,49028,Department of Botany,Dr Harisingh Gour Vishwavidyalaya,3429,32,280
Prof                                                                                Diwakar Shukla,120014,Department of Mathematics and Statistics,Dr Harisingh Gour Vishwavidyalaya,79,6,166
Dr.                                                                                Ajeet  Jaiswal,65564,Department of Anthropology,Dr Harisingh Gour Vishwavidyalaya,3,1,121
Dr                                                                                Prakash   S.   Kamble,100632,Department of Economics,Dr Harisingh Gour Vishwavidyalaya,N/A,N/A,91
Prof                                                                                Harel  Thomas,134375,Department of Applied Geology,Dr Harisingh Gour Vishwavidyalaya,3,1,42
Dr                                                                                Sushil Kumar Kashaw,119995,Department of Pharmaceutical Sciences,Dr Harisingh Gour Vishwavidyalaya,3719,26,78
Prof                                                                                Naveen Kango,126267,Department of Microbiology,Dr Harisingh Gour Vishwavidyalaya,996,19,57
Dr                                                                                Devasish  Bose,126655,Department of Criminology and Forensic Science,Dr Harisingh Gour Vishwavidyalaya,807,15,70
Prof                                                                                Diwakar Singh  Rajput,120042,Department of Sociology and Social Work,Dr Harisingh Gour Vishwavidyalaya,N/A,N/A,10
Prof                                                                                Asmita Gajbhiye,120022,Department of Pharmaceutical Sciences,Dr Harisingh Gour Vishwavidyalaya,218,7,57
Prof                                                                                Anupam  Sharma,138306,Department of Political Science and Public Administration,Dr Harisingh Gour Vishwavidyalaya,N/A,N/A,39
Prof                                                                                Subodh K Jain,119999,Department of Zoology,Dr Harisingh Gour Vishwavidyalaya,703,16,24
Prof                                                                                Pradeep Kumar Kathal,22323,Department of Applied Geology,Dr Harisingh Gour Vishwavidyalaya,45,4,39
Dr                                                                                Anand Prakash  Mishra,126732,Department of Chemistry,Dr Harisingh Gour Vishwavidyalaya,625,15,53
Prof                                                                                Ambika Datta  Sharma,137300,Department of Philosophy,Dr Harisingh Gour Vishwavidyalaya,N/A,N/A,33
Dr                                                                                Mukesh Kumar Kanwar,370012,Department of Environmental Sciences,Dr Harisingh Gour Vishwavidyalaya,1827,23,30
Dr                                                                                Payal  Mahobiya,128100,Department of Zoology,Dr Harisingh Gour Vishwavidyalaya,3,1,29
Dr                                                                                Pankaj Singh,85495,Department of History,Dr Harisingh Gour Vishwavidyalaya,7,N/A,27
Dr                                                                                Rashmi  Singh,133476,Department of English and European Languages,Dr Harisingh Gour Vishwavidyalaya,N/A,N/A,32
Dr                                                                                Bhavatosh Indra Guru,139826,Department of English and European Languages,Dr Harisingh Gour Vishwavidyalaya,N/A,N/A,25
Prof                                                                                Shree Bhagwat,133850,Department of Business Management,Dr Harisingh Gour Vishwavidyalaya,9,1,33
Dr                                                                                Satyam Verma,293207,Department of Environmental Sciences,Dr Harisingh Gour Vishwavidyalaya,192,9,25
Dr                                                                                Uttam Khedlekar,43974,Department of Mathematics and Statistics,Dr Harisingh Gour Vishwavidyalaya,74,6,30
Dr                                                                                Abhishek Bansal,48589,Department of Computer Science and Applications,Dr Harisingh Gour Vishwavidyalaya,117,7,24
Prof                                                                                Girish Mohan Dubey,132236,Department of Economics,Dr Harisingh Gour Vishwavidyalaya,N/A,N/A,12
Dr                                                                                Rekha Garg Solanki,120032,Department of Physics,Dr Harisingh Gour Vishwavidyalaya,80,4,18
Dr                                                                                Yogesh  Bhargava,98168,Department of Microbiology,Dr Harisingh Gour Vishwavidyalaya,521,12,21
Dr                                                                                Amit  Kumar,370018,Department of Environmental Sciences,Dr Harisingh Gour Vishwavidyalaya,690,13,21
Dr                                                                                Ayush Gupta,377984,Department of Vedic Studies,Dr Harisingh Gour Vishwavidyalaya,N/A,N/A,8
Dr                                                                                Dharmendra Kumar Sarraf,536687,Department of Education,Dr Harisingh Gour Vishwavidyalaya,N/A,N/A,15
Dr                                                                                Anil Tewari,140031,Department of Philosophy,Dr Harisingh Gour Vishwavidyalaya,N/A,N/A,8
Dr                                                                                Shatrughan Prasad,378972,Centre for Studies on Indigenous Knowledge,Dr Harisingh Gour Vishwavidyalaya,N/A,N/A,7
Dr                                                                                Anand Prakash Tripathi,133680,Department of Hindi,Dr Harisingh Gour Vishwavidyalaya,N/A,N/A,N/A
Dr                                                                                Krishna Kumar Raj,132460,Department of Chemistry,Dr Harisingh Gour Vishwavidyalaya,14,2,4
Ms                                                                                Shivani Khare,377985,Department of Vedic Studies,Dr Harisingh Gour Vishwavidyalaya,N/A,N/A,2
Dr                                                                                Kali Nath Jha,120044,Department of Sociology and Social Work,Dr Harisingh Gour Vishwavidyalaya,N/A,N/A,N/A
Dr                                                                                Sweta  Sharma,377235,Department of Environmental Sciences,Dr Harisingh Gour Vishwavidyalaya,1,1,2
Dr                                                                                Athokpam Krishnakanta Singh,451265,Department of Applied Geology,Dr Harisingh Gour Vishwavidyalaya,N/A,N/A,2
Dr                                                                                Sandhya Patel,139888,Department of Physics,Dr Harisingh Gour Vishwavidyalaya,3,1,1
Dr                                                                                Vivek Prakash Malviya,445208,Department of Applied Geology,Dr Harisingh Gour Vishwavidyalaya,N/A,N/A,1
Dr                                                                                Ritu Yadav,126632,Department of Chemistry,Dr Harisingh Gour Vishwavidyalaya,N/A,N/A,N/A
Dr                                                                                Keshav  Tekam,132180,Department of Economics,Dr Harisingh Gour Vishwavidyalaya,N/A,N/A,N/A
Dr                                                                                Utasav  Anand,132283,Department of Economics,Dr Harisingh Gour Vishwavidyalaya,N/A,N/A,N/A
Dr                                                                                Amit Jugnu  Biswas,132474,Department of Botany,Dr Harisingh Gour Vishwavidyalaya,N/A,N/A,N/A
Dr                                                                                Y S Thakur,132779,Department of Business Management,Dr Harisingh Gour Vishwavidyalaya,N/A,N/A,N/A
Dr                                                                                Rajendra  Yadav,136017,Department of Hindi,Dr Harisingh Gour Vishwavidyalaya,N/A,N/A,N/A
Dr                                                                                Megha  Das,138283,Department of Education,Dr Harisingh Gour Vishwavidyalaya,N/A,N/A,N/A
Dr                                                                                Rajnish Agrahari,257031,Department of Education,Dr Harisingh Gour Vishwavidyalaya,N/A,N/A,N/A
Dr                                                                                Sanjiv Saraf,321926,Jawaharlal Nehru Library,Dr Harisingh Gour Vishwavidyalaya,N/A,N/A,N/A
Dr                                                                                Anupi Samaiya,379141,Department of Education,Dr Harisingh Gour Vishwavidyalaya,N/A,N/A,N/A
Dr                                                                                Sawan  Kumari,379159,Department of Education,Dr Harisingh Gour Vishwavidyalaya,N/A,N/A,N/A
Dr                                                                                Chintan Verma,379170,Department of Education,Dr Harisingh Gour Vishwavidyalaya,N/A,N/A,N/A
Dr                                                                                Pushpita Rajawat,379185,Department of Education,Dr Harisingh Gour Vishwavidyalaya,N/A,N/A,N/A
Dr                                                                                Naveen  Singh,379859,Department of Education,Dr Harisingh Gour Vishwavidyalaya,N/A,N/A,N/A
Prof                                                                                Manvinder Singh Pahwa,452083,Department of Commerce,Dr Harisingh Gour Vishwavidyalaya,N/A,N/A,N/A
Dr                                                                                Mohan T A,489005,Jawaharlal Nehru Library,Dr Harisingh Gour Vishwavidyalaya,N/A,N/A,N/A
Dr                                                                                Veerandra Singh Matsaniya,490850,Department of Economics,Dr Harisingh Gour Vishwavidyalaya,N/A,N/A,N/A
Dr                                                                                Netra Pal  Singh,516093,Department of Chemistry,Dr Harisingh Gour Vishwavidyalaya,N/A,N/A,N/A
Dr                                                                                Vinod Kumar  Bhardwaj,519265,Department of General and Applied Geography,Dr Harisingh Gour Vishwavidyalaya,N/A,N/A,N/A
Prof                                                                                Anil Kumar  Jain,526847,Department of Education,Dr Harisingh Gour Vishwavidyalaya,N/A,N/A,N/A
Dr                                                                                Balwant Singh  Bhadoria,527384,Department of Fine Arts and Performing Arts,Dr Harisingh Gour Vishwavidyalaya,N/A,N/A,N/A
Dr                                                                                R Venkatamuni Reddy,531942,Department of Economics,Dr Harisingh Gour Vishwavidyalaya,N/A,N/A,N/A
Dr                                                                                VIVEK B SATHE,536250,Department of Physical Education,Dr Harisingh Gour Vishwavidyalaya,N/A,N/A,N/A
