Name,Vidwan ID,Department,College,Total Citations,H Index,Journal Articles
Prof                                                                                Sukumar Nandi,128269,Department of Computer Science and Engineering,Indian Institute of Technology Guwahati,4313,29,112
Prof                                                                                Bimlesh Kumar,120567,Department of Civil Engineering,Indian Institute of Technology Guwahati,2023,21,255
Prof                                                                                Rajiv Tiwari,29277,Department of Mechanical Engineering,Indian Institute of Technology Guwahati,3757,34,149
Prof                                                                                Ajay Kalamdhad,60666,Department of Civil Engineering,Indian Institute of Technology Guwahati,4926,38,219
Prof                                                                                Bishnupada Mandal,128189,Department of Chemical Engineering,Indian Institute of Technology Guwahati,3246,32,102
Prof                                                                                Kannan Pakshirajan,60726,Department of Biosciences and Bioengineering,Indian Institute of Technology Guwahati,5734,45,187
Prof                                                                                Vijayanand S. Moholkar,60402,Department of Chemical Engineering,Indian Institute of Technology Guwahati,7633,50,177
Prof                                                                                Samarendra Dandapat,4413,Department of Electronics and Electrical Engineering,Indian Institute of Technology Guwahati,2457,23,86
Prof                                                                                Uday S. Dixit,4318,Department of Mechanical Engineering,Indian Institute of Technology Guwahati,3258,29,125
Prof                                                                                Ratnajit Bhattacharjee,128315,Department of Electronics and Electrical Engineering,Indian Institute of Technology Guwahati,1040,15,71
Prof                                                                                Ujjwal K Saha,4434,Department of Mechanical Engineering,Indian Institute of Technology Guwahati,4512,34,110
Prof                                                                                Biman B Mandal,128160,Department of Biosciences and Bioengineering,Indian Institute of Technology Guwahati,7938,51,159
Prof                                                                                Arup Kumar Sarma,4705,Department of Civil Engineering,Indian Institute of Technology Guwahati,672,13,88
Prof                                                                                Arun Chattopadhyay,55304,Department of Chemistry,Indian Institute of Technology Guwahati,7488,46,183
Prof                                                                                G. Pugazhenthi,128176,Department of Chemical Engineering,Indian Institute of Technology Guwahati,4168,37,156
Dr                                                                                Lalit Mohan Pandey,128162,Department of Biosciences and Bioengineering,Indian Institute of Technology Guwahati,3231,34,119
Prof                                                                                Pinakeswar Mahanta,4439,Department of Mechanical Engineering,Indian Institute of Technology Guwahati,3832,32,106
Prof                                                                                Sreedeep S.,128239,Department of Civil Engineering,Indian Institute of Technology Guwahati,2008,25,132
Prof                                                                                Rakhesh Singh Kshetrimayum,104304,Department of Electronics and Electrical Engineering,Indian Institute of Technology Guwahati,1550,19,74
Prof                                                                                Vaibhav V. Goud,128166,Department of Chemical Engineering,Indian Institute of Technology Guwahati,7452,40,136
Dr                                                                                Gautam K. Das,128399,Department of Mathematics,Indian Institute of Technology Guwahati,960,16,93
Prof                                                                                Tamal Banerjee,60448,Department of Chemical Engineering,Indian Institute of Technology Guwahati,3956,35,148
Dr                                                                                Pranab Kumar Mondal,128425,Department of Mechanical Engineering,Indian Institute of Technology Guwahati,1870,25,136
Prof                                                                                Dipankar Bandyopadhyay,128193,Department of Chemical Engineering,Indian Institute of Technology Guwahati,2050,25,138
Dr                                                                                Gaurav Trivedi,128317,Department of Electronics and Electrical Engineering,Indian Institute of Technology Guwahati,565,11,47
Prof                                                                                Praveen Kumar,128312,Department of Electronics and Electrical Engineering,Indian Institute of Technology Guwahati,3024,22,60
Prof                                                                                Pankaj Biswas,128439,Department of Mechanical Engineering,Indian Institute of Technology Guwahati,994,18,95
Prof                                                                                Niranjan Sahoo,128417,Department of Mechanical Engineering,Indian Institute of Technology Guwahati,2372,24,102
Prof                                                                                Rohit Sinha,60531,Department of Electronics and Electrical Engineering,Indian Institute of Technology Guwahati,1230,19,39
Dr                                                                                Selvaraju  Narayanasamy,128157,Department of Biosciences and Bioengineering,Indian Institute of Technology Guwahati,2277,27,83
Prof                                                                                Ganesh R. Narayanan,128410,Department of Mechanical Engineering,Indian Institute of Technology Guwahati,1173,18,101
Prof                                                                                Sudip Talukdar,4588,Department of Civil Engineering,Indian Institute of Technology Guwahati,1056,18,85
Prof                                                                                Ramgopal V. S. Uppaluri,128186,Department of Chemical Engineering,Indian Institute of Technology Guwahati,3334,34,123
Prof                                                                                Hemangee K. Kapoor,128267,Department of Computer Science and Engineering,Indian Institute of Technology Guwahati,410,10,36
Prof                                                                                Vinayak Kulkarni,128427,Department of Mechanical Engineering,Indian Institute of Technology Guwahati,1172,19,89
Dr                                                                                Sisir Kumar Nayak,128322,Department of Electronics and Electrical Engineering,Indian Institute of Technology Guwahati,799,15,49
Prof                                                                                S. Kanagaraj,128431,Department of Mechanical Engineering,Indian Institute of Technology Guwahati,1342,20,49
Dr                                                                                Swarup Bag,128416,Department of Mechanical Engineering,Indian Institute of Technology Guwahati,1262,21,75
Dr                                                                                Debabrata Sikdar,128320,Department of Electronics and Electrical Engineering,Indian Institute of Technology Guwahati,1770,23,78
Prof                                                                                Nanda Kishore,128194,Department of Chemical Engineering,Indian Institute of Technology Guwahati,2064,19,105
Dr                                                                                Manas Das,128442,Department of Mechanical Engineering,Indian Institute of Technology Guwahati,1168,17,77
Prof                                                                                Subrata K Majumder,128177,Department of Chemical Engineering,Indian Institute of Technology Guwahati,1570,20,98
Dr                                                                                Chandan Kumar,128336,Department of Electronics and Electrical Engineering,Indian Institute of Technology Guwahati,1006,16,39
Dr                                                                                Arindam Dey,128253,Department of Civil Engineering,Indian Institute of Technology Guwahati,594,12,56
Dr                                                                                Biranchi Panda,128419,Department of Mechanical Engineering,Indian Institute of Technology Guwahati,5480,34,75
Prof                                                                                Debabrata  Chakraborty,4433,Department of Mechanical Engineering,Indian Institute of Technology Guwahati,1530,21,74
Prof                                                                                Pranab Goswami,128153,Department of Biosciences and Bioengineering,Indian Institute of Technology Guwahati,3168,31,79
Prof                                                                                Harshal B. Nemade,4418,Department of Electronics and Electrical Engineering,Indian Institute of Technology Guwahati,871,16,59
Prof                                                                                Chitralekha Mahanta,4416,Department of Electronics and Electrical Engineering,Indian Institute of Technology Guwahati,1586,20,32
Prof                                                                                Subashisa Dutta,128252,Department of Civil Engineering,Indian Institute of Technology Guwahati,984,18,67
Dr                                                                                Budhaditya Hazra,128249,Department of Civil Engineering,Indian Institute of Technology Guwahati,1389,21,73
Dr                                                                                Sanjib Ganguly,128311,Department of Electronics and Electrical Engineering,Indian Institute of Technology Guwahati,1573,21,45
Prof                                                                                Pallab Ghosh,128191,Department of Chemical Engineering,Indian Institute of Technology Guwahati,1897,26,79
Prof                                                                                Utpal Bora,128135,Department of Biosciences and Bioengineering,Indian Institute of Technology Guwahati,4399,32,72
Dr                                                                                Arijit Sur,128266,Department of Computer Science and Engineering,Indian Institute of Technology Guwahati,504,13,37
Dr                                                                                Dipankar Narayan Basu,128412,Department of Mechanical Engineering,Indian Institute of Technology Guwahati,1078,19,66
Prof                                                                                Vishal Trivedi,128144,Department of Biosciences and Bioengineering,Indian Institute of Technology Guwahati,1718,24,82
Prof                                                                                P.S. Robi,4313,Department of Mechanical Engineering,Indian Institute of Technology Guwahati,1068,17,62
Dr                                                                                Ramesh Kumar Sonkar,128316,Department of Electronics and Electrical Engineering,Indian Institute of Technology Guwahati,193,7,34
Prof                                                                                Animes Kr. Golder,128167,Department of Chemical Engineering,Indian Institute of Technology Guwahati,1936,23,82
Prof                                                                                Chandan Das,128171,Department of Chemical Engineering,Indian Institute of Technology Guwahati,1599,24,74
Prof                                                                                Partha Sarathi Mandal,128378,Department of Mathematics,Indian Institute of Technology Guwahati,463,12,39
Prof                                                                                Sukhomay Pal,128445,Department of Mechanical Engineering,Indian Institute of Technology Guwahati,1335,22,63
Dr                                                                                Rishikesh Bharti,128235,Department of Civil Engineering,Indian Institute of Technology Guwahati,212,8,30
Dr                                                                                John Jose,128280,Department of Computer Science and Engineering,Indian Institute of Technology Guwahati,374,8,22
Prof                                                                                A. Dutta,4693,Department of Civil Engineering,Indian Institute of Technology Guwahati,981,17,65
Dr                                                                                Anil Kumar Mishra,128255,Department of Civil Engineering,Indian Institute of Technology Guwahati,700,16,47
Dr                                                                                Pankaj Tiwari,128173,Department of Chemical Engineering,Indian Institute of Technology Guwahati,1656,21,51
Dr                                                                                Indrani Kar,128332,Department of Electronics and Electrical Engineering,Indian Institute of Technology Guwahati,856,14,29
Prof                                                                                Manmohan Pandey,4435,Department of Mechanical Engineering,Indian Institute of Technology Guwahati,344,10,26
Prof                                                                                Sanjukta Patra,128146,Department of Biosciences and Bioengineering,Indian Institute of Technology Guwahati,1164,21,48
Prof                                                                                Shivashankar B. Nair,4590,Department of Computer Science and Engineering,Indian Institute of Technology Guwahati,669,13,11
Dr                                                                                R. Anandalakshmi,128187,Department of Chemical Engineering,Indian Institute of Technology Guwahati,909,18,58
Prof                                                                                Sanasam Ranbir Singh,128273,Department of Computer Science and Engineering,Indian Institute of Technology Guwahati,287,9,25
Dr                                                                                Prakash Kotecha,128180,Department of Chemical Engineering,Indian Institute of Technology Guwahati,459,13,32
Dr                                                                                Abhishek Kumar,128258,Department of Civil Engineering,Indian Institute of Technology Guwahati,491,11,40
Prof                                                                                Shrikrishna Nandkishor   Joshi,128443,Department of Mechanical Engineering,Indian Institute of Technology Guwahati,1013,16,39
Prof                                                                                Pradip Kumar das,32360,Department of Computer Science and Engineering,Indian Institute of Technology Guwahati,438,11,8
Prof                                                                                Shaik Rafi Ahamed,128330,Department of Electronics and Electrical Engineering,Indian Institute of Technology Guwahati,278,9,27
Dr                                                                                S Senthilkumar,128165,Department of Biosciences and Bioengineering,Indian Institute of Technology Guwahati,811,17,56
Prof                                                                                Prabirkumar Saha,128170,Department of Chemical Engineering,Indian Institute of Technology Guwahati,1344,22,55
Prof                                                                                Tapas K Mandal,128179,Department of Chemical Engineering,Indian Institute of Technology Guwahati,956,19,62
Prof                                                                                Jatindra Kumar Deka,11916,Department of Computer Science and Engineering,Indian Institute of Technology Guwahati,398,11,11
Prof                                                                                Sajal Kanti Deb,4699,Department of Civil Engineering,Indian Institute of Technology Guwahati,691,15,48
Dr                                                                                Sushanta Karmakar,128275,Department of Computer Science and Engineering,Indian Institute of Technology Guwahati,473,10,22
Dr                                                                                Samit Bhattacharya,128282,Department of Computer Science and Engineering,Indian Institute of Technology Guwahati,289,9,22
Dr                                                                                Chandan Karfa,128272,Department of Computer Science and Engineering,Indian Institute of Technology Guwahati,368,9,21
Dr                                                                                Sajan Kapil,128428,Department of Mechanical Engineering,Indian Institute of Technology Guwahati,285,8,38
Prof                                                                                Kalita Karuna,128429,Department of Mechanical Engineering,Indian Institute of Technology Guwahati,975,16,25
Dr                                                                                Poonam Kumari,128430,Department of Mechanical Engineering,Indian Institute of Technology Guwahati,702,15,46
Dr                                                                                Shabari Nath,128323,Department of Electronics and Electrical Engineering,Indian Institute of Technology Guwahati,174,8,8
Dr                                                                                Satyajit Panda,128421,Department of Mechanical Engineering,Indian Institute of Technology Guwahati,518,13,44
Prof                                                                                Saswati Chakraborty,128251,Department of Civil Engineering,Indian Institute of Technology Guwahati,1410,17,54
Dr                                                                                Deepak Sharma,128413,Department of Mechanical Engineering,Indian Institute of Technology Guwahati,477,13,32
Prof                                                                                Laishram Boeing Singh,128250,Department of Civil Engineering,Indian Institute of Technology Guwahati,400,11,32
Prof                                                                                Vibin Ramakrishnan,128139,Department of Biosciences and Bioengineering,Indian Institute of Technology Guwahati,576,15,45
Prof                                                                                Akhilesh Kumar Maurya,128232,Department of Civil Engineering,Indian Institute of Technology Guwahati,670,15,29
Dr                                                                                Urmi Ravinra Salve,128298,Department of Design,Indian Institute of Technology Guwahati,181,9,24
Prof                                                                                S Senthilvelan,128411,Department of Mechanical Engineering,Indian Institute of Technology Guwahati,869,19,38
Dr                                                                                Nageswara Rao Peela,128183,Department of Chemical Engineering,Indian Institute of Technology Guwahati,902,18,49
Dr                                                                                Arunasis Chakraborty,128245,Department of Civil Engineering,Indian Institute of Technology Guwahati,493,13,35
Prof                                                                                Diganta Goswami,128271,Department of Computer Science and Engineering,Indian Institute of Technology Guwahati,233,8,17
Dr                                                                                Kaustubh Dasgupta,128262,Department of Civil Engineering,Indian Institute of Technology Guwahati,286,10,20
Dr                                                                                Rashmi Dutta Baruah,128276,Department of Computer Science and Engineering,Indian Institute of Technology Guwahati,372,9,5
Dr                                                                                Priyadarshi Satpati,128143,Department of Biosciences and Bioengineering,Indian Institute of Technology Guwahati,303,9,47
Prof                                                                                Ashok Kumar Dasmahapatra,128169,Department of Chemical Engineering,Indian Institute of Technology Guwahati,478,14,45
Prof                                                                                A.K. Dass,4316,Department of Mechanical Engineering,Indian Institute of Technology Guwahati,816,14,38
Dr                                                                                Amit Shelke,128248,Department of Civil Engineering,Indian Institute of Technology Guwahati,517,13,35
Dr                                                                                A. Ravindranath,128325,Department of Electronics and Electrical Engineering,Indian Institute of Technology Guwahati,739,13,12
Prof                                                                                S. V. Rao,32588,Department of Computer Science and Engineering,Indian Institute of Technology Guwahati,615,17,21
Prof                                                                                T. V. Bharat,128237,Department of Civil Engineering,Indian Institute of Technology Guwahati,281,10,27
Prof                                                                                Baleshwar Singh,4587,Department of Civil Engineering,Indian Institute of Technology Guwahati,223,8,25
Prof                                                                                Pranab K. Ghosh,128242,Department of Civil Engineering,Indian Institute of Technology Guwahati,805,16,44
Dr                                                                                Keyur Sorathia,128294,Department of Design,Indian Institute of Technology Guwahati,104,5,4
Dr                                                                                Indu Siva Ranjani G,128254,Department of Civil Engineering,Indian Institute of Technology Guwahati,808,6,26
Dr                                                                                Praveen Tripathy,128335,Department of Electronics and Electrical Engineering,Indian Institute of Technology Guwahati,457,10,16
Dr                                                                                Rishikesh Dilip Kulkarni,128340,Department of Electronics and Electrical Engineering,Indian Institute of Technology Guwahati,341,12,35
Prof                                                                                Mohammad Jawed,4698,Department of Civil Engineering,Indian Institute of Technology Guwahati,450,13,31
Dr                                                                                Raghvendra Gupta,128172,Department of Chemical Engineering,Indian Institute of Technology Guwahati,1058,14,39
Dr                                                                                Partho Sarathi Gooh Pattader,128182,Department of Chemical Engineering,Indian Institute of Technology Guwahati,499,14,43
Prof                                                                                C. Mallikarjuna,128261,Department of Civil Engineering,Indian Institute of Technology Guwahati,598,12,36
Dr                                                                                Ashish Anand,128279,Department of Computer Science and Engineering,Indian Institute of Technology Guwahati,1215,12,16
Prof                                                                                Venkata Dasu Veeranki,128138,Department of Biosciences and Bioengineering,Indian Institute of Technology Guwahati,646,16,36
Dr                                                                                Suresh Sundaram,128333,Department of Electronics and Electrical Engineering,Indian Institute of Technology Guwahati,397,10,16
Dr                                                                                Ribhu Chopra,128339,Department of Electronics and Electrical Engineering,Indian Institute of Technology Guwahati,274,9,30
Dr                                                                                Arup Nandy,128420,Department of Mechanical Engineering,Indian Institute of Technology Guwahati,161,7,24
Dr                                                                                Arnab Kumar De,128434,Department of Mechanical Engineering,Indian Institute of Technology Guwahati,764,13,38
Dr                                                                                Cota Navin Gupta,128164,Department of Biosciences and Bioengineering,Indian Institute of Technology Guwahati,786,12,16
Prof                                                                                Mahuya De,128175,Department of Chemical Engineering,Indian Institute of Technology Guwahati,688,12,36
Dr                                                                                Kannan Karthik,128314,Department of Electronics and Electrical Engineering,Indian Institute of Technology Guwahati,349,6,9
Dr                                                                                Arun Tej Mallajosyula,128319,Department of Electronics and Electrical Engineering,Indian Institute of Technology Guwahati,441,11,19
Dr                                                                                Aryabartta Sahu,128283,Department of Computer Science and Engineering,Indian Institute of Technology Guwahati,100,5,15
Dr                                                                                Hanumant Singh Shekhawat,128326,Department of Electronics and Electrical Engineering,Indian Institute of Technology Guwahati,128,4,14
Prof                                                                                Purandar Bhaduri,128268,Department of Computer Science and Engineering,Indian Institute of Technology Guwahati,197,9,17
Dr                                                                                Manas Khatua,128281,Department of Computer Science and Engineering,Indian Institute of Technology Guwahati,361,10,22
Dr                                                                                Shirisha Nagotu,128130,Department of Biosciences and Bioengineering,Indian Institute of Technology Guwahati,562,11,22
Dr                                                                                Sharmistha Banerjee,128305,Department of Design,Indian Institute of Technology Guwahati,50,3,4
Dr                                                                                Prabu Vairakannu,128190,Department of Chemical Engineering,Indian Institute of Technology Guwahati,317,11,26
Dr                                                                                Sonali Chouhan,128321,Department of Electronics and Electrical Engineering,Indian Institute of Technology Guwahati,178,6,11
Dr                                                                                Atul K Soti,128448,Department of Mechanical Engineering,Indian Institute of Technology Guwahati,425,11,15
Dr                                                                                Farrukh Khalid,288269,School of Energy Science and Engineering,Indian Institute of Technology Guwahati,653,11,27
Dr                                                                                Nitin Chaudhary,128145,Department of Biosciences and Bioengineering,Indian Institute of Technology Guwahati,327,11,28
Dr                                                                                Anil Mukund Limaye,128150,Department of Biosciences and Bioengineering,Indian Institute of Technology Guwahati,465,10,24
Dr                                                                                Sukanta Bhattacharjee,128291,Department of Computer Science and Engineering,Indian Institute of Technology Guwahati,183,8,15
Dr                                                                                Salil Kashyap,128342,Department of Electronics and Electrical Engineering,Indian Institute of Technology Guwahati,287,8,16
Dr                                                                                Prasanna Venkatesh Rajaraman,128185,Department of Chemical Engineering,Indian Institute of Technology Guwahati,217,9,24
Dr                                                                                Mahima Arrawatia,128331,Department of Electronics and Electrical Engineering,Indian Institute of Technology Guwahati,416,9,5
Prof                                                                                Gurvinder Kaur Saini,128148,Department of Biosciences and Bioengineering,Indian Institute of Technology Guwahati,157,8,25
Dr                                                                                V. Vijaya Saradhi,128277,Department of Computer Science and Engineering,Indian Institute of Technology Guwahati,144,4,10
Dr                                                                                Moumita Patra,128286,Department of Computer Science and Engineering,Indian Institute of Technology Guwahati,148,6,11
Dr                                                                                Sreeja P.,128233,Department of Civil Engineering,Indian Institute of Technology Guwahati,224,10,22
Dr                                                                                Hrishikesh Sharma,128247,Department of Civil Engineering,Indian Institute of Technology Guwahati,368,6,18
Dr                                                                                A. Rajesh,128334,Department of Electronics and Electrical Engineering,Indian Institute of Technology Guwahati,68,4,7
Dr                                                                                Dibakar Bandopadhya,128435,Department of Mechanical Engineering,Indian Institute of Technology Guwahati,169,8,19
Dr                                                                                Pinaki Mitra,128285,Department of Computer Science and Engineering,Indian Institute of Technology Guwahati,194,6,14
Prof                                                                                Arbind K. Singh,153301,Department of Civil Engineering,Indian Institute of Technology Guwahati,266,7,18
Prof                                                                                Gautam Barua,153313,Department of Civil Engineering,Indian Institute of Technology Guwahati,104,7,21
Dr                                                                                Sandip Das,128234,Department of Civil Engineering,Indian Institute of Technology Guwahati,242,8,22
Dr                                                                                Tapan Krishnakumar  Mankodi,128433,Department of Mechanical Engineering,Indian Institute of Technology Guwahati,110,7,13
Dr                                                                                Soumen Kumar Maiti,128149,Department of Biosciences and Bioengineering,Indian Institute of Technology Guwahati,284,11,20
Dr                                                                                Atanu Banerjee,128436,Department of Mechanical Engineering,Indian Institute of Technology Guwahati,251,7,17
Dr                                                                                Kusum K Singh,128152,Department of Biosciences and Bioengineering,Indian Institute of Technology Guwahati,328,9,18
Dr                                                                                Srinivasan Krishnaswamy,128328,Department of Electronics and Electrical Engineering,Indian Institute of Technology Guwahati,52,4,13
Dr                                                                                Souptick Chanda,128151,Department of Biosciences and Bioengineering,Indian Institute of Technology Guwahati,103,6,16
Dr                                                                                R. Inkulu,128278,Department of Computer Science and Engineering,Indian Institute of Technology Guwahati,182,6,9
Prof                                                                                Teiborlang L. Ryntathiang,128243,Department of Civil Engineering,Indian Institute of Technology Guwahati,65,5,16
Dr                                                                                Abhishek Shrivastava,128292,Department of Design,Indian Institute of Technology Guwahati,30,3,1
Dr                                                                                Kalpana Dhaka,128324,Department of Electronics and Electrical Engineering,Indian Institute of Technology Guwahati,86,5,9
Dr                                                                                Chayan Bhawal,128337,Department of Electronics and Electrical Engineering,Indian Institute of Technology Guwahati,31,3,7
Dr                                                                                Sudarshan Mukherjee,128344,Department of Electronics and Electrical Engineering,Indian Institute of Technology Guwahati,161,6,8
Dr                                                                                Deepanjan Kesh,128270,Department of Computer Science and Engineering,Indian Institute of Technology Guwahati,106,4,4
Dr                                                                                Prasenjit  Khanikar,128418,Department of Mechanical Engineering,Indian Institute of Technology Guwahati,103,5,14
Dr                                                                                R K Mittal,251188,Department of Mechanical Engineering,Indian Institute of Technology Guwahati,166,7,14
Dr                                                                                Abhishek Verma,267941,Department of Civil Engineering,Indian Institute of Technology Guwahati,117,6,12
Dr                                                                                Romanbabu  Oinam,110467,Department of Civil Engineering,Indian Institute of Technology Guwahati,125,7,9
Dr                                                                                Tony Jacob,128313,Department of Electronics and Electrical Engineering,Indian Institute of Technology Guwahati,78,5,4
Dr                                                                                Sparsh Johari,268266,Department of Civil Engineering,Indian Institute of Technology Guwahati,126,6,13
Dr                                                                                Smarajit Das,128329,Department of Electronics and Electrical Engineering,Indian Institute of Technology Guwahati,36,3,3
Dr                                                                                Ajay Dashora,128259,Department of Civil Engineering,Indian Institute of Technology Guwahati,87,4,8
Dr                                                                                Pankaj Upadhyay,128304,Department of Design,Indian Institute of Technology Guwahati,5,2,1
Dr                                                                                Sandeep Reddy Basireddy,128437,Department of Mechanical Engineering,Indian Institute of Technology Guwahati,31,3,6
Dr                                                                                Vivek  Padmanabha,268251,Department of Civil Engineering,Indian Institute of Technology Guwahati,81,6,8
Dr                                                                                Supradip Das,128302,Department of Design,Indian Institute of Technology Guwahati,4,1,N/A
Dr                                                                                Madhusudhana Gavara,128422,Department of Mechanical Engineering,Indian Institute of Technology Guwahati,44,5,10
Dr                                                                                Omkar S. Deshmukh,152956,Department of Chemical Engineering,Indian Institute of Technology Guwahati,377,5,9
Dr                                                                                Manoj Majhi,128296,Department of Design,Indian Institute of Technology Guwahati,2,N/A,N/A
Dr                                                                                Udaya Kumar,128299,Department of Design,Indian Institute of Technology Guwahati,10,1,3
Dr                                                                                Amit Kumar,128195,Department of Chemical Engineering,Indian Institute of Technology Guwahati,188,6,6
Dr                                                                                Sayantan Chakraborty,268638,Department of Civil Engineering,Indian Institute of Technology Guwahati,26,3,4
Dr                                                                                Anjan Kumar S,128260,Department of Civil Engineering,Indian Institute of Technology Guwahati,97,4,4
Dr                                                                                Nipjyoti Bharadwaj,271436,Department of Civil Engineering,Indian Institute of Technology Guwahati,18,2,5
Dr                                                                                Benny George K,128290,Department of Computer Science and Engineering,Indian Institute of Technology Guwahati,2,1,1
Dr                                                                                Abhishek Singh,128303,Department of Design,Indian Institute of Technology Guwahati,17,2,1
Dr                                                                                Bhaskar Kumar,128438,Department of Mechanical Engineering,Indian Institute of Technology Guwahati,37,2,2
Dr                                                                                Senthilmurugan S,128192,Department of Chemical Engineering,Indian Institute of Technology Guwahati,3,1,N/A
Dr                                                                                Sheetal M. Gokhale,128306,Department of Design,Indian Institute of Technology Guwahati,N/A,N/A,N/A
Dr                                                                                Mriganka Madhukailya,128308,Department of Design,Indian Institute of Technology Guwahati,N/A,N/A,N/A
Dr                                                                                Shareka Iqbal,128309,Department of Design,Indian Institute of Technology Guwahati,N/A,N/A,N/A
Prof                                                                                Utpal Barua,128310,Department of Design,Indian Institute of Technology Guwahati,N/A,N/A,N/A
