Name,Vidwan ID,Department,College,Total Citations,H Index,Journal Articles
Dr                                                                                Amit Shankar,123838,Marketing,"Indian Institute of Management, Visakhapatnam",938,17,41
Prof                                                                                Raja Sekhara Sarma Pappu,212632,Production and Operations Management,"Indian Institute of Management, Visakhapatnam",401,10,15
Dr                                                                                Vishal Singh Patyal,212633,Decision Sciences,"Indian Institute of Management, Visakhapatnam",280,10,17
Prof                                                                                Saroj Kumar Pani,212631,Entrepreneurship,"Indian Institute of Management, Visakhapatnam",102,2,9
Prof                                                                                Aalok Kumar,212637,Production and Operations Management,"Indian Institute of Management, Visakhapatnam",445,10,14
Dr                                                                                Vinay  Ramani,123832,Economics,"Indian Institute of Management, Visakhapatnam",101,5,15
Dr                                                                                Bishakha Majumdar,123840,Organizational Behavior and Human Resource Management,"Indian Institute of Management, Visakhapatnam",43,4,6
Dr                                                                                Amit B Chakrabarti,123825,Strategy,"Indian Institute of Management, Visakhapatnam",43,4,10
Dr                                                                                Mohammad Shameem Jawed,123833,Finance and Accounting,"Indian Institute of Management, Visakhapatnam",70,4,8
Dr                                                                                B Srirangacharyulu,56520,Production and Operations Management,"Indian Institute of Management, Visakhapatnam",230,6,7
Dr                                                                                Neena  Pandey,123830,Decision Sciences and Information Systems,"Indian Institute of Management, Visakhapatnam",372,1,3
Dr                                                                                Shivshanker Singh Patel,123827,Decision Sciences and Information Systems,"Indian Institute of Management, Visakhapatnam",32,1,7
Dr                                                                                M V Anuradha,123842,Organizational Behavior and Human Resource Management,"Indian Institute of Management, Visakhapatnam",12,2,6
Dr                                                                                Prince Doliya,123835,Finance and Accounting,"Indian Institute of Management, Visakhapatnam",11,3,5
Dr                                                                                Vivek  Madupu,123839,Marketing,"Indian Institute of Management, Visakhapatnam",296,5,5
Dr                                                                                Chandreie Mukherjee,123836,Management Communication,"Indian Institute of Management, Visakhapatnam",N/A,N/A,4
Dr                                                                                Anupama Sharma,123841,Organizational Behavior and Human Resource Management,"Indian Institute of Management, Visakhapatnam",13,1,4
Prof                                                                                Balaji Subramanian,212639,Organizational Behavior and Human Resource Management,"Indian Institute of Management, Visakhapatnam",197,3,4
Dr                                                                                Deepika Gupta,123826,Strategy,"Indian Institute of Management, Visakhapatnam",26,2,3
Dr                                                                                Kaveri  Krishnan,123834,Finance and Accounting,"Indian Institute of Management, Visakhapatnam",3,1,3
Dr                                                                                Kalyan  Kolukuluri,123831,Economics,"Indian Institute of Management, Visakhapatnam",N/A,N/A,2
Prof                                                                                Ankit Kumar,212643,Economics,"Indian Institute of Management, Visakhapatnam",7,2,2
Dr                                                                                Milan  Kumar,123843,Production and Operations Management,"Indian Institute of Management, Visakhapatnam",84,1,1
Prof                                                                                Sunitha Tumkur,212635,Management Communication,"Indian Institute of Management, Visakhapatnam",N/A,N/A,1
Dr                                                                                M Chandrasekhar,123844,Public Policy,"Indian Institute of Management, Visakhapatnam",N/A,N/A,N/A
Prof                                                                                Srinivas Josyula,212634,Decision Sciences and Information Systems,"Indian Institute of Management, Visakhapatnam",N/A,N/A,N/A
Dr                                                                                Shalini Agnihotri,221822,Finance and Accounting,"Indian Institute of Management, Visakhapatnam",N/A,N/A,N/A
