Name,Vidwan ID,Department,College,Total Citations,H Index,Journal Articles
Dr                                                                                Arnab  Kumar Maji,123199,Department of Information Technology,North-Eastern Hill University,845,15,86
Prof                                                                                Asit K Chandra,123128,Department of Chemistry,North-Eastern Hill University,3922,36,159
Prof                                                                                K Mohan Rao,57578,Department of Chemistry,North-Eastern Hill University,201,9,161
Prof                                                                                T S Basu Baul,57579,Department of Chemistry,North-Eastern Hill University,2194,26,143
Prof                                                                                Timir Tripathi,125512,,North-Eastern Hill University,1819,23,84
Prof                                                                                S R Joshi,57576,Department of Biotechnology and Bioinformatics,North-Eastern Hill University,1430,21,101
Dr                                                                                Sudip Paul,123112,Department of Biomedical Engineering,North-Eastern Hill University,287,8,49
Prof                                                                                S Mitra,57596,Department of Chemistry,North-Eastern Hill University,1843,23,97
Prof                                                                                Suman Kumaria,61808,Department of Botany,North-Eastern Hill University,1256,20,88
Prof                                                                                Nirmalendu Saha,161573,Department of Zoology,North-Eastern Hill University,1576,23,85
