Name,Vidwan ID,Department,College,Total Citations,H Index,Journal Articles
Dr                                                                                Dilip Kumar Choubey,215068,Department of Computer Science and Engineering,"Indian Institute of Information Technology, Bhagalpur",283,11,25
Dr                                                                                Chandan Kumar Jha,215075,Department of Electronics and Communication Engineering,"Indian Institute of Information Technology, Bhagalpur",228,9,18
Dr                                                                                Suraj,215074,Department of Electronics and Communication Engineering,"Indian Institute of Information Technology, Bhagalpur",58,4,6
Dr                                                                                Sandeep Raj,215073,Department of Electronics and Communication Engineering,"Indian Institute of Information Technology, Bhagalpur",485,12,10
Dr                                                                                Prakash Ranjan,215071,Department of Electronics and Communication Engineering,"Indian Institute of Information Technology, Bhagalpur",144,7,14
Dr                                                                                Gaurav Kumar,215078,Department of Mechatronics Engineering,"Indian Institute of Information Technology, Bhagalpur",44,4,5
Dr                                                                                Purnendu Kumar Mandal,215079,Department of Mechatronics Engineering,"Indian Institute of Information Technology, Bhagalpur",50,3,8
Dr                                                                                Dhrubajyoti Bhattacharya,215076,Department of Electronics and Communication Engineering,"Indian Institute of Information Technology, Bhagalpur",25,3,6
Dr                                                                                Tameshwer Nath,215080,Department of Mechatronics Engineering,"Indian Institute of Information Technology, Bhagalpur",164,5,7
Dr                                                                                Abhinav Gautam,215077,Department of Mechatronics Engineering,"Indian Institute of Information Technology, Bhagalpur",18,3,5
Dr                                                                                Dheeraj Kumar Sinha,215070,Department of Electronics and Communication Engineering,"Indian Institute of Information Technology, Bhagalpur",24,2,3
Dr                                                                                Rupam Bhattacharyya,215065,Department of Computer Science and Engineering,"Indian Institute of Information Technology, Bhagalpur",15,3,2
Dr                                                                                Thejaswini M,215066,Department of Computer Science and Engineering,"Indian Institute of Information Technology, Bhagalpur",N/A,N/A,N/A
Dr                                                                                Babul Prasad Tewari,215067,Department of Computer Science and Engineering,"Indian Institute of Information Technology, Bhagalpur",N/A,N/A,N/A
Dr                                                                                Sanjay Kumar,215072,Department of Electronics and Communication Engineering,"Indian Institute of Information Technology, Bhagalpur",N/A,N/A,N/A
