Name,Vidwan ID,Department,College,Total Citations,H Index,Journal Articles
Prof                                                                                Mini Shaji Thomas,90585,Department of Electrical Engineering,Jamia Millia Islamia,688,15,61
Prof                                                                                Anwar Shahzad Siddiqui,210479,Department of Electrical Engineering,Jamia Millia Islamia,268,7,80
Prof                                                                                Mainuddin,185767,Department of Electronics and Communication Engineering,Jamia Millia Islamia,372,11,70
Prof                                                                                Arshad Noor Siddiquee,210568,Department of Mechanical Engineering,Jamia Millia Islamia,2287,27,110
Prof                                                                                Zahid Akhtar Khan,210300,,Jamia Millia Islamia,2152,22,107
Prof                                                                                Sirajuddin Ahmed,193070,Department of Environmental Science,Jamia Millia Islamia,2217,25,88
Dr                                                                                Khalid Raza,210442,,Jamia Millia Islamia,322,10,70
Dr                                                                                Abdul Quaiyum Ansari,27474,Department of Electrical Engineering,Jamia Millia Islamia,798,13,32
Prof                                                                                Mohammad Najmud Doja,59039,Department of Computer Engineering,Jamia Millia Islamia,1066,16,47
Prof                                                                                Sajad Ahmad Loan,210501,Department of Electronics and Communication Engineering,Jamia Millia Islamia,648,13,48
Prof                                                                                Majid Jamil,224506,Department of Electrical Engineering,Jamia Millia Islamia,641,13,46
Dr                                                                                Mohd Javaid,210299,Department of Mechanical Engineering,Jamia Millia Islamia,3722,28,57
Mr                                                                                Musheer Ahmad,210297,Department of Computer Engineering,Jamia Millia Islamia,1141,20,41
Prof                                                                                Tanvir Ahmad,59038,Department of Computer Engineering,Jamia Millia Islamia,367,7,36
Prof                                                                                Majid Jamil,210482,Department of Electrical Engineering,Jamia Millia Islamia,641,13,31
Prof                                                                                Zainul Abdin Jaffery,210492,Department of Electrical Engineering,Jamia Millia Islamia,620,13,27
Prof                                                                                Mansaf Alam (D/o Computer Science),286100,Computer Science,Jamia Millia Islamia,571,13,21
Dr                                                                                ABID KHAN,186091,CIVIL ENGINEERING,Jamia Millia Islamia,736,15,55
Dr                                                                                Mansaf Alam,210445,Department of Computer Science,Jamia Millia Islamia,661,14,19
Prof                                                                                Zaheeruddin,210491,Department of Electrical Engineering,Jamia Millia Islamia,397,10,27
Prof                                                                                Mirza Tariq Beg,185777,Department of Electronics and Communication Engineering,Jamia Millia Islamia,352,10,38
Prof                                                                                Ibraheem,210480,Department of Electrical Engineering,Jamia Millia Islamia,760,16,25
Prof                                                                                Muzakkir S M,129922,Department of Mechanical Engineering,Jamia Millia Islamia,344,9,52
Prof                                                                                Shakeb Ahmad Khan,210489,Department of Electrical Engineering,Jamia Millia Islamia,615,13,28
Prof                                                                                Ikbal Ali,210481,Department of Electrical Engineering,Jamia Millia Islamia,851,18,24
Dr                                                                                Abid Haleem,60408,Department of Mechanical Engineering,Jamia Millia Islamia,2594,20,36
Prof                                                                                S M K Quadri,210452,Department of Computer Science,Jamia Millia Islamia,322,10,16
Prof                                                                                Syed Afzal Murtaza Rizvi,210454,Department of Computer Science,Jamia Millia Islamia,207,7,13
Dr                                                                                Sheeraz Kirmani,210477,Department of Electrical Engineering,Jamia Millia Islamia,263,9,26
Prof                                                                                Shabana Mehfuz,210487,Department of Electrical Engineering,Jamia Millia Islamia,253,9,18
Prof                                                                                Dinesh Prasad,210499,Department of Electronics and Communication Engineering,Jamia Millia Islamia,610,14,32
Dr                                                                                Mohammad Asjad,210560,Department of Mechanical Engineering,Jamia Millia Islamia,241,9,40
Prof                                                                                Anil Kumar Sharma,210567,Department of Mechanical Engineering,Jamia Millia Islamia,465,12,35
Dr                                                                                Md Waseem Akram,210495,Department of Electronics and Communication Engineering,Jamia Millia Islamia,520,11,33
Prof                                                                                Mohammad Emran Khan,210569,Department of Mechanical Engineering,Jamia Millia Islamia,672,16,35
Prof                                                                                Kafeel Ahmad,210420,Department of Civil Engineering,Jamia Millia Islamia,1439,11,29
Dr                                                                                Mohammad Sadiq,210693,University Polytechnic,Jamia Millia Islamia,367,12,8
Dr                                                                                Sarfaraz Masood,210296,Department of Computer Engineering,Jamia Millia Islamia,244,9,16
Prof                                                                                Mehtab Alam,210422,Department of Civil Engineering,Jamia Millia Islamia,328,7,18
Dr                                                                                S Intekhab Amin,210496,Department of Electronics and Communication Engineering,Jamia Millia Islamia,438,12,30
Prof                                                                                Mohammad Sharif,210423,Department of Civil Engineering,Jamia Millia Islamia,1222,12,27
Prof                                                                                Mohammad Amjad,210441,Department of Computer Engineering,Jamia Millia Islamia,75,5,15
Prof                                                                                Monica Mehrotra,210449,Department of Computer Science,Jamia Millia Islamia,100,5,13
Prof                                                                                Suraiya Jabin,210453,Department of Computer Science,Jamia Millia Islamia,148,8,9
Prof                                                                                Neelofer Afzal,210500,Department of Electronics and Communication Engineering,Jamia Millia Islamia,59,5,16
Dr                                                                                Ahmad Faizan Sherwani,210561,Department of Mechanical Engineering,Jamia Millia Islamia,444,8,20
Dr                                                                                Khurram Mustafa,140251,Department of Computer Science,Jamia Millia Islamia,45,4,7
Prof                                                                                Nazrul Islam,210426,Department of Civil Engineering,Jamia Millia Islamia,142,7,17
Dr                                                                                Haroon Ashfaq,210478,Department of Electrical Engineering,Jamia Millia Islamia,193,8,14
Dr                                                                                Mohammad Arif,210708,University Polytechnic,Jamia Millia Islamia,517,13,22
Dr                                                                                Mohd Mudassir Husain,33471,Department of Applied Sciences and Humanities,Jamia Millia Islamia,84,6,20
Dr                                                                                Jahiruddin,210444,Department of Computer Science,Jamia Millia Islamia,181,6,7
Prof                                                                                Sabah Khan,210572,Department of Mechanical Engineering,Jamia Millia Islamia,113,6,7
Dr                                                                                Rafat Parveen,210446,Department of Computer Science,Jamia Millia Islamia,118,6,9
Dr                                                                                Arunesh Kumar Singh,210475,Department of Electrical Engineering,Jamia Millia Islamia,134,5,6
Prof                                                                                Anwar Ahmad,210498,Department of Electronics and Communication Engineering,Jamia Millia Islamia,44,3,6
Dr                                                                                Syed Zeeshan Hussain,210447,Department of Computer Science,Jamia Millia Islamia,137,7,5
Dr                                                                                Abdul Azeem,361377,Department of Electrical Engineering,Jamia Millia Islamia,70,3,13
Prof                                                                                Mohammad Nazir,210448,Department of Computer Science,Jamia Millia Islamia,41,3,1
Prof                                                                                Aas Mohammad,210565,Department of Mechanical Engineering,Jamia Millia Islamia,159,7,14
Dr                                                                                M Nizamuddin,210497,Department of Electronics and Communication Engineering,Jamia Millia Islamia,101,6,8
Dr                                                                                Akil Ahmed,210414,Department of Civil Engineering,Jamia Millia Islamia,261,9,13
Mr                                                                                Rajveer Singh,210476,Department of Electrical Engineering,Jamia Millia Islamia,281,8,12
Dr                                                                                Mukesh Singh,131543,Department of Applied Sciences and Humanities,Jamia Millia Islamia,196,5,10
Prof                                                                                Asif Husain,210416,Department of Civil Engineering,Jamia Millia Islamia,124,3,5
Dr                                                                                Saadat Ali Rizvi,210699,University Polytechnic,Jamia Millia Islamia,45,3,13
Mr                                                                                Shahzad Alam,210439,Department of Computer Engineering,Jamia Millia Islamia,92,5,3
Mr                                                                                Mohmmad Ahmad,134701,Electrical Engineering,Jamia Millia Islamia,33,4,6
Prof                                                                                Munawar Nawab Karimi,166778,Department of Mechanical Engineering,Jamia Millia Islamia,38,3,9
Dr                                                                                Sunil,210298,University Polytechnic,Jamia Millia Islamia,7,2,7
Prof                                                                                Khalid Moin,210421,Department of Civil Engineering,Jamia Millia Islamia,23,4,5
Prof                                                                                Shamshad Ahmad,210427,Department of Civil Engineering,Jamia Millia Islamia,153,5,7
Mr                                                                                Danish Raza Rizvi,210435,Department of Computer Engineering,Jamia Millia Islamia,28,3,6
Prof                                                                                Quamrul Hassan,129895,Department of Civil Engineering,Jamia Millia Islamia,52,2,5
Prof                                                                                Naved Ahsan,210425,Department of Civil Engineering,Jamia Millia Islamia,25,2,7
Prof                                                                                Tarikul Islam,210490,Department of Electrical Engineering,Jamia Millia Islamia,N/A,N/A,N/A
Prof                                                                                Abdur Rahim,210566,Department of Mechanical Engineering,Jamia Millia Islamia,23,3,8
Dr                                                                                Mohammad Umair,210410,Department of Civil Engineering,Jamia Millia Islamia,112,5,3
Mr                                                                                Mohd Zeeshan Ansari,187100,Department of Computer Engineering,Jamia Millia Islamia,38,2,1
Dr                                                                                Abrar Ahmad,210473,Department of Electrical Engineering,Jamia Millia Islamia,3,1,1
Prof                                                                                Manaullah,210483,Department of Electrical Engineering,Jamia Millia Islamia,39,4,N/A
Dr                                                                                Amber Khan,210493,Department of Electronics and Communication Engineering,Jamia Millia Islamia,2,1,5
Dr                                                                                Taran Singh Bharti,210443,Department of Computer Science,Jamia Millia Islamia,31,3,3
Dr                                                                                Tasmeem Ahmad Khan,210564,Department of Mechanical Engineering,Jamia Millia Islamia,62,4,5
Dr                                                                                Mohd Mazhar Ali Khan Khan,33312,Department of Geography,Jamia Millia Islamia,10,2,3
Dr                                                                                Syed Shakeel Afsar,210412,Department of Civil Engineering,Jamia Millia Islamia,7,2,3
Prof                                                                                Farhan Ahmad Kidwai,210418,Department of Civil Engineering,Jamia Millia Islamia,2,1,2
Prof                                                                                Mohammad Shakeel,210424,Department of Civil Engineering,Jamia Millia Islamia,15,2,3
Ms                                                                                Arshi Salamat,210689,University Polytechnic,Jamia Millia Islamia,5,2,1
Mr                                                                                Mohammad Saleem,210694,University Polytechnic,Jamia Millia Islamia,37,1,1
Mr                                                                                Zeeshan Ahmad Abbasi,210703,University Polytechnic,Jamia Millia Islamia,6,2,1
Mr                                                                                Shaheen Parveen,214483,University Polytechnic,Jamia Millia Islamia,46,1,1
Prof                                                                                Azhar Husain,210417,Department of Civil Engineering,Jamia Millia Islamia,163,2,N/A
Prof                                                                                Mohd Muzaffarul Hasan,210571,Department of Mechanical Engineering,Jamia Millia Islamia,4,1,1
Mr                                                                                Syed Shane Haider Rizvi,214488,University Polytechnic,Jamia Millia Islamia,N/A,N/A,2
Mr                                                                                Syed Mohammad Mahmood,214489,University Polytechnic,Jamia Millia Islamia,6,1,1
Prof                                                                                Mohammad SHAKEEL,186541,Civil Engineering,Jamia Millia Islamia,N/A,N/A,N/A
Dr                                                                                Lokesh Kumar,194777,Department of Mechanical Engineering,Jamia Millia Islamia,14,1,1
Mr                                                                                Mohd Izharuddin Ansari,210411,Department of Civil Engineering,Jamia Millia Islamia,N/A,N/A,N/A
Prof                                                                                Gauhar Mehmood,210419,Department of Civil Engineering,Jamia Millia Islamia,6,1,N/A
Dr                                                                                Ahteshamul Haque,210474,Department of Electrical Engineering,Jamia Millia Islamia,N/A,N/A,1
Prof                                                                                Munna Khan,210485,Department of Electrical Engineering,Jamia Millia Islamia,4,1,N/A
Prof                                                                                Zulquernain Mallick,210573,Department of Mechanical Engineering,Jamia Millia Islamia,1,1,N/A
Ms                                                                                Farah Jamal Ansari,210690,University Polytechnic,Jamia Millia Islamia,1,1,N/A
Mr                                                                                Jawed Kaleem,210691,University Polytechnic,Jamia Millia Islamia,N/A,N/A,1
Mr                                                                                Shabbir Ahmad,210700,University Polytechnic,Jamia Millia Islamia,8,1,N/A
Dr                                                                                Shahzad Ahmad,210712,University Polytechnic,Jamia Millia Islamia,38,1,N/A
Prof                                                                                Mumtaz Ahmad Khan,210717,University Polytechnic,Jamia Millia Islamia,N/A,N/A,1
Mr                                                                                Abdul Basit,214477,University Polytechnic,Jamia Millia Islamia,N/A,N/A,1
Prof                                                                                Khalid Moin,231778,Department of Civil Engineering,Jamia Millia Islamia,N/A,N/A,1
Dr                                                                                Sayed M Muddassir,129939,Department of Civil Engineering,Jamia Millia Islamia,N/A,N/A,N/A
Dr                                                                                Mohd Suhaib,186564,Department of Mechanical Engineering,Jamia Millia Islamia,N/A,N/A,N/A
Dr                                                                                Abid Ali Khan,210407,Department of Civil Engineering,Jamia Millia Islamia,N/A,N/A,N/A
Dr                                                                                Ibadur Rahman,210408,Department of Civil Engineering,Jamia Millia Islamia,N/A,N/A,N/A
Dr                                                                                Md Imteyaz Ansari,210409,Department of Civil Engineering,Jamia Millia Islamia,N/A,N/A,N/A
Ms                                                                                Zoha Jafar,210413,Department of Civil Engineering,Jamia Millia Islamia,N/A,N/A,N/A
Dr                                                                                Ziauddin Ahmad,210415,Department of Civil Engineering,Jamia Millia Islamia,N/A,N/A,N/A
Prof                                                                                Syed Mohammad Abbas,210428,Department of Civil Engineering,Jamia Millia Islamia,N/A,N/A,N/A
Mr                                                                                Faiyaz Ahmad,210436,Department of Computer Engineering,Jamia Millia Islamia,N/A,N/A,N/A
Mr                                                                                Jawahar Lal,210437,Department of Computer Engineering,Jamia Millia Islamia,N/A,N/A,N/A
Mr                                                                                Mumtaz Ahmed,210438,Department of Computer Engineering,Jamia Millia Islamia,N/A,N/A,N/A
Prof                                                                                Bashir Alam,210440,Department of Computer Engineering,Jamia Millia Islamia,N/A,N/A,N/A
Prof                                                                                Muhammad Abulaish,210450,Department of Computer Science,Jamia Millia Islamia,N/A,N/A,N/A
Prof                                                                                Rajendra Kumar,210451,Department of Computer Science,Jamia Millia Islamia,N/A,N/A,N/A
Prof                                                                                Mini Shaji Thomas,210484,Department of Electrical Engineering,Jamia Millia Islamia,N/A,N/A,N/A
Prof                                                                                Naimul Hasan,210486,Department of Electrical Engineering,Jamia Millia Islamia,N/A,N/A,N/A
Prof                                                                                Shahida Khatoon,210488,Department of Electrical Engineering,Jamia Millia Islamia,N/A,N/A,N/A
Dr                                                                                Imran Ahmed Khan,210494,Department of Electronics and Communication Engineering,Jamia Millia Islamia,N/A,N/A,N/A
Dr                                                                                Ali Hasan,210562,Department of Mechanical Engineering,Jamia Millia Islamia,N/A,N/A,N/A
Ms                                                                                Halima Begum Mohd Ali,210563,Department of Mechanical Engineering,Jamia Millia Islamia,N/A,N/A,N/A
Prof                                                                                Mohammed Suhaib,210570,Department of Mechanical Engineering,Jamia Millia Islamia,N/A,N/A,N/A
Mr                                                                                Md Mumtaz Alam,210692,University Polytechnic,Jamia Millia Islamia,N/A,N/A,N/A
Mr                                                                                Mohammad Haider Azam,210695,University Polytechnic,Jamia Millia Islamia,N/A,N/A,N/A
Mr                                                                                Naresh Kumar,210696,University Polytechnic,Jamia Millia Islamia,N/A,N/A,N/A
Mr                                                                                Reyazuddin,210698,University Polytechnic,Jamia Millia Islamia,N/A,N/A,N/A
Mrs                                                                                Shabi Fatima,210701,University Polytechnic,Jamia Millia Islamia,N/A,N/A,N/A
Mr                                                                                Waseem Ullah Khan,210702,University Polytechnic,Jamia Millia Islamia,N/A,N/A,N/A
Mr                                                                                Zillur Rehman,210704,University Polytechnic,Jamia Millia Islamia,N/A,N/A,N/A
Dr                                                                                Abdul Ahad,210705,University Polytechnic,Jamia Millia Islamia,N/A,N/A,N/A
Dr                                                                                Anisur Rehman Nasir,210706,University Polytechnic,Jamia Millia Islamia,N/A,N/A,N/A
Dr                                                                                Badshah Alam,210707,University Polytechnic,Jamia Millia Islamia,N/A,N/A,N/A
Dr                                                                                Mohammad Shoeb,210709,University Polytechnic,Jamia Millia Islamia,N/A,N/A,N/A
Mr                                                                                Mohd Shahid Akhtar,210710,University Polytechnic,Jamia Millia Islamia,N/A,N/A,N/A
Dr                                                                                Shah Alam,210711,University Polytechnic,Jamia Millia Islamia,N/A,N/A,N/A
Mr                                                                                Mohammad Arif,210713,University Polytechnic,Jamia Millia Islamia,N/A,N/A,N/A
Mr                                                                                Mohammad Rizwan Khan,210714,University Polytechnic,Jamia Millia Islamia,N/A,N/A,N/A
Prof                                                                                Mumtaz Ahmad,210715,University Polytechnic,Jamia Millia Islamia,N/A,N/A,N/A
Prof                                                                                Nasim Faruque,210718,University Polytechnic,Jamia Millia Islamia,N/A,N/A,N/A
Mr                                                                                Masroof Ahmed,214479,University Polytechnic,Jamia Millia Islamia,N/A,N/A,N/A
Mr                                                                                Abdul Hameed Siddiqui,214480,University Polytechnic,Jamia Millia Islamia,N/A,N/A,N/A
Mr                                                                                Shahmat Ali Khan,214482,University Polytechnic,Jamia Millia Islamia,N/A,N/A,N/A
Ms                                                                                Saleha Siddiqui,214487,University Polytechnic,Jamia Millia Islamia,N/A,N/A,N/A
Mr                                                                                S Aley Mahdi Hasan Zaidi,214490,University Polytechnic,Jamia Millia Islamia,N/A,N/A,N/A
Prof                                                                                Mohammed Sharif,238515,Department of Civil Engineering,Jamia Millia Islamia,N/A,N/A,N/A
Virendra Sharma,280738,Electrical,Jamia Millia Islamia,N/A,N/A,N/A
